{
    "name": "root",
    "gauges": {
        "MoveToPoint.Policy.Entropy.mean": {
            "value": 1.403937578201294,
            "min": 1.403937578201294,
            "max": 1.403937578201294,
            "count": 1
        },
        "MoveToPoint.Policy.Entropy.sum": {
            "value": 15095.13671875,
            "min": 15095.13671875,
            "max": 15095.13671875,
            "count": 1
        },
        "MoveToPoint.Environment.EpisodeLength.mean": {
            "value": 165.16666666666666,
            "min": 165.16666666666666,
            "max": 165.16666666666666,
            "count": 1
        },
        "MoveToPoint.Environment.EpisodeLength.sum": {
            "value": 4955.0,
            "min": 4955.0,
            "max": 4955.0,
            "count": 1
        },
        "MoveToPoint.Step.mean": {
            "value": 9977.0,
            "min": 9977.0,
            "max": 9977.0,
            "count": 1
        },
        "MoveToPoint.Step.sum": {
            "value": 9977.0,
            "min": 9977.0,
            "max": 9977.0,
            "count": 1
        },
        "MoveToPoint.Policy.ExtrinsicValueEstimate.mean": {
            "value": -0.3568134903907776,
            "min": -0.3568134903907776,
            "max": -0.3568134903907776,
            "count": 1
        },
        "MoveToPoint.Policy.ExtrinsicValueEstimate.sum": {
            "value": -61.015106201171875,
            "min": -61.015106201171875,
            "max": -61.015106201171875,
            "count": 1
        },
        "MoveToPoint.Environment.CumulativeReward.mean": {
            "value": -0.6666666666666666,
            "min": -0.6666666666666666,
            "max": -0.6666666666666666,
            "count": 1
        },
        "MoveToPoint.Environment.CumulativeReward.sum": {
            "value": -20.0,
            "min": -20.0,
            "max": -20.0,
            "count": 1
        },
        "MoveToPoint.Policy.ExtrinsicReward.mean": {
            "value": -0.6666666666666666,
            "min": -0.6666666666666666,
            "max": -0.6666666666666666,
            "count": 1
        },
        "MoveToPoint.Policy.ExtrinsicReward.sum": {
            "value": -20.0,
            "min": -20.0,
            "max": -20.0,
            "count": 1
        },
        "MoveToPoint.Losses.PolicyLoss.mean": {
            "value": 0.2481708548796159,
            "min": 0.2481708548796159,
            "max": 0.2481708548796159,
            "count": 1
        },
        "MoveToPoint.Losses.PolicyLoss.sum": {
            "value": 11.167688469582716,
            "min": 11.167688469582716,
            "max": 11.167688469582716,
            "count": 1
        },
        "MoveToPoint.Losses.ValueLoss.mean": {
            "value": 0.033718145707950294,
            "min": 0.033718145707950294,
            "max": 0.033718145707950294,
            "count": 1
        },
        "MoveToPoint.Losses.ValueLoss.sum": {
            "value": 1.5173165568577633,
            "min": 1.5173165568577633,
            "max": 1.5173165568577633,
            "count": 1
        },
        "MoveToPoint.Policy.LearningRate.mean": {
            "value": 0.00021137036287655555,
            "min": 0.00021137036287655555,
            "max": 0.00021137036287655555,
            "count": 1
        },
        "MoveToPoint.Policy.LearningRate.sum": {
            "value": 0.009511666329445,
            "min": 0.009511666329445,
            "max": 0.009511666329445,
            "count": 1
        },
        "MoveToPoint.Policy.Epsilon.mean": {
            "value": 0.1704567777777778,
            "min": 0.1704567777777778,
            "max": 0.1704567777777778,
            "count": 1
        },
        "MoveToPoint.Policy.Epsilon.sum": {
            "value": 7.670555,
            "min": 7.670555,
            "max": 7.670555,
            "count": 1
        },
        "MoveToPoint.Policy.Beta.mean": {
            "value": 0.00035523821111111114,
            "min": 0.00035523821111111114,
            "max": 0.00035523821111111114,
            "count": 1
        },
        "MoveToPoint.Policy.Beta.sum": {
            "value": 0.015985719500000002,
            "min": 0.015985719500000002,
            "max": 0.015985719500000002,
            "count": 1
        },
        "MoveToPoint.IsTraining.mean": {
            "value": 1.0,
            "min": 1.0,
            "max": 1.0,
            "count": 1
        },
        "MoveToPoint.IsTraining.sum": {
            "value": 1.0,
            "min": 1.0,
            "max": 1.0,
            "count": 1
        }
    },
    "metadata": {
        "timer_format_version": "0.1.0",
        "start_time_seconds": "1684524290",
        "python_version": "3.6.8 (tags/v3.6.8:3c6b436a57, Dec 24 2018, 00:16:47) [MSC v.1916 64 bit (AMD64)]",
        "command_line_arguments": "C:\\Users\\dewei\\Desktop\\IAV23-Chen\\TrabajoIADeweiChen\\V_Env\\Scripts\\mlagents-learn config/moveToPoint.yaml --run-id=MultiTrainingRamdon2",
        "mlagents_version": "0.26.0",
        "mlagents_envs_version": "0.26.0",
        "communication_protocol_version": "1.5.0",
        "pytorch_version": "1.7.1+cu110",
        "numpy_version": "1.19.5",
        "end_time_seconds": "1684524327"
    },
    "total": 37.2381852,
    "count": 1,
    "self": 0.004448299999999961,
    "children": {
        "run_training.setup": {
            "total": 0.06994429999999999,
            "count": 1,
            "self": 0.06994429999999999
        },
        "TrainerController.start_learning": {
            "total": 37.163792599999994,
            "count": 1,
            "self": 0.010862799999969752,
            "children": {
                "TrainerController._reset_env": {
                    "total": 5.2708066,
                    "count": 1,
                    "self": 5.2708066
                },
                "TrainerController.advance": {
                    "total": 31.80741180000002,
                    "count": 651,
                    "self": 0.01040570000003882,
                    "children": {
                        "env_step": {
                            "total": 5.05824489999999,
                            "count": 651,
                            "self": 3.743777999999903,
                            "children": {
                                "SubprocessEnvManager._take_step": {
                                    "total": 1.3084041000000584,
                                    "count": 651,
                                    "self": 0.03379320000004338,
                                    "children": {
                                        "TorchPolicy.evaluate": {
                                            "total": 1.274610900000015,
                                            "count": 627,
                                            "self": 0.5306807000000289,
                                            "children": {
                                                "TorchPolicy.sample_actions": {
                                                    "total": 0.7439301999999861,
                                                    "count": 627,
                                                    "self": 0.7439301999999861
                                                }
                                            }
                                        }
                                    }
                                },
                                "workers": {
                                    "total": 0.006062800000028901,
                                    "count": 650,
                                    "self": 0.0,
                                    "children": {
                                        "worker_root": {
                                            "total": 32.75240879999997,
                                            "count": 650,
                                            "is_parallel": true,
                                            "self": 29.800605899999994,
                                            "children": {
                                                "steps_from_proto": {
                                                    "total": 0.00043529999999999996,
                                                    "count": 1,
                                                    "is_parallel": true,
                                                    "self": 0.00011229999999999991,
                                                    "children": {
                                                        "_process_rank_one_or_two_observation": {
                                                            "total": 0.00032300000000000004,
                                                            "count": 2,
                                                            "is_parallel": true,
                                                            "self": 0.00032300000000000004
                                                        }
                                                    }
                                                },
                                                "UnityEnvironment.step": {
                                                    "total": 2.9513675999999744,
                                                    "count": 650,
                                                    "is_parallel": true,
                                                    "self": 0.07140690000002481,
                                                    "children": {
                                                        "UnityEnvironment._generate_step_input": {
                                                            "total": 0.1468679000000197,
                                                            "count": 650,
                                                            "is_parallel": true,
                                                            "self": 0.1468679000000197
                                                        },
                                                        "communicator.exchange": {
                                                            "total": 2.538143199999966,
                                                            "count": 650,
                                                            "is_parallel": true,
                                                            "self": 2.538143199999966
                                                        },
                                                        "steps_from_proto": {
                                                            "total": 0.19494959999996375,
                                                            "count": 650,
                                                            "is_parallel": true,
                                                            "self": 0.06158819999995058,
                                                            "children": {
                                                                "_process_rank_one_or_two_observation": {
                                                                    "total": 0.13336140000001317,
                                                                    "count": 1300,
                                                                    "is_parallel": true,
                                                                    "self": 0.13336140000001317
                                                                }
                                                            }
                                                        }
                                                    }
                                                }
                                            }
                                        }
                                    }
                                }
                            }
                        },
                        "trainer_advance": {
                            "total": 26.73876119999999,
                            "count": 650,
                            "self": 0.018813199999961228,
                            "children": {
                                "process_trajectory": {
                                    "total": 0.8809500000000314,
                                    "count": 650,
                                    "self": 0.8809500000000314
                                },
                                "_update_policy": {
                                    "total": 25.838997999999997,
                                    "count": 71,
                                    "self": 1.9352522999998953,
                                    "children": {
                                        "TorchPPOOptimizer.update": {
                                            "total": 23.9037457000001,
                                            "count": 4128,
                                            "self": 23.9037457000001
                                        }
                                    }
                                }
                            }
                        }
                    }
                },
                "trainer_threads": {
                    "total": 1.00000000458067e-06,
                    "count": 1,
                    "self": 1.00000000458067e-06
                },
                "TrainerController._save_models": {
                    "total": 0.07471040000000073,
                    "count": 1,
                    "self": 0.005360300000006646,
                    "children": {
                        "RLTrainer._checkpoint": {
                            "total": 0.06935009999999409,
                            "count": 1,
                            "self": 0.06935009999999409
                        }
                    }
                }
            }
        }
    }
}