{
    "MoveToPoint": {
        "checkpoints": [
            {
                "steps": 14208,
                "file_path": "results\\MultiTrainingRamdon2\\MoveToPoint\\MoveToPoint-14208.onnx",
                "reward": null,
                "creation_time": 1684524327.5946205,
                "auxillary_file_paths": [
                    "results\\MultiTrainingRamdon2\\MoveToPoint\\MoveToPoint-14208.pt"
                ]
            }
        ],
        "final_checkpoint": {
            "steps": 14208,
            "file_path": "results\\MultiTrainingRamdon2\\MoveToPoint.onnx",
            "reward": null,
            "creation_time": 1684524327.5946205,
            "auxillary_file_paths": [
                "results\\MultiTrainingRamdon2\\MoveToPoint\\MoveToPoint-14208.pt"
            ]
        }
    },
    "metadata": {
        "stats_format_version": "0.3.0",
        "mlagents_version": "0.26.0",
        "torch_version": "1.7.1+cu110"
    }
}