{
    "name": "root",
    "metadata": {
        "timer_format_version": "0.1.0",
        "start_time_seconds": "1684523186",
        "python_version": "3.6.8 (tags/v3.6.8:3c6b436a57, Dec 24 2018, 00:16:47) [MSC v.1916 64 bit (AMD64)]",
        "command_line_arguments": "C:\\Users\\dewei\\Desktop\\IAV23-Chen\\TrabajoIADeweiChen\\V_Env\\Scripts\\mlagents-learn config/moveToPoint.yaml --run-id=TrainingRamdon1",
        "mlagents_version": "0.26.0",
        "mlagents_envs_version": "0.26.0",
        "communication_protocol_version": "1.5.0",
        "pytorch_version": "1.7.1+cu110",
        "numpy_version": "1.19.5",
        "end_time_seconds": "1684523256"
    },
    "total": 69.65027070000001,
    "count": 1,
    "self": 0.004613100000000259,
    "children": {
        "run_training.setup": {
            "total": 0.06740049999999999,
            "count": 1,
            "self": 0.06740049999999999
        },
        "TrainerController.start_learning": {
            "total": 69.5782571,
            "count": 1,
            "self": 0.09821690000012495,
            "children": {
                "TrainerController._reset_env": {
                    "total": 18.626620600000003,
                    "count": 1,
                    "self": 18.626620600000003
                },
                "TrainerController.advance": {
                    "total": 50.776028599999876,
                    "count": 7031,
                    "self": 0.09695939999995318,
                    "children": {
                        "env_step": {
                            "total": 37.49689509999974,
                            "count": 7031,
                            "self": 22.621822799999727,
                            "children": {
                                "SubprocessEnvManager._take_step": {
                                    "total": 14.816660800000143,
                                    "count": 7031,
                                    "self": 0.2884417000003445,
                                    "children": {
                                        "TorchPolicy.evaluate": {
                                            "total": 14.528219099999799,
                                            "count": 7011,
                                            "self": 9.422959600000276,
                                            "children": {
                                                "TorchPolicy.sample_actions": {
                                                    "total": 5.105259499999523,
                                                    "count": 7011,
                                                    "self": 5.105259499999523
                                                }
                                            }
                                        }
                                    }
                                },
                                "workers": {
                                    "total": 0.05841149999987039,
                                    "count": 7030,
                                    "self": 0.0,
                                    "children": {
                                        "worker_root": {
                                            "total": 51.71716709999997,
                                            "count": 7030,
                                            "is_parallel": true,
                                            "self": 33.20849899999973,
                                            "children": {
                                                "steps_from_proto": {
                                                    "total": 0.0002136,
                                                    "count": 1,
                                                    "is_parallel": true,
                                                    "self": 9.309999999999996e-05,
                                                    "children": {
                                                        "_process_rank_one_or_two_observation": {
                                                            "total": 0.00012050000000000003,
                                                            "count": 2,
                                                            "is_parallel": true,
                                                            "self": 0.00012050000000000003
                                                        }
                                                    }
                                                },
                                                "UnityEnvironment.step": {
                                                    "total": 18.50845450000024,
                                                    "count": 7030,
                                                    "is_parallel": true,
                                                    "self": 0.36013010000095846,
                                                    "children": {
                                                        "UnityEnvironment._generate_step_input": {
                                                            "total": 0.2838569999999403,
                                                            "count": 7030,
                                                            "is_parallel": true,
                                                            "self": 0.2838569999999403
                                                        },
                                                        "communicator.exchange": {
                                                            "total": 16.905807799999792,
                                                            "count": 7030,
                                                            "is_parallel": true,
                                                            "self": 16.905807799999792
                                                        },
                                                        "steps_from_proto": {
                                                            "total": 0.9586595999995478,
                                                            "count": 7030,
                                                            "is_parallel": true,
                                                            "self": 0.5047862999995578,
                                                            "children": {
                                                                "_process_rank_one_or_two_observation": {
                                                                    "total": 0.45387329999998993,
                                                                    "count": 14060,
                                                                    "is_parallel": true,
                                                                    "self": 0.45387329999998993
                                                                }
                                                            }
                                                        }
                                                    }
                                                }
                                            }
                                        }
                                    }
                                }
                            }
                        },
                        "trainer_advance": {
                            "total": 13.182174100000182,
                            "count": 7030,
                            "self": 0.1236878999996982,
                            "children": {
                                "process_trajectory": {
                                    "total": 0.5245708000004754,
                                    "count": 7030,
                                    "self": 0.5245708000004754
                                },
                                "_update_policy": {
                                    "total": 12.533915400000009,
                                    "count": 55,
                                    "self": 0.9466514000000004,
                                    "children": {
                                        "TorchPPOOptimizer.update": {
                                            "total": 11.587264000000008,
                                            "count": 1986,
                                            "self": 11.587264000000008
                                        }
                                    }
                                }
                            }
                        }
                    }
                },
                "trainer_threads": {
                    "total": 8.000000093488779e-07,
                    "count": 1,
                    "self": 8.000000093488779e-07
                },
                "TrainerController._save_models": {
                    "total": 0.07739019999999641,
                    "count": 1,
                    "self": 0.005593699999991486,
                    "children": {
                        "RLTrainer._checkpoint": {
                            "total": 0.07179650000000493,
                            "count": 1,
                            "self": 0.07179650000000493
                        }
                    }
                }
            }
        }
    }
}