{
    "name": "root",
    "gauges": {
        "OpenDoor.Policy.Entropy.mean": {
            "value": 1.1162172555923462,
            "min": 1.0450770854949951,
            "max": 2.1462886333465576,
            "count": 25
        },
        "OpenDoor.Policy.Entropy.sum": {
            "value": 22181.46875,
            "min": 21021.724609375,
            "max": 44737.23828125,
            "count": 25
        },
        "OpenDoor.Environment.EpisodeLength.mean": {
            "value": 199.0,
            "min": 143.46825396825398,
            "max": 199.0,
            "count": 25
        },
        "OpenDoor.Environment.EpisodeLength.sum": {
            "value": 19303.0,
            "min": 18077.0,
            "max": 20696.0,
            "count": 25
        },
        "OpenDoor.Step.mean": {
            "value": 499984.0,
            "min": 19995.0,
            "max": 499984.0,
            "count": 25
        },
        "OpenDoor.Step.sum": {
            "value": 499984.0,
            "min": 19995.0,
            "max": 499984.0,
            "count": 25
        },
        "OpenDoor.Policy.ExtrinsicValueEstimate.mean": {
            "value": 0.05112108215689659,
            "min": -0.1690661609172821,
            "max": 0.05386899784207344,
            "count": 25
        },
        "OpenDoor.Policy.ExtrinsicValueEstimate.sum": {
            "value": 20.34619140625,
            "min": -67.288330078125,
            "max": 21.332122802734375,
            "count": 25
        },
        "OpenDoor.Environment.CumulativeReward.mean": {
            "value": 1.0,
            "min": 0.0873015873015873,
            "max": 1.0,
            "count": 25
        },
        "OpenDoor.Environment.CumulativeReward.sum": {
            "value": 97.0,
            "min": 11.0,
            "max": 104.0,
            "count": 25
        },
        "OpenDoor.Policy.ExtrinsicReward.mean": {
            "value": 1.0,
            "min": 0.0873015873015873,
            "max": 1.0,
            "count": 25
        },
        "OpenDoor.Policy.ExtrinsicReward.sum": {
            "value": 97.0,
            "min": 11.0,
            "max": 104.0,
            "count": 25
        },
        "OpenDoor.Losses.PolicyLoss.mean": {
            "value": 0.04519887713724057,
            "min": 0.03682798960270654,
            "max": 0.05127431998564,
            "count": 25
        },
        "OpenDoor.Losses.PolicyLoss.sum": {
            "value": 0.8135797884703303,
            "min": 0.6981827998921896,
            "max": 0.9229377597415199,
            "count": 25
        },
        "OpenDoor.Losses.ValueLoss.mean": {
            "value": 8.997296247428124e-05,
            "min": 8.459890234023573e-05,
            "max": 0.05790813093103848,
            "count": 25
        },
        "OpenDoor.Losses.ValueLoss.sum": {
            "value": 0.0016195133245370623,
            "min": 0.0015558106415483055,
            "max": 1.0423463567586926,
            "count": 25
        },
        "OpenDoor.Policy.LearningRate.mean": {
            "value": 5.909431363555557e-06,
            "min": 5.909431363555557e-06,
            "max": 0.00029347553550815547,
            "count": 25
        },
        "OpenDoor.Policy.LearningRate.sum": {
            "value": 0.00010636976454400003,
            "min": 0.00010636976454400003,
            "max": 0.005282559639146799,
            "count": 25
        },
        "OpenDoor.Policy.Epsilon.mean": {
            "value": 0.10196977777777777,
            "min": 0.10196977777777777,
            "max": 0.19782517777777778,
            "count": 25
        },
        "OpenDoor.Policy.Epsilon.sum": {
            "value": 1.835456,
            "min": 1.835456,
            "max": 3.609938,
            "count": 25
        },
        "OpenDoor.Policy.Beta.mean": {
            "value": 1.9651911111111113e-05,
            "min": 1.9651911111111113e-05,
            "max": 0.000489343371111111,
            "count": 25
        },
        "OpenDoor.Policy.Beta.sum": {
            "value": 0.00035373440000000005,
            "min": 0.00035373440000000005,
            "max": 0.008808180679999998,
            "count": 25
        },
        "OpenDoor.IsTraining.mean": {
            "value": 1.0,
            "min": 1.0,
            "max": 1.0,
            "count": 25
        },
        "OpenDoor.IsTraining.sum": {
            "value": 1.0,
            "min": 1.0,
            "max": 1.0,
            "count": 25
        }
    },
    "metadata": {
        "timer_format_version": "0.1.0",
        "start_time_seconds": "1685007336",
        "python_version": "3.6.8 (tags/v3.6.8:3c6b436a57, Dec 24 2018, 00:16:47) [MSC v.1916 64 bit (AMD64)]",
        "command_line_arguments": "C:\\Users\\dewei\\Desktop\\IAV23-Chen\\TrabajoIADeweiChen\\V_Env\\Scripts\\mlagents-learn config\\OpenDoor.yaml --run-id=OD --force",
        "mlagents_version": "0.26.0",
        "mlagents_envs_version": "0.26.0",
        "communication_protocol_version": "1.5.0",
        "pytorch_version": "1.7.1+cu110",
        "numpy_version": "1.19.5",
        "end_time_seconds": "1685007675"
    },
    "total": 339.1019449,
    "count": 1,
    "self": 0.006220799999994142,
    "children": {
        "run_training.setup": {
            "total": 0.0673229,
            "count": 1,
            "self": 0.0673229
        },
        "TrainerController.start_learning": {
            "total": 339.02840119999996,
            "count": 1,
            "self": 0.33506089999940514,
            "children": {
                "TrainerController._reset_env": {
                    "total": 6.2258135,
                    "count": 1,
                    "self": 6.2258135
                },
                "TrainerController.advance": {
                    "total": 332.40943800000053,
                    "count": 20383,
                    "self": 0.31725169999282343,
                    "children": {
                        "env_step": {
                            "total": 183.10889650000632,
                            "count": 20383,
                            "self": 119.7351592000046,
                            "children": {
                                "SubprocessEnvManager._take_step": {
                                    "total": 63.186200999998924,
                                    "count": 20383,
                                    "self": 0.9765987999989463,
                                    "children": {
                                        "TorchPolicy.evaluate": {
                                            "total": 62.20960219999998,
                                            "count": 18550,
                                            "self": 24.24899310000002,
                                            "children": {
                                                "TorchPolicy.sample_actions": {
                                                    "total": 37.96060909999996,
                                                    "count": 18550,
                                                    "self": 37.96060909999996
                                                }
                                            }
                                        }
                                    }
                                },
                                "workers": {
                                    "total": 0.18753630000279387,
                                    "count": 20383,
                                    "self": 0.0,
                                    "children": {
                                        "worker_root": {
                                            "total": 333.2591450999998,
                                            "count": 20383,
                                            "is_parallel": true,
                                            "self": 239.47078459999994,
                                            "children": {
                                                "steps_from_proto": {
                                                    "total": 0.0004980000000000001,
                                                    "count": 1,
                                                    "is_parallel": true,
                                                    "self": 0.00021220000000000006,
                                                    "children": {
                                                        "_process_rank_one_or_two_observation": {
                                                            "total": 0.0002858,
                                                            "count": 2,
                                                            "is_parallel": true,
                                                            "self": 0.0002858
                                                        }
                                                    }
                                                },
                                                "UnityEnvironment.step": {
                                                    "total": 93.78786249999985,
                                                    "count": 20383,
                                                    "is_parallel": true,
                                                    "self": 2.3441613999969917,
                                                    "children": {
                                                        "UnityEnvironment._generate_step_input": {
                                                            "total": 4.8549262000017,
                                                            "count": 20383,
                                                            "is_parallel": true,
                                                            "self": 4.8549262000017
                                                        },
                                                        "communicator.exchange": {
                                                            "total": 79.16162600000004,
                                                            "count": 20383,
                                                            "is_parallel": true,
                                                            "self": 79.16162600000004
                                                        },
                                                        "steps_from_proto": {
                                                            "total": 7.427148900001115,
                                                            "count": 20383,
                                                            "is_parallel": true,
                                                            "self": 3.1306998000041935,
                                                            "children": {
                                                                "_process_rank_one_or_two_observation": {
                                                                    "total": 4.296449099996922,
                                                                    "count": 40766,
                                                                    "is_parallel": true,
                                                                    "self": 4.296449099996922
                                                                }
                                                            }
                                                        }
                                                    }
                                                }
                                            }
                                        }
                                    }
                                }
                            }
                        },
                        "trainer_advance": {
                            "total": 148.98328980000142,
                            "count": 20383,
                            "self": 0.6603302000028748,
                            "children": {
                                "process_trajectory": {
                                    "total": 38.30121049999826,
                                    "count": 20383,
                                    "self": 38.234534899998266,
                                    "children": {
                                        "RLTrainer._checkpoint": {
                                            "total": 0.0666755999999964,
                                            "count": 1,
                                            "self": 0.0666755999999964
                                        }
                                    }
                                },
                                "_update_policy": {
                                    "total": 110.02174910000028,
                                    "count": 462,
                                    "self": 62.499582100000794,
                                    "children": {
                                        "TorchPPOOptimizer.update": {
                                            "total": 47.522166999999484,
                                            "count": 5553,
                                            "self": 47.522166999999484
                                        }
                                    }
                                }
                            }
                        }
                    }
                },
                "trainer_threads": {
                    "total": 8.000000093488779e-07,
                    "count": 1,
                    "self": 8.000000093488779e-07
                },
                "TrainerController._save_models": {
                    "total": 0.05808799999999792,
                    "count": 1,
                    "self": 0.007092100000022583,
                    "children": {
                        "RLTrainer._checkpoint": {
                            "total": 0.050995899999975336,
                            "count": 1,
                            "self": 0.050995899999975336
                        }
                    }
                }
            }
        }
    }
}