{
    "OpenDoor": {
        "checkpoints": [
            {
                "steps": 499984,
                "file_path": "results\\OD\\OpenDoor\\OpenDoor-499984.onnx",
                "reward": 1.0,
                "creation_time": 1685007675.878421,
                "auxillary_file_paths": [
                    "results\\OD\\OpenDoor\\OpenDoor-499984.pt"
                ]
            },
            {
                "steps": 500048,
                "file_path": "results\\OD\\OpenDoor\\OpenDoor-500048.onnx",
                "reward": 1.0,
                "creation_time": 1685007675.933274,
                "auxillary_file_paths": [
                    "results\\OD\\OpenDoor\\OpenDoor-500048.pt"
                ]
            }
        ],
        "final_checkpoint": {
            "steps": 500048,
            "file_path": "results\\OD\\OpenDoor.onnx",
            "reward": 1.0,
            "creation_time": 1685007675.933274,
            "auxillary_file_paths": [
                "results\\OD\\OpenDoor\\OpenDoor-500048.pt"
            ]
        }
    },
    "metadata": {
        "stats_format_version": "0.3.0",
        "mlagents_version": "0.26.0",
        "torch_version": "1.7.1+cu110"
    }
}