{
    "name": "root",
    "gauges": {
        "OpenDoor.Policy.Entropy.mean": {
            "value": 0.9842872023582458,
            "min": 0.9522391557693481,
            "max": 2.1665050983428955,
            "count": 25
        },
        "OpenDoor.Policy.Entropy.sum": {
            "value": 19745.78515625,
            "min": 18922.896484375,
            "max": 46328.54296875,
            "count": 25
        },
        "OpenDoor.Step.mean": {
            "value": 499997.0,
            "min": 19976.0,
            "max": 499997.0,
            "count": 25
        },
        "OpenDoor.Step.sum": {
            "value": 499997.0,
            "min": 19976.0,
            "max": 499997.0,
            "count": 25
        },
        "OpenDoor.Policy.ExtrinsicValueEstimate.mean": {
            "value": 0.10045994818210602,
            "min": 0.022694535553455353,
            "max": 0.5558964014053345,
            "count": 25
        },
        "OpenDoor.Policy.ExtrinsicValueEstimate.sum": {
            "value": 40.28443908691406,
            "min": 8.692007064819336,
            "max": 232.36468505859375,
            "count": 25
        },
        "OpenDoor.Policy.GailValueEstimate.mean": {
            "value": 3.2691805362701416,
            "min": 3.1878702640533447,
            "max": 17.452245712280273,
            "count": 25
        },
        "OpenDoor.Policy.GailValueEstimate.sum": {
            "value": 1310.94140625,
            "min": 1265.58447265625,
            "max": 7033.2548828125,
            "count": 25
        },
        "OpenDoor.Losses.PolicyLoss.mean": {
            "value": 0.04308393125201722,
            "min": 0.03918173681871084,
            "max": 0.0501457593787496,
            "count": 25
        },
        "OpenDoor.Losses.PolicyLoss.sum": {
            "value": 0.8185946937883272,
            "min": 0.5458209527183383,
            "max": 0.9026236688174928,
            "count": 25
        },
        "OpenDoor.Losses.ValueLoss.mean": {
            "value": 0.9107188451708408,
            "min": 0.5013128702054944,
            "max": 22.435984881774147,
            "count": 25
        },
        "OpenDoor.Losses.ValueLoss.sum": {
            "value": 17.303658058245976,
            "min": 9.189850848168135,
            "max": 278.3548441727956,
            "count": 25
        },
        "OpenDoor.Policy.LearningRate.mean": {
            "value": 5.9122138187684205e-06,
            "min": 5.9122138187684205e-06,
            "max": 0.00029360247485978177,
            "count": 25
        },
        "OpenDoor.Policy.LearningRate.sum": {
            "value": 0.00011233206255659999,
            "min": 0.00011233206255659999,
            "max": 0.005131145589618199,
            "count": 25
        },
        "OpenDoor.Policy.Epsilon.mean": {
            "value": 0.10197070526315791,
            "min": 0.10197070526315791,
            "max": 0.19786749090909092,
            "count": 25
        },
        "OpenDoor.Policy.Epsilon.sum": {
            "value": 1.9374434000000003,
            "min": 1.9374434000000003,
            "max": 3.6103818000000008,
            "count": 25
        },
        "OpenDoor.Policy.Beta.mean": {
            "value": 1.9656455789473685e-05,
            "min": 1.9656455789473685e-05,
            "max": 0.0004895507054545454,
            "count": 25
        },
        "OpenDoor.Policy.Beta.sum": {
            "value": 0.00037347266000000004,
            "min": 0.00037347266000000004,
            "max": 0.008570870820000001,
            "count": 25
        },
        "OpenDoor.Policy.GAILPolicyEstimate.mean": {
            "value": 0.2545573527091428,
            "min": 0.25080935349851324,
            "max": 0.4062313048268465,
            "count": 25
        },
        "OpenDoor.Policy.GAILPolicyEstimate.sum": {
            "value": 4.836589701473714,
            "min": 4.468544353095312,
            "max": 7.529138917724292,
            "count": 25
        },
        "OpenDoor.Policy.GAILExpertEstimate.mean": {
            "value": 0.7382396098814512,
            "min": 0.5234486872428342,
            "max": 0.7382396098814512,
            "count": 25
        },
        "OpenDoor.Policy.GAILExpertEstimate.sum": {
            "value": 14.026552587747574,
            "min": 6.028337450727584,
            "max": 14.026552587747574,
            "count": 25
        },
        "OpenDoor.Losses.GAILLoss.mean": {
            "value": 0.6898566562878459,
            "min": 0.6893161153584196,
            "max": 1.3714219522223903,
            "count": 25
        },
        "OpenDoor.Losses.GAILLoss.sum": {
            "value": 13.107276469469072,
            "min": 13.097006191809973,
            "max": 25.26705937087536,
            "count": 25
        },
        "OpenDoor.Policy.GAILGradMagLoss.mean": {
            "value": 0.14968450210596387,
            "min": 0.07401729526895065,
            "max": 2.812006639797794,
            "count": 25
        },
        "OpenDoor.Policy.GAILGradMagLoss.sum": {
            "value": 2.8440055400133137,
            "min": 1.3323113148411116,
            "max": 30.932073037775734,
            "count": 25
        },
        "OpenDoor.Losses.PretrainingLoss.mean": {
            "value": 0.3666794471311987,
            "min": 0.3666794471311987,
            "max": 0.8643489461956602,
            "count": 25
        },
        "OpenDoor.Losses.PretrainingLoss.sum": {
            "value": 6.966909495492775,
            "min": 6.165482769409816,
            "max": 9.507838408152262,
            "count": 25
        },
        "OpenDoor.Environment.EpisodeLength.mean": {
            "value": 172.70833333333334,
            "min": 118.86826347305389,
            "max": 199.0,
            "count": 25
        },
        "OpenDoor.Environment.EpisodeLength.sum": {
            "value": 20725.0,
            "min": 16119.0,
            "max": 22502.0,
            "count": 25
        },
        "OpenDoor.Environment.CumulativeReward.mean": {
            "value": 1.1833333333333333,
            "min": 0.19753086419753085,
            "max": 1.6130952380952381,
            "count": 25
        },
        "OpenDoor.Environment.CumulativeReward.sum": {
            "value": 142.0,
            "min": 16.0,
            "max": 271.0,
            "count": 25
        },
        "OpenDoor.Policy.ExtrinsicReward.mean": {
            "value": 1.1833333333333333,
            "min": 0.19753086419753085,
            "max": 1.6130952380952381,
            "count": 25
        },
        "OpenDoor.Policy.ExtrinsicReward.sum": {
            "value": 142.0,
            "min": 16.0,
            "max": 271.0,
            "count": 25
        },
        "OpenDoor.Policy.GailReward.mean": {
            "value": 13.912244304548949,
            "min": 11.579062527363542,
            "max": 23.172177804840935,
            "count": 25
        },
        "OpenDoor.Policy.GailReward.sum": {
            "value": 1669.4693165458739,
            "min": 1403.985819645226,
            "max": 2928.3775119557977,
            "count": 25
        },
        "OpenDoor.IsTraining.mean": {
            "value": 1.0,
            "min": 1.0,
            "max": 1.0,
            "count": 25
        },
        "OpenDoor.IsTraining.sum": {
            "value": 1.0,
            "min": 1.0,
            "max": 1.0,
            "count": 25
        }
    },
    "metadata": {
        "timer_format_version": "0.1.0",
        "start_time_seconds": "1684688795",
        "python_version": "3.6.8 (tags/v3.6.8:3c6b436a57, Dec 24 2018, 00:16:47) [MSC v.1916 64 bit (AMD64)]",
        "command_line_arguments": "C:\\Users\\dewei\\Desktop\\IAV23-Chen\\TrabajoIADeweiChen\\V_Env\\Scripts\\mlagents-learn config\\OpenDoor_Imitation.yaml --run-id=OpenDoor_Imitation9 --force",
        "mlagents_version": "0.26.0",
        "mlagents_envs_version": "0.26.0",
        "communication_protocol_version": "1.5.0",
        "pytorch_version": "1.7.1+cu110",
        "numpy_version": "1.19.5",
        "end_time_seconds": "1684689299"
    },
    "total": 504.24902149999997,
    "count": 1,
    "self": 0.007787899999982528,
    "children": {
        "run_training.setup": {
            "total": 0.06963659999999999,
            "count": 1,
            "self": 0.06963659999999999
        },
        "TrainerController.start_learning": {
            "total": 504.17159699999996,
            "count": 1,
            "self": 0.4037578999973448,
            "children": {
                "TrainerController._reset_env": {
                    "total": 13.380330599999999,
                    "count": 1,
                    "self": 12.666219199999999,
                    "children": {
                        "demo_to_buffer": {
                            "total": 0.7141114000000002,
                            "count": 2,
                            "self": 6.550000000160594e-05,
                            "children": {
                                "load_demonstration": {
                                    "total": 0.008611900000000006,
                                    "count": 2,
                                    "self": 0.00850499999999954,
                                    "children": {
                                        "read_file": {
                                            "total": 0.00010690000000046496,
                                            "count": 2,
                                            "self": 0.00010690000000046496
                                        }
                                    }
                                },
                                "make_demo_buffer": {
                                    "total": 0.7054339999999986,
                                    "count": 2,
                                    "self": 0.14652850000001472,
                                    "children": {
                                        "steps_from_proto": {
                                            "total": 0.5589054999999838,
                                            "count": 4764,
                                            "self": 0.39047049999986605,
                                            "children": {
                                                "_process_rank_one_or_two_observation": {
                                                    "total": 0.1684350000001178,
                                                    "count": 9528,
                                                    "self": 0.1684350000001178
                                                }
                                            }
                                        }
                                    }
                                }
                            }
                        }
                    }
                },
                "TrainerController.advance": {
                    "total": 490.32324320000265,
                    "count": 20748,
                    "self": 0.39422340000265876,
                    "children": {
                        "env_step": {
                            "total": 186.92169939999715,
                            "count": 20748,
                            "self": 118.39993499999844,
                            "children": {
                                "SubprocessEnvManager._take_step": {
                                    "total": 68.31164250000089,
                                    "count": 20748,
                                    "self": 1.2232791000001413,
                                    "children": {
                                        "TorchPolicy.evaluate": {
                                            "total": 67.08836340000074,
                                            "count": 18549,
                                            "self": 24.440230600003503,
                                            "children": {
                                                "TorchPolicy.sample_actions": {
                                                    "total": 42.64813279999724,
                                                    "count": 18549,
                                                    "self": 42.64813279999724
                                                }
                                            }
                                        }
                                    }
                                },
                                "workers": {
                                    "total": 0.2101218999978336,
                                    "count": 20748,
                                    "self": 0.0,
                                    "children": {
                                        "worker_root": {
                                            "total": 491.9050748000042,
                                            "count": 20748,
                                            "is_parallel": true,
                                            "self": 402.1495358000029,
                                            "children": {
                                                "steps_from_proto": {
                                                    "total": 0.0004664,
                                                    "count": 1,
                                                    "is_parallel": true,
                                                    "self": 0.00019030000000000002,
                                                    "children": {
                                                        "_process_rank_one_or_two_observation": {
                                                            "total": 0.0002761,
                                                            "count": 2,
                                                            "is_parallel": true,
                                                            "self": 0.0002761
                                                        }
                                                    }
                                                },
                                                "UnityEnvironment.step": {
                                                    "total": 89.75507260000126,
                                                    "count": 20748,
                                                    "is_parallel": true,
                                                    "self": 2.5789990000079968,
                                                    "children": {
                                                        "UnityEnvironment._generate_step_input": {
                                                            "total": 5.096634099998756,
                                                            "count": 20748,
                                                            "is_parallel": true,
                                                            "self": 5.096634099998756
                                                        },
                                                        "communicator.exchange": {
                                                            "total": 74.15705909999706,
                                                            "count": 20748,
                                                            "is_parallel": true,
                                                            "self": 74.15705909999706
                                                        },
                                                        "steps_from_proto": {
                                                            "total": 7.922380399997451,
                                                            "count": 20748,
                                                            "is_parallel": true,
                                                            "self": 3.321615299998726,
                                                            "children": {
                                                                "_process_rank_one_or_two_observation": {
                                                                    "total": 4.600765099998725,
                                                                    "count": 41496,
                                                                    "is_parallel": true,
                                                                    "self": 4.600765099998725
                                                                }
                                                            }
                                                        }
                                                    }
                                                }
                                            }
                                        }
                                    }
                                }
                            }
                        },
                        "trainer_advance": {
                            "total": 303.00732040000287,
                            "count": 20748,
                            "self": 0.8390509000047359,
                            "children": {
                                "process_trajectory": {
                                    "total": 52.62797539999779,
                                    "count": 20748,
                                    "self": 52.54940309999777,
                                    "children": {
                                        "RLTrainer._checkpoint": {
                                            "total": 0.07857230000001891,
                                            "count": 1,
                                            "self": 0.07857230000001891
                                        }
                                    }
                                },
                                "_update_policy": {
                                    "total": 249.54029410000032,
                                    "count": 455,
                                    "self": 115.65490909999974,
                                    "children": {
                                        "TorchPPOOptimizer.update": {
                                            "total": 120.34841999999873,
                                            "count": 5598,
                                            "self": 120.34841999999873
                                        },
                                        "TorchPolicy.sample_actions": {
                                            "total": 13.536965000001867,
                                            "count": 5460,
                                            "self": 13.536965000001867
                                        }
                                    }
                                }
                            }
                        }
                    }
                },
                "trainer_threads": {
                    "total": 6.999999868639861e-07,
                    "count": 1,
                    "self": 6.999999868639861e-07
                },
                "TrainerController._save_models": {
                    "total": 0.06426460000000134,
                    "count": 1,
                    "self": 0.005535700000052657,
                    "children": {
                        "RLTrainer._checkpoint": {
                            "total": 0.05872889999994868,
                            "count": 1,
                            "self": 0.05872889999994868
                        }
                    }
                }
            }
        }
    }
}