{
    "OpenDoor": {
        "checkpoints": [
            {
                "steps": 499997,
                "file_path": "results\\OpenDoor_Imitation9\\OpenDoor\\OpenDoor-499997.onnx",
                "reward": 2.0,
                "creation_time": 1684689299.8567028,
                "auxillary_file_paths": [
                    "results\\OpenDoor_Imitation9\\OpenDoor\\OpenDoor-499997.pt"
                ]
            },
            {
                "steps": 500125,
                "file_path": "results\\OpenDoor_Imitation9\\OpenDoor\\OpenDoor-500125.onnx",
                "reward": 2.0,
                "creation_time": 1684689299.9255185,
                "auxillary_file_paths": [
                    "results\\OpenDoor_Imitation9\\OpenDoor\\OpenDoor-500125.pt"
                ]
            }
        ],
        "final_checkpoint": {
            "steps": 500125,
            "file_path": "results\\OpenDoor_Imitation9\\OpenDoor.onnx",
            "reward": 2.0,
            "creation_time": 1684689299.9255185,
            "auxillary_file_paths": [
                "results\\OpenDoor_Imitation9\\OpenDoor\\OpenDoor-500125.pt"
            ]
        }
    },
    "metadata": {
        "stats_format_version": "0.3.0",
        "mlagents_version": "0.26.0",
        "torch_version": "1.7.1+cu110"
    }
}