{
    "name": "root",
    "metadata": {
        "timer_format_version": "0.1.0",
        "start_time_seconds": "1684850906",
        "python_version": "3.6.8 (tags/v3.6.8:3c6b436a57, Dec 24 2018, 00:16:47) [MSC v.1916 64 bit (AMD64)]",
        "command_line_arguments": "C:\\Users\\dewei\\Desktop\\IAV23-Chen\\TrabajoIADeweiChen\\V_Env\\Scripts\\mlagents-learn config\\moveToPoint.yaml --run-id=Presentacion --force",
        "mlagents_version": "0.26.0",
        "mlagents_envs_version": "0.26.0",
        "communication_protocol_version": "1.5.0",
        "pytorch_version": "1.7.1+cu110",
        "numpy_version": "1.19.5",
        "end_time_seconds": "1684850907"
    },
    "total": 1.4276111,
    "count": 1,
    "self": 0.0060667000000000915,
    "children": {
        "run_training.setup": {
            "total": 0.068436,
            "count": 1,
            "self": 0.068436
        },
        "TrainerController.start_learning": {
            "total": 1.3531084,
            "count": 1,
            "self": 0.0003381999999998442,
            "children": {
                "TrainerController._reset_env": {
                    "total": 1.352762,
                    "count": 1,
                    "self": 1.352762
                },
                "trainer_threads": {
                    "total": 1.3000000000928935e-06,
                    "count": 1,
                    "self": 1.3000000000928935e-06
                },
                "TrainerController._save_models": {
                    "total": 6.900000000031881e-06,
                    "count": 1,
                    "self": 6.900000000031881e-06
                }
            }
        }
    }
}