{
    "name": "root",
    "metadata": {
        "timer_format_version": "0.1.0",
        "start_time_seconds": "1684523805",
        "python_version": "3.6.8 (tags/v3.6.8:3c6b436a57, Dec 24 2018, 00:16:47) [MSC v.1916 64 bit (AMD64)]",
        "command_line_arguments": "C:\\Users\\dewei\\Desktop\\IAV23-Chen\\TrabajoIADeweiChen\\V_Env\\Scripts\\mlagents-learn config/moveToPoint.yaml --run-id=MultiTrainingRamdon1",
        "mlagents_version": "0.26.0",
        "mlagents_envs_version": "0.26.0",
        "communication_protocol_version": "1.5.0",
        "pytorch_version": "1.7.1+cu110",
        "numpy_version": "1.19.5",
        "end_time_seconds": "1684523817"
    },
    "total": 12.1010092,
    "count": 1,
    "self": 0.0044789999999999,
    "children": {
        "run_training.setup": {
            "total": 0.07010519999999999,
            "count": 1,
            "self": 0.07010519999999999
        },
        "TrainerController.start_learning": {
            "total": 12.026425,
            "count": 1,
            "self": 0.0020737000000021766,
            "children": {
                "TrainerController._reset_env": {
                    "total": 5.5736589,
                    "count": 1,
                    "self": 5.5736589
                },
                "TrainerController.advance": {
                    "total": 6.388703299999998,
                    "count": 131,
                    "self": 0.001918599999997106,
                    "children": {
                        "env_step": {
                            "total": 1.4608382999999971,
                            "count": 131,
                            "self": 0.985013699999989,
                            "children": {
                                "SubprocessEnvManager._take_step": {
                                    "total": 0.474749100000011,
                                    "count": 131,
                                    "self": 0.00654390000000582,
                                    "children": {
                                        "TorchPolicy.evaluate": {
                                            "total": 0.4682052000000052,
                                            "count": 131,
                                            "self": 0.06042720000000301,
                                            "children": {
                                                "TorchPolicy.sample_actions": {
                                                    "total": 0.4077780000000022,
                                                    "count": 131,
                                                    "self": 0.4077780000000022
                                                }
                                            }
                                        }
                                    }
                                },
                                "workers": {
                                    "total": 0.0010754999999971204,
                                    "count": 130,
                                    "self": 0.0,
                                    "children": {
                                        "worker_root": {
                                            "total": 7.322868600000001,
                                            "count": 130,
                                            "is_parallel": true,
                                            "self": 6.496058300000001,
                                            "children": {
                                                "steps_from_proto": {
                                                    "total": 0.0003513,
                                                    "count": 1,
                                                    "is_parallel": true,
                                                    "self": 0.00011489999999999992,
                                                    "children": {
                                                        "_process_rank_one_or_two_observation": {
                                                            "total": 0.00023640000000000005,
                                                            "count": 2,
                                                            "is_parallel": true,
                                                            "self": 0.00023640000000000005
                                                        }
                                                    }
                                                },
                                                "UnityEnvironment.step": {
                                                    "total": 0.8264589999999998,
                                                    "count": 130,
                                                    "is_parallel": true,
                                                    "self": 0.012960900000009934,
                                                    "children": {
                                                        "UnityEnvironment._generate_step_input": {
                                                            "total": 0.026243299999995084,
                                                            "count": 130,
                                                            "is_parallel": true,
                                                            "self": 0.026243299999995084
                                                        },
                                                        "communicator.exchange": {
                                                            "total": 0.751004999999995,
                                                            "count": 130,
                                                            "is_parallel": true,
                                                            "self": 0.751004999999995
                                                        },
                                                        "steps_from_proto": {
                                                            "total": 0.03624979999999978,
                                                            "count": 130,
                                                            "is_parallel": true,
                                                            "self": 0.011729999999994245,
                                                            "children": {
                                                                "_process_rank_one_or_two_observation": {
                                                                    "total": 0.02451980000000553,
                                                                    "count": 260,
                                                                    "is_parallel": true,
                                                                    "self": 0.02451980000000553
                                                                }
                                                            }
                                                        }
                                                    }
                                                }
                                            }
                                        }
                                    }
                                }
                            }
                        },
                        "trainer_advance": {
                            "total": 4.9259464000000035,
                            "count": 130,
                            "self": 0.002236000000006122,
                            "children": {
                                "process_trajectory": {
                                    "total": 0.13106259999999725,
                                    "count": 130,
                                    "self": 0.13106259999999725
                                },
                                "_update_policy": {
                                    "total": 4.7926478,
                                    "count": 2,
                                    "self": 0.36335179999997713,
                                    "children": {
                                        "TorchPPOOptimizer.update": {
                                            "total": 4.429296000000023,
                                            "count": 804,
                                            "self": 4.429296000000023
                                        }
                                    }
                                }
                            }
                        }
                    }
                },
                "trainer_threads": {
                    "total": 9.999999992515995e-07,
                    "count": 1,
                    "self": 9.999999992515995e-07
                },
                "TrainerController._save_models": {
                    "total": 0.06198810000000066,
                    "count": 1,
                    "self": 0.005332100000000395,
                    "children": {
                        "RLTrainer._checkpoint": {
                            "total": 0.05665600000000026,
                            "count": 1,
                            "self": 0.05665600000000026
                        }
                    }
                }
            }
        }
    }
}