{
    "MoveToPoint": {
        "checkpoints": [
            {
                "steps": 2688,
                "file_path": "results\\MultiTrainingRamdon1\\MoveToPoint\\MoveToPoint-2688.onnx",
                "reward": null,
                "creation_time": 1684523817.4583402,
                "auxillary_file_paths": [
                    "results\\MultiTrainingRamdon1\\MoveToPoint\\MoveToPoint-2688.pt"
                ]
            }
        ],
        "final_checkpoint": {
            "steps": 2688,
            "file_path": "results\\MultiTrainingRamdon1\\MoveToPoint.onnx",
            "reward": null,
            "creation_time": 1684523817.4583402,
            "auxillary_file_paths": [
                "results\\MultiTrainingRamdon1\\MoveToPoint\\MoveToPoint-2688.pt"
            ]
        }
    },
    "metadata": {
        "stats_format_version": "0.3.0",
        "mlagents_version": "0.26.0",
        "torch_version": "1.7.1+cu110"
    }
}