{
    "name": "root",
    "gauges": {
        "MoveToPoint.Policy.Entropy.mean": {
            "value": 1.3714734315872192,
            "min": 1.3714734315872192,
            "max": 1.4190895557403564,
            "count": 35
        },
        "MoveToPoint.Policy.Entropy.sum": {
            "value": 13799.765625,
            "min": 13527.21484375,
            "max": 14609.388671875,
            "count": 35
        },
        "MoveToPoint.Environment.EpisodeLength.mean": {
            "value": 9959.5,
            "min": 157.6,
            "max": 9959.5,
            "count": 7
        },
        "MoveToPoint.Environment.EpisodeLength.sum": {
            "value": 19919.0,
            "min": 6872.0,
            "max": 19919.0,
            "count": 7
        },
        "MoveToPoint.Step.mean": {
            "value": 349949.0,
            "min": 9939.0,
            "max": 349949.0,
            "count": 35
        },
        "MoveToPoint.Step.sum": {
            "value": 349949.0,
            "min": 9939.0,
            "max": 349949.0,
            "count": 35
        },
        "MoveToPoint.Policy.ExtrinsicValueEstimate.mean": {
            "value": 0.0007184710120782256,
            "min": -0.3335341513156891,
            "max": 0.038409311324357986,
            "count": 35
        },
        "MoveToPoint.Policy.ExtrinsicValueEstimate.sum": {
            "value": 0.11208147555589676,
            "min": -60.88036346435547,
            "max": 5.991852283477783,
            "count": 35
        },
        "MoveToPoint.Environment.CumulativeReward.mean": {
            "value": -1.0,
            "min": -1.0,
            "max": -1.0,
            "count": 7
        },
        "MoveToPoint.Environment.CumulativeReward.sum": {
            "value": -2.0,
            "min": -55.0,
            "max": -2.0,
            "count": 7
        },
        "MoveToPoint.Policy.ExtrinsicReward.mean": {
            "value": -1.0,
            "min": -1.0,
            "max": -1.0,
            "count": 7
        },
        "MoveToPoint.Policy.ExtrinsicReward.sum": {
            "value": -2.0,
            "min": -55.0,
            "max": -2.0,
            "count": 7
        },
        "MoveToPoint.IsTraining.mean": {
            "value": 1.0,
            "min": 1.0,
            "max": 1.0,
            "count": 35
        },
        "MoveToPoint.IsTraining.sum": {
            "value": 1.0,
            "min": 1.0,
            "max": 1.0,
            "count": 35
        },
        "MoveToPoint.Losses.PolicyLoss.mean": {
            "value": 0.02620774262662356,
            "min": 0.016863454379684603,
            "max": 0.03162462883628905,
            "count": 33
        },
        "MoveToPoint.Losses.PolicyLoss.sum": {
            "value": 0.02620774262662356,
            "min": 0.016863454379684603,
            "max": 0.03162462883628905,
            "count": 33
        },
        "MoveToPoint.Losses.ValueLoss.mean": {
            "value": 1.0734740802339124e-05,
            "min": 9.67470111087702e-06,
            "max": 0.10660376747449239,
            "count": 33
        },
        "MoveToPoint.Losses.ValueLoss.sum": {
            "value": 1.0734740802339124e-05,
            "min": 9.67470111087702e-06,
            "max": 0.10660376747449239,
            "count": 33
        },
        "MoveToPoint.Policy.LearningRate.mean": {
            "value": 9.540666819780003e-05,
            "min": 9.540666819780003e-05,
            "max": 0.0002938446020518,
            "count": 33
        },
        "MoveToPoint.Policy.LearningRate.sum": {
            "value": 9.540666819780003e-05,
            "min": 9.540666819780003e-05,
            "max": 0.0002938446020518,
            "count": 33
        },
        "MoveToPoint.Policy.Epsilon.mean": {
            "value": 0.13180220000000004,
            "min": 0.13180220000000004,
            "max": 0.1979482,
            "count": 33
        },
        "MoveToPoint.Policy.Epsilon.sum": {
            "value": 0.13180220000000004,
            "min": 0.13180220000000004,
            "max": 0.1979482,
            "count": 33
        },
        "MoveToPoint.Policy.Beta.mean": {
            "value": 0.00016583078,
            "min": 0.00016583078,
            "max": 0.0004899461799999997,
            "count": 33
        },
        "MoveToPoint.Policy.Beta.sum": {
            "value": 0.00016583078,
            "min": 0.00016583078,
            "max": 0.0004899461799999997,
            "count": 33
        }
    },
    "metadata": {
        "timer_format_version": "0.1.0",
        "start_time_seconds": "1684525108",
        "python_version": "3.6.8 (tags/v3.6.8:3c6b436a57, Dec 24 2018, 00:16:47) [MSC v.1916 64 bit (AMD64)]",
        "command_line_arguments": "C:\\Users\\dewei\\Desktop\\IAV23-Chen\\TrabajoIADeweiChen\\V_Env\\Scripts\\mlagents-learn config/moveToPoint.yaml --run-id=MultiTrainingRamdon7",
        "mlagents_version": "0.26.0",
        "mlagents_envs_version": "0.26.0",
        "communication_protocol_version": "1.5.0",
        "pytorch_version": "1.7.1+cu110",
        "numpy_version": "1.19.5",
        "end_time_seconds": "1684525411"
    },
    "total": 303.3808344,
    "count": 1,
    "self": 0.0042553000000680186,
    "children": {
        "run_training.setup": {
            "total": 0.0673342,
            "count": 1,
            "self": 0.0673342
        },
        "TrainerController.start_learning": {
            "total": 303.30924489999995,
            "count": 1,
            "self": 0.6194198000030724,
            "children": {
                "TrainerController._reset_env": {
                    "total": 5.5059208,
                    "count": 1,
                    "self": 5.5059208
                },
                "TrainerController.advance": {
                    "total": 297.1089663999968,
                    "count": 40190,
                    "self": 0.6297597999965774,
                    "children": {
                        "env_step": {
                            "total": 218.6129347000004,
                            "count": 40190,
                            "self": 141.00306889999752,
                            "children": {
                                "SubprocessEnvManager._take_step": {
                                    "total": 77.2420594000038,
                                    "count": 40190,
                                    "self": 1.8292145000025073,
                                    "children": {
                                        "TorchPolicy.evaluate": {
                                            "total": 75.41284490000129,
                                            "count": 40021,
                                            "self": 48.05895920000428,
                                            "children": {
                                                "TorchPolicy.sample_actions": {
                                                    "total": 27.35388569999701,
                                                    "count": 40021,
                                                    "self": 27.35388569999701
                                                }
                                            }
                                        }
                                    }
                                },
                                "workers": {
                                    "total": 0.3678063999991128,
                                    "count": 40189,
                                    "self": 0.0,
                                    "children": {
                                        "worker_root": {
                                            "total": 297.98936039999836,
                                            "count": 40189,
                                            "is_parallel": true,
                                            "self": 189.81228399999583,
                                            "children": {
                                                "steps_from_proto": {
                                                    "total": 0.0002638,
                                                    "count": 1,
                                                    "is_parallel": true,
                                                    "self": 0.00010090000000000004,
                                                    "children": {
                                                        "_process_rank_one_or_two_observation": {
                                                            "total": 0.00016289999999999998,
                                                            "count": 2,
                                                            "is_parallel": true,
                                                            "self": 0.00016289999999999998
                                                        }
                                                    }
                                                },
                                                "UnityEnvironment.step": {
                                                    "total": 108.17681260000253,
                                                    "count": 40189,
                                                    "is_parallel": true,
                                                    "self": 2.9517781000111825,
                                                    "children": {
                                                        "UnityEnvironment._generate_step_input": {
                                                            "total": 4.368705499998416,
                                                            "count": 40189,
                                                            "is_parallel": true,
                                                            "self": 4.368705499998416
                                                        },
                                                        "communicator.exchange": {
                                                            "total": 92.67011199999789,
                                                            "count": 40189,
                                                            "is_parallel": true,
                                                            "self": 92.67011199999789
                                                        },
                                                        "steps_from_proto": {
                                                            "total": 8.18621699999505,
                                                            "count": 40189,
                                                            "is_parallel": true,
                                                            "self": 3.3516624999952853,
                                                            "children": {
                                                                "_process_rank_one_or_two_observation": {
                                                                    "total": 4.834554499999765,
                                                                    "count": 80378,
                                                                    "is_parallel": true,
                                                                    "self": 4.834554499999765
                                                                }
                                                            }
                                                        }
                                                    }
                                                }
                                            }
                                        }
                                    }
                                }
                            }
                        },
                        "trainer_advance": {
                            "total": 77.86627189999983,
                            "count": 40189,
                            "self": 0.7678678999994872,
                            "children": {
                                "process_trajectory": {
                                    "total": 24.313960300000424,
                                    "count": 40189,
                                    "self": 24.313960300000424
                                },
                                "_update_policy": {
                                    "total": 52.78444369999992,
                                    "count": 34,
                                    "self": 42.38689090000013,
                                    "children": {
                                        "TorchPPOOptimizer.update": {
                                            "total": 10.397552799999785,
                                            "count": 1020,
                                            "self": 10.397552799999785
                                        }
                                    }
                                }
                            }
                        }
                    }
                },
                "trainer_threads": {
                    "total": 9.000000318337698e-07,
                    "count": 1,
                    "self": 9.000000318337698e-07
                },
                "TrainerController._save_models": {
                    "total": 0.074937000000034,
                    "count": 1,
                    "self": 0.007635100000015882,
                    "children": {
                        "RLTrainer._checkpoint": {
                            "total": 0.06730190000001812,
                            "count": 1,
                            "self": 0.06730190000001812
                        }
                    }
                }
            }
        }
    }
}