{
    "MoveToPoint": {
        "checkpoints": [
            {
                "steps": 359869,
                "file_path": "results\\MultiTrainingRamdon7\\MoveToPoint\\MoveToPoint-359869.onnx",
                "reward": null,
                "creation_time": 1684525411.7431486,
                "auxillary_file_paths": [
                    "results\\MultiTrainingRamdon7\\MoveToPoint\\MoveToPoint-359869.pt"
                ]
            }
        ],
        "final_checkpoint": {
            "steps": 359869,
            "file_path": "results\\MultiTrainingRamdon7\\MoveToPoint.onnx",
            "reward": null,
            "creation_time": 1684525411.7431486,
            "auxillary_file_paths": [
                "results\\MultiTrainingRamdon7\\MoveToPoint\\MoveToPoint-359869.pt"
            ]
        }
    },
    "metadata": {
        "stats_format_version": "0.3.0",
        "mlagents_version": "0.26.0",
        "torch_version": "1.7.1+cu110"
    }
}