{
    "name": "root",
    "gauges": {
        "MoveToPoint.Policy.Entropy.mean": {
            "value": 1.4154092073440552,
            "min": 1.4154092073440552,
            "max": 1.418938398361206,
            "count": 50
        },
        "MoveToPoint.Policy.Entropy.sum": {
            "value": 14139.9375,
            "min": 13705.248046875,
            "max": 15018.04296875,
            "count": 50
        },
        "MoveToPoint.Environment.EpisodeLength.mean": {
            "value": 48.93467336683417,
            "min": 48.108374384236456,
            "max": 180.45762711864407,
            "count": 50
        },
        "MoveToPoint.Environment.EpisodeLength.sum": {
            "value": 9738.0,
            "min": 7210.0,
            "max": 11000.0,
            "count": 50
        },
        "MoveToPoint.Step.mean": {
            "value": 499990.0,
            "min": 9949.0,
            "max": 499990.0,
            "count": 50
        },
        "MoveToPoint.Step.sum": {
            "value": 499990.0,
            "min": 9949.0,
            "max": 499990.0,
            "count": 50
        },
        "MoveToPoint.Policy.ExtrinsicValueEstimate.mean": {
            "value": 0.6941766738891602,
            "min": -0.24089458584785461,
            "max": 0.6941766738891602,
            "count": 50
        },
        "MoveToPoint.Policy.ExtrinsicValueEstimate.sum": {
            "value": 161.7431640625,
            "min": -48.66070556640625,
            "max": 171.36370849609375,
            "count": 50
        },
        "MoveToPoint.Environment.CumulativeReward.mean": {
            "value": 1.0,
            "min": -0.5686274509803921,
            "max": 1.0,
            "count": 50
        },
        "MoveToPoint.Environment.CumulativeReward.sum": {
            "value": 199.0,
            "min": -29.0,
            "max": 201.0,
            "count": 50
        },
        "MoveToPoint.Policy.ExtrinsicReward.mean": {
            "value": 1.0,
            "min": -0.5686274509803921,
            "max": 1.0,
            "count": 50
        },
        "MoveToPoint.Policy.ExtrinsicReward.sum": {
            "value": 199.0,
            "min": -29.0,
            "max": 201.0,
            "count": 50
        },
        "MoveToPoint.IsTraining.mean": {
            "value": 1.0,
            "min": 1.0,
            "max": 1.0,
            "count": 50
        },
        "MoveToPoint.IsTraining.sum": {
            "value": 1.0,
            "min": 1.0,
            "max": 1.0,
            "count": 50
        },
        "MoveToPoint.Losses.PolicyLoss.mean": {
            "value": 0.02399399759475879,
            "min": 0.02399399759475879,
            "max": 0.026424158728817322,
            "count": 12
        },
        "MoveToPoint.Losses.PolicyLoss.sum": {
            "value": 0.02399399759475879,
            "min": 0.02399399759475879,
            "max": 0.026424158728817322,
            "count": 12
        },
        "MoveToPoint.Losses.ValueLoss.mean": {
            "value": 0.02696665390394628,
            "min": 0.02658048291819367,
            "max": 0.10013108476996421,
            "count": 12
        },
        "MoveToPoint.Losses.ValueLoss.sum": {
            "value": 0.02696665390394628,
            "min": 0.02658048291819367,
            "max": 0.10013108476996421,
            "count": 12
        },
        "MoveToPoint.Policy.LearningRate.mean": {
            "value": 4.908383641999994e-07,
            "min": 4.908383641999994e-07,
            "max": 2.753976820079999e-05,
            "count": 12
        },
        "MoveToPoint.Policy.LearningRate.sum": {
            "value": 4.908383641999994e-07,
            "min": 4.908383641999994e-07,
            "max": 2.753976820079999e-05,
            "count": 12
        },
        "MoveToPoint.Policy.Epsilon.mean": {
            "value": 0.10163579999999996,
            "min": 0.10163579999999996,
            "max": 0.19179919999999998,
            "count": 12
        },
        "MoveToPoint.Policy.Epsilon.sum": {
            "value": 0.10163579999999996,
            "min": 0.10163579999999996,
            "max": 0.19179919999999998,
            "count": 12
        },
        "MoveToPoint.Policy.Beta.mean": {
            "value": 1.801541999999999e-05,
            "min": 1.801541999999999e-05,
            "max": 0.00045981608,
            "count": 12
        },
        "MoveToPoint.Policy.Beta.sum": {
            "value": 1.801541999999999e-05,
            "min": 1.801541999999999e-05,
            "max": 0.00045981608,
            "count": 12
        }
    },
    "metadata": {
        "timer_format_version": "0.1.0",
        "start_time_seconds": "1685006376",
        "python_version": "3.6.8 (tags/v3.6.8:3c6b436a57, Dec 24 2018, 00:16:47) [MSC v.1916 64 bit (AMD64)]",
        "command_line_arguments": "C:\\Users\\dewei\\Desktop\\IAV23-Chen\\TrabajoIADeweiChen\\V_Env\\Scripts\\mlagents-learn config\\moveToPoint.yaml --run-id=V2 --force",
        "mlagents_version": "0.26.0",
        "mlagents_envs_version": "0.26.0",
        "communication_protocol_version": "1.5.0",
        "pytorch_version": "1.7.1+cu110",
        "numpy_version": "1.19.5",
        "end_time_seconds": "1685006637"
    },
    "total": 260.9132315,
    "count": 1,
    "self": 0.00542680000000928,
    "children": {
        "run_training.setup": {
            "total": 0.0674907,
            "count": 1,
            "self": 0.0674907
        },
        "TrainerController.start_learning": {
            "total": 260.840314,
            "count": 1,
            "self": 0.3600630999982286,
            "children": {
                "TrainerController._reset_env": {
                    "total": 13.0240206,
                    "count": 1,
                    "self": 13.0240206
                },
                "TrainerController.advance": {
                    "total": 247.41877310000174,
                    "count": 22982,
                    "self": 0.3462650000039105,
                    "children": {
                        "env_step": {
                            "total": 128.02575879999833,
                            "count": 22982,
                            "self": 93.18118989999819,
                            "children": {
                                "SubprocessEnvManager._take_step": {
                                    "total": 34.641245599999166,
                                    "count": 22982,
                                    "self": 0.9992162000008662,
                                    "children": {
                                        "TorchPolicy.evaluate": {
                                            "total": 33.6420293999983,
                                            "count": 18546,
                                            "self": 20.784318899997878,
                                            "children": {
                                                "TorchPolicy.sample_actions": {
                                                    "total": 12.857710500000422,
                                                    "count": 18546,
                                                    "self": 12.857710500000422
                                                }
                                            }
                                        }
                                    }
                                },
                                "workers": {
                                    "total": 0.20332330000097087,
                                    "count": 22982,
                                    "self": 0.0,
                                    "children": {
                                        "worker_root": {
                                            "total": 248.2713086000002,
                                            "count": 22982,
                                            "is_parallel": true,
                                            "self": 180.66617900000085,
                                            "children": {
                                                "steps_from_proto": {
                                                    "total": 0.0003567,
                                                    "count": 1,
                                                    "is_parallel": true,
                                                    "self": 0.00011560000000000002,
                                                    "children": {
                                                        "_process_rank_one_or_two_observation": {
                                                            "total": 0.00024109999999999998,
                                                            "count": 2,
                                                            "is_parallel": true,
                                                            "self": 0.00024109999999999998
                                                        }
                                                    }
                                                },
                                                "UnityEnvironment.step": {
                                                    "total": 67.60477289999935,
                                                    "count": 22982,
                                                    "is_parallel": true,
                                                    "self": 2.3946760999978096,
                                                    "children": {
                                                        "UnityEnvironment._generate_step_input": {
                                                            "total": 4.7522655999981485,
                                                            "count": 22982,
                                                            "is_parallel": true,
                                                            "self": 4.7522655999981485
                                                        },
                                                        "communicator.exchange": {
                                                            "total": 54.18390690000178,
                                                            "count": 22982,
                                                            "is_parallel": true,
                                                            "self": 54.18390690000178
                                                        },
                                                        "steps_from_proto": {
                                                            "total": 6.273924300001604,
                                                            "count": 22982,
                                                            "is_parallel": true,
                                                            "self": 2.114111600000089,
                                                            "children": {
                                                                "_process_rank_one_or_two_observation": {
                                                                    "total": 4.159812700001515,
                                                                    "count": 45964,
                                                                    "is_parallel": true,
                                                                    "self": 4.159812700001515
                                                                }
                                                            }
                                                        }
                                                    }
                                                }
                                            }
                                        }
                                    }
                                }
                            }
                        },
                        "trainer_advance": {
                            "total": 119.04674929999952,
                            "count": 22982,
                            "self": 0.5219343999985,
                            "children": {
                                "process_trajectory": {
                                    "total": 41.52008870000101,
                                    "count": 22982,
                                    "self": 41.47142020000099,
                                    "children": {
                                        "RLTrainer._checkpoint": {
                                            "total": 0.04866850000001932,
                                            "count": 1,
                                            "self": 0.04866850000001932
                                        }
                                    }
                                },
                                "_update_policy": {
                                    "total": 77.00472620000001,
                                    "count": 12,
                                    "self": 60.66198440000058,
                                    "children": {
                                        "TorchPPOOptimizer.update": {
                                            "total": 16.34274179999943,
                                            "count": 1449,
                                            "self": 16.34274179999943
                                        }
                                    }
                                }
                            }
                        }
                    }
                },
                "trainer_threads": {
                    "total": 8.000000093488779e-07,
                    "count": 1,
                    "self": 8.000000093488779e-07
                },
                "TrainerController._save_models": {
                    "total": 0.03745639999999639,
                    "count": 1,
                    "self": 0.005101299999978437,
                    "children": {
                        "RLTrainer._checkpoint": {
                            "total": 0.032355100000017956,
                            "count": 1,
                            "self": 0.032355100000017956
                        }
                    }
                }
            }
        }
    }
}