{
    "MoveToPoint": {
        "checkpoints": [
            {
                "steps": 499990,
                "file_path": "results\\V2\\MoveToPoint\\MoveToPoint-499990.onnx",
                "reward": 1.0,
                "creation_time": 1685006637.225089,
                "auxillary_file_paths": [
                    "results\\V2\\MoveToPoint\\MoveToPoint-499990.pt"
                ]
            },
            {
                "steps": 500053,
                "file_path": "results\\V2\\MoveToPoint\\MoveToPoint-500053.onnx",
                "reward": 1.0,
                "creation_time": 1685006637.263019,
                "auxillary_file_paths": [
                    "results\\V2\\MoveToPoint\\MoveToPoint-500053.pt"
                ]
            }
        ],
        "final_checkpoint": {
            "steps": 500053,
            "file_path": "results\\V2\\MoveToPoint.onnx",
            "reward": 1.0,
            "creation_time": 1685006637.263019,
            "auxillary_file_paths": [
                "results\\V2\\MoveToPoint\\MoveToPoint-500053.pt"
            ]
        }
    },
    "metadata": {
        "stats_format_version": "0.3.0",
        "mlagents_version": "0.26.0",
        "torch_version": "1.7.1+cu110"
    }
}