{
    "name": "root",
    "gauges": {
        "MoveToPoint.Policy.Entropy.mean": {
            "value": 1.4153823852539062,
            "min": 1.4153823852539062,
            "max": 1.4189382791519165,
            "count": 50
        },
        "MoveToPoint.Policy.Entropy.sum": {
            "value": 14025.0244140625,
            "min": 13775.654296875,
            "max": 15669.3359375,
            "count": 50
        },
        "MoveToPoint.Environment.EpisodeLength.mean": {
            "value": 40.77824267782427,
            "min": 40.610169491525426,
            "max": 150.421875,
            "count": 50
        },
        "MoveToPoint.Environment.EpisodeLength.sum": {
            "value": 9746.0,
            "min": 8120.0,
            "max": 11098.0,
            "count": 50
        },
        "MoveToPoint.Step.mean": {
            "value": 499976.0,
            "min": 9977.0,
            "max": 499976.0,
            "count": 50
        },
        "MoveToPoint.Step.sum": {
            "value": 499976.0,
            "min": 9977.0,
            "max": 499976.0,
            "count": 50
        },
        "MoveToPoint.Policy.ExtrinsicValueEstimate.mean": {
            "value": 0.782838761806488,
            "min": -0.8196151256561279,
            "max": 0.782838761806488,
            "count": 50
        },
        "MoveToPoint.Policy.ExtrinsicValueEstimate.sum": {
            "value": 198.84104919433594,
            "min": -156.54649353027344,
            "max": 198.84104919433594,
            "count": 50
        },
        "MoveToPoint.Environment.CumulativeReward.mean": {
            "value": 0.9832635983263598,
            "min": -0.046153846153846156,
            "max": 1.0,
            "count": 50
        },
        "MoveToPoint.Environment.CumulativeReward.sum": {
            "value": 235.0,
            "min": -3.0,
            "max": 241.0,
            "count": 50
        },
        "MoveToPoint.Policy.ExtrinsicReward.mean": {
            "value": 0.9832635983263598,
            "min": -0.046153846153846156,
            "max": 1.0,
            "count": 50
        },
        "MoveToPoint.Policy.ExtrinsicReward.sum": {
            "value": 235.0,
            "min": -3.0,
            "max": 241.0,
            "count": 50
        },
        "MoveToPoint.IsTraining.mean": {
            "value": 1.0,
            "min": 1.0,
            "max": 1.0,
            "count": 50
        },
        "MoveToPoint.IsTraining.sum": {
            "value": 1.0,
            "min": 1.0,
            "max": 1.0,
            "count": 50
        },
        "MoveToPoint.Losses.PolicyLoss.mean": {
            "value": 0.025178969749201013,
            "min": 0.02322072070195039,
            "max": 0.02727417773445874,
            "count": 12
        },
        "MoveToPoint.Losses.PolicyLoss.sum": {
            "value": 0.025178969749201013,
            "min": 0.02322072070195039,
            "max": 0.02727417773445874,
            "count": 12
        },
        "MoveToPoint.Losses.ValueLoss.mean": {
            "value": 0.014267802828301986,
            "min": 0.014267802828301986,
            "max": 0.1972837146462464,
            "count": 12
        },
        "MoveToPoint.Losses.ValueLoss.sum": {
            "value": 0.014267802828301986,
            "min": 0.014267802828301986,
            "max": 0.1972837146462464,
            "count": 12
        },
        "MoveToPoint.Policy.LearningRate.mean": {
            "value": 4.857983810000012e-07,
            "min": 4.857983810000012e-07,
            "max": 2.7534968216799996e-05,
            "count": 12
        },
        "MoveToPoint.Policy.LearningRate.sum": {
            "value": 4.857983810000012e-07,
            "min": 4.857983810000012e-07,
            "max": 2.7534968216799996e-05,
            "count": 12
        },
        "MoveToPoint.Policy.Epsilon.mean": {
            "value": 0.10161899999999999,
            "min": 0.10161899999999999,
            "max": 0.19178320000000001,
            "count": 12
        },
        "MoveToPoint.Policy.Epsilon.sum": {
            "value": 0.10161899999999999,
            "min": 0.10161899999999999,
            "max": 0.19178320000000001,
            "count": 12
        },
        "MoveToPoint.Policy.Beta.mean": {
            "value": 1.7933100000000016e-05,
            "min": 1.7933100000000016e-05,
            "max": 0.00045973768,
            "count": 12
        },
        "MoveToPoint.Policy.Beta.sum": {
            "value": 1.7933100000000016e-05,
            "min": 1.7933100000000016e-05,
            "max": 0.00045973768,
            "count": 12
        }
    },
    "metadata": {
        "timer_format_version": "0.1.0",
        "start_time_seconds": "1684618773",
        "python_version": "3.6.8 (tags/v3.6.8:3c6b436a57, Dec 24 2018, 00:16:47) [MSC v.1916 64 bit (AMD64)]",
        "command_line_arguments": "C:\\Users\\dewei\\Desktop\\IAV23-Chen\\TrabajoIADeweiChen\\V_Env\\Scripts\\mlagents-learn config/moveToPoint_Imitation.yaml --run-id=Imitation10",
        "mlagents_version": "0.26.0",
        "mlagents_envs_version": "0.26.0",
        "communication_protocol_version": "1.5.0",
        "pytorch_version": "1.7.1+cu110",
        "numpy_version": "1.19.5",
        "end_time_seconds": "1684619078"
    },
    "total": 304.5757059,
    "count": 1,
    "self": 0.00587809999996125,
    "children": {
        "run_training.setup": {
            "total": 0.069671,
            "count": 1,
            "self": 0.069671
        },
        "TrainerController.start_learning": {
            "total": 304.5001568,
            "count": 1,
            "self": 0.41028700000055096,
            "children": {
                "TrainerController._reset_env": {
                    "total": 48.662373699999996,
                    "count": 1,
                    "self": 48.662373699999996
                },
                "TrainerController.advance": {
                    "total": 255.3859291999995,
                    "count": 24077,
                    "self": 0.4141417999974806,
                    "children": {
                        "env_step": {
                            "total": 135.37755370000082,
                            "count": 24077,
                            "self": 101.53836540000131,
                            "children": {
                                "SubprocessEnvManager._take_step": {
                                    "total": 33.61305929999738,
                                    "count": 24077,
                                    "self": 1.093964499994044,
                                    "children": {
                                        "TorchPolicy.evaluate": {
                                            "total": 32.51909480000334,
                                            "count": 18542,
                                            "self": 18.539997000003282,
                                            "children": {
                                                "TorchPolicy.sample_actions": {
                                                    "total": 13.979097800000055,
                                                    "count": 18542,
                                                    "self": 13.979097800000055
                                                }
                                            }
                                        }
                                    }
                                },
                                "workers": {
                                    "total": 0.22612900000211766,
                                    "count": 24077,
                                    "self": 0.0,
                                    "children": {
                                        "worker_root": {
                                            "total": 256.3279983999981,
                                            "count": 24077,
                                            "is_parallel": true,
                                            "self": 182.68787759999876,
                                            "children": {
                                                "steps_from_proto": {
                                                    "total": 0.00039380000000000003,
                                                    "count": 1,
                                                    "is_parallel": true,
                                                    "self": 0.00011660000000000002,
                                                    "children": {
                                                        "_process_rank_one_or_two_observation": {
                                                            "total": 0.0002772,
                                                            "count": 2,
                                                            "is_parallel": true,
                                                            "self": 0.0002772
                                                        }
                                                    }
                                                },
                                                "UnityEnvironment.step": {
                                                    "total": 73.63972699999933,
                                                    "count": 24077,
                                                    "is_parallel": true,
                                                    "self": 2.6309789000007555,
                                                    "children": {
                                                        "UnityEnvironment._generate_step_input": {
                                                            "total": 4.9373326999986045,
                                                            "count": 24077,
                                                            "is_parallel": true,
                                                            "self": 4.9373326999986045
                                                        },
                                                        "communicator.exchange": {
                                                            "total": 59.09484649999983,
                                                            "count": 24077,
                                                            "is_parallel": true,
                                                            "self": 59.09484649999983
                                                        },
                                                        "steps_from_proto": {
                                                            "total": 6.9765689000001245,
                                                            "count": 24077,
                                                            "is_parallel": true,
                                                            "self": 2.2565831999985635,
                                                            "children": {
                                                                "_process_rank_one_or_two_observation": {
                                                                    "total": 4.719985700001561,
                                                                    "count": 48154,
                                                                    "is_parallel": true,
                                                                    "self": 4.719985700001561
                                                                }
                                                            }
                                                        }
                                                    }
                                                }
                                            }
                                        }
                                    }
                                }
                            }
                        },
                        "trainer_advance": {
                            "total": 119.59423370000121,
                            "count": 24077,
                            "self": 0.5865592999972762,
                            "children": {
                                "process_trajectory": {
                                    "total": 38.66123800000391,
                                    "count": 24077,
                                    "self": 38.61357220000391,
                                    "children": {
                                        "RLTrainer._checkpoint": {
                                            "total": 0.04766580000000431,
                                            "count": 1,
                                            "self": 0.04766580000000431
                                        }
                                    }
                                },
                                "_update_policy": {
                                    "total": 80.34643640000002,
                                    "count": 12,
                                    "self": 64.65506309999998,
                                    "children": {
                                        "TorchPPOOptimizer.update": {
                                            "total": 15.691373300000038,
                                            "count": 1443,
                                            "self": 15.691373300000038
                                        }
                                    }
                                }
                            }
                        }
                    }
                },
                "trainer_threads": {
                    "total": 6.999999868639861e-07,
                    "count": 1,
                    "self": 6.999999868639861e-07
                },
                "TrainerController._save_models": {
                    "total": 0.041566199999977016,
                    "count": 1,
                    "self": 0.007236499999976331,
                    "children": {
                        "RLTrainer._checkpoint": {
                            "total": 0.034329700000000685,
                            "count": 1,
                            "self": 0.034329700000000685
                        }
                    }
                }
            }
        }
    }
}