{
    "MoveToPoint": {
        "checkpoints": [
            {
                "steps": 499976,
                "file_path": "results\\Imitation10\\MoveToPoint\\MoveToPoint-499976.onnx",
                "reward": 0.9792746113989638,
                "creation_time": 1684619078.4623704,
                "auxillary_file_paths": [
                    "results\\Imitation10\\MoveToPoint\\MoveToPoint-499976.pt"
                ]
            },
            {
                "steps": 500013,
                "file_path": "results\\Imitation10\\MoveToPoint\\MoveToPoint-500013.onnx",
                "reward": 0.979381443298969,
                "creation_time": 1684619078.5012603,
                "auxillary_file_paths": [
                    "results\\Imitation10\\MoveToPoint\\MoveToPoint-500013.pt"
                ]
            }
        ],
        "final_checkpoint": {
            "steps": 500013,
            "file_path": "results\\Imitation10\\MoveToPoint.onnx",
            "reward": 0.979381443298969,
            "creation_time": 1684619078.5012603,
            "auxillary_file_paths": [
                "results\\Imitation10\\MoveToPoint\\MoveToPoint-500013.pt"
            ]
        }
    },
    "metadata": {
        "stats_format_version": "0.3.0",
        "mlagents_version": "0.26.0",
        "torch_version": "1.7.1+cu110"
    }
}