{
    "name": "root",
    "gauges": {
        "OpenDoor.Policy.Entropy.mean": {
            "value": 0.3132328987121582,
            "min": 0.3032011389732361,
            "max": 1.2063515186309814,
            "count": 46
        },
        "OpenDoor.Policy.Entropy.sum": {
            "value": 6278.126953125,
            "min": 6060.6875,
            "max": 24461.189453125,
            "count": 46
        },
        "OpenDoor.Environment.EpisodeLength.mean": {
            "value": 31.699675324675326,
            "min": 27.613733905579398,
            "max": 55.55084745762712,
            "count": 46
        },
        "OpenDoor.Environment.EpisodeLength.sum": {
            "value": 19527.0,
            "min": 19033.0,
            "max": 19812.0,
            "count": 46
        },
        "OpenDoor.Step.mean": {
            "value": 919989.0,
            "min": 19995.0,
            "max": 919989.0,
            "count": 46
        },
        "OpenDoor.Step.sum": {
            "value": 919989.0,
            "min": 19995.0,
            "max": 919989.0,
            "count": 46
        },
        "OpenDoor.Policy.ExtrinsicValueEstimate.mean": {
            "value": -0.47682633996009827,
            "min": -0.47682633996009827,
            "max": 0.033379994332790375,
            "count": 46
        },
        "OpenDoor.Policy.ExtrinsicValueEstimate.sum": {
            "value": -326.62603759765625,
            "min": -326.62603759765625,
            "max": 16.556476593017578,
            "count": 46
        },
        "OpenDoor.Policy.GailValueEstimate.mean": {
            "value": 3.0661513805389404,
            "min": 2.9922049045562744,
            "max": 9.43490982055664,
            "count": 46
        },
        "OpenDoor.Policy.GailValueEstimate.sum": {
            "value": 2100.313720703125,
            "min": 2091.55126953125,
            "max": 4594.80126953125,
            "count": 46
        },
        "OpenDoor.Environment.CumulativeReward.mean": {
            "value": -0.40558923049769424,
            "min": -0.40558923049769424,
            "max": 0.32580475336488557,
            "count": 46
        },
        "OpenDoor.Environment.CumulativeReward.sum": {
            "value": -249.84296598657966,
            "min": -250.1379599161446,
            "max": 138.46702018007636,
            "count": 46
        },
        "OpenDoor.Policy.ExtrinsicReward.mean": {
            "value": -0.40558923049769424,
            "min": -0.40558923049769424,
            "max": 0.32580475336488557,
            "count": 46
        },
        "OpenDoor.Policy.ExtrinsicReward.sum": {
            "value": -249.84296598657966,
            "min": -250.1379599161446,
            "max": 138.46702018007636,
            "count": 46
        },
        "OpenDoor.Policy.GailReward.mean": {
            "value": 6.341175343094442,
            "min": 6.221709505920361,
            "max": 22.738609264111385,
            "count": 46
        },
        "OpenDoor.Policy.GailReward.sum": {
            "value": 3906.1640113461763,
            "min": 3906.1640113461763,
            "max": 8026.7290702313185,
            "count": 46
        },
        "OpenDoor.Losses.PolicyLoss.mean": {
            "value": 0.04198589180024308,
            "min": 0.03910095517251951,
            "max": 0.04896705864618222,
            "count": 46
        },
        "OpenDoor.Losses.PolicyLoss.sum": {
            "value": 0.7977319442046185,
            "min": 0.7462683313060552,
            "max": 0.9793411729236444,
            "count": 46
        },
        "OpenDoor.Losses.ValueLoss.mean": {
            "value": 5.098264929756783,
            "min": 4.751884113801153,
            "max": 22.855334002662588,
            "count": 46
        },
        "OpenDoor.Losses.ValueLoss.sum": {
            "value": 96.86703366537888,
            "min": 90.28579816222191,
            "max": 411.39601204792655,
            "count": 46
        },
        "OpenDoor.Policy.LearningRate.mean": {
            "value": 0.0002454140076690211,
            "min": 0.0002454140076690211,
            "max": 0.00029939566686811107,
            "count": 46
        },
        "OpenDoor.Policy.LearningRate.sum": {
            "value": 0.0046628661457114,
            "min": 0.0046628661457114,
            "max": 0.005964035651988119,
            "count": 46
        },
        "OpenDoor.Policy.Epsilon.mean": {
            "value": 0.18180466315789476,
            "min": 0.18180466315789476,
            "max": 0.19979855555555556,
            "count": 46
        },
        "OpenDoor.Policy.Epsilon.sum": {
            "value": 3.4542886000000004,
            "min": 3.4542886000000004,
            "max": 3.98801188,
            "count": 46
        },
        "OpenDoor.Policy.Beta.mean": {
            "value": 0.0004108428494736842,
            "min": 0.0004108428494736842,
            "max": 0.0004990129222222222,
            "count": 46
        },
        "OpenDoor.Policy.Beta.sum": {
            "value": 0.0078060141399999994,
            "min": 0.0078060141399999994,
            "max": 0.009941258212,
            "count": 46
        },
        "OpenDoor.Policy.GAILPolicyEstimate.mean": {
            "value": 0.27789141165844183,
            "min": 0.27789141165844183,
            "max": 0.4985207516562055,
            "count": 46
        },
        "OpenDoor.Policy.GAILPolicyEstimate.sum": {
            "value": 5.279936821510395,
            "min": 5.279936821510395,
            "max": 9.29974003881216,
            "count": 46
        },
        "OpenDoor.Policy.GAILExpertEstimate.mean": {
            "value": 0.7222241714858173,
            "min": 0.5385746169835329,
            "max": 0.7222241714858173,
            "count": 46
        },
        "OpenDoor.Policy.GAILExpertEstimate.sum": {
            "value": 13.722259258230528,
            "min": 10.037385483582815,
            "max": 13.97827849785487,
            "count": 46
        },
        "OpenDoor.Losses.GAILLoss.mean": {
            "value": 0.7525846848362372,
            "min": 0.7525846848362372,
            "max": 1.4492521752361898,
            "count": 46
        },
        "OpenDoor.Losses.GAILLoss.sum": {
            "value": 14.299109011888506,
            "min": 14.299109011888506,
            "max": 26.086539154251415,
            "count": 46
        },
        "OpenDoor.Policy.GAILGradMagLoss.mean": {
            "value": 0.04808293101622871,
            "min": 0.041881516780050705,
            "max": 3.7548714670421623,
            "count": 46
        },
        "OpenDoor.Policy.GAILGradMagLoss.sum": {
            "value": 0.9135756893083454,
            "min": 0.7957488188209634,
            "max": 67.58768640675892,
            "count": 46
        },
        "OpenDoor.Losses.PretrainingLoss.mean": {
            "value": 0.1920840765910539,
            "min": 0.1920840765910539,
            "max": 0.4401140116431095,
            "count": 46
        },
        "OpenDoor.Losses.PretrainingLoss.sum": {
            "value": 3.649597455230024,
            "min": 3.649597455230024,
            "max": 7.922052209575971,
            "count": 46
        },
        "OpenDoor.IsTraining.mean": {
            "value": 1.0,
            "min": 1.0,
            "max": 1.0,
            "count": 46
        },
        "OpenDoor.IsTraining.sum": {
            "value": 1.0,
            "min": 1.0,
            "max": 1.0,
            "count": 46
        }
    },
    "metadata": {
        "timer_format_version": "0.1.0",
        "start_time_seconds": "1684678469",
        "python_version": "3.6.8 (tags/v3.6.8:3c6b436a57, Dec 24 2018, 00:16:47) [MSC v.1916 64 bit (AMD64)]",
        "command_line_arguments": "C:\\Users\\dewei\\Desktop\\IAV23-Chen\\TrabajoIADeweiChen\\V_Env\\Scripts\\mlagents-learn config/OpenDoor_Imitation.yaml --run-id=OpenDoor_Imitation5",
        "mlagents_version": "0.26.0",
        "mlagents_envs_version": "0.26.0",
        "communication_protocol_version": "1.5.0",
        "pytorch_version": "1.7.1+cu110",
        "numpy_version": "1.19.5",
        "end_time_seconds": "1684679963"
    },
    "total": 1494.1764261,
    "count": 1,
    "self": 0.005538900000146896,
    "children": {
        "run_training.setup": {
            "total": 0.0710986,
            "count": 1,
            "self": 0.0710986
        },
        "TrainerController.start_learning": {
            "total": 1494.0997886,
            "count": 1,
            "self": 2.089107600023908,
            "children": {
                "TrainerController._reset_env": {
                    "total": 10.618597300000001,
                    "count": 1,
                    "self": 9.5733695,
                    "children": {
                        "demo_to_buffer": {
                            "total": 1.045227800000001,
                            "count": 2,
                            "self": 7.750000000150692e-05,
                            "children": {
                                "load_demonstration": {
                                    "total": 0.010479999999999379,
                                    "count": 2,
                                    "self": 0.010307899999999037,
                                    "children": {
                                        "read_file": {
                                            "total": 0.00017210000000034142,
                                            "count": 2,
                                            "self": 0.00017210000000034142
                                        }
                                    }
                                },
                                "make_demo_buffer": {
                                    "total": 1.0346703000000002,
                                    "count": 2,
                                    "self": 0.22161209999999798,
                                    "children": {
                                        "steps_from_proto": {
                                            "total": 0.8130582000000022,
                                            "count": 6932,
                                            "self": 0.5674308000000643,
                                            "children": {
                                                "_process_rank_one_or_two_observation": {
                                                    "total": 0.24562739999993788,
                                                    "count": 13864,
                                                    "self": 0.24562739999993788
                                                }
                                            }
                                        }
                                    }
                                }
                            }
                        }
                    }
                },
                "TrainerController.advance": {
                    "total": 1481.3051564999762,
                    "count": 126643,
                    "self": 2.043063499997743,
                    "children": {
                        "env_step": {
                            "total": 820.8003607999774,
                            "count": 126643,
                            "self": 450.26134099994323,
                            "children": {
                                "SubprocessEnvManager._take_step": {
                                    "total": 369.31547330000586,
                                    "count": 126643,
                                    "self": 5.018605300025172,
                                    "children": {
                                        "TorchPolicy.evaluate": {
                                            "total": 364.2968679999807,
                                            "count": 102607,
                                            "self": 139.48406849997804,
                                            "children": {
                                                "TorchPolicy.sample_actions": {
                                                    "total": 224.81279950000265,
                                                    "count": 102607,
                                                    "self": 224.81279950000265
                                                }
                                            }
                                        }
                                    }
                                },
                                "workers": {
                                    "total": 1.2235465000283252,
                                    "count": 126642,
                                    "self": 0.0,
                                    "children": {
                                        "worker_root": {
                                            "total": 1482.4732798000548,
                                            "count": 126642,
                                            "is_parallel": true,
                                            "self": 1138.2860331000852,
                                            "children": {
                                                "steps_from_proto": {
                                                    "total": 0.0004512,
                                                    "count": 1,
                                                    "is_parallel": true,
                                                    "self": 0.00020830000000000005,
                                                    "children": {
                                                        "_process_rank_one_or_two_observation": {
                                                            "total": 0.00024289999999999997,
                                                            "count": 2,
                                                            "is_parallel": true,
                                                            "self": 0.00024289999999999997
                                                        }
                                                    }
                                                },
                                                "UnityEnvironment.step": {
                                                    "total": 344.18679549996966,
                                                    "count": 126642,
                                                    "is_parallel": true,
                                                    "self": 9.91820349996408,
                                                    "children": {
                                                        "UnityEnvironment._generate_step_input": {
                                                            "total": 12.824513899987615,
                                                            "count": 126642,
                                                            "is_parallel": true,
                                                            "self": 12.824513899987615
                                                        },
                                                        "communicator.exchange": {
                                                            "total": 290.75729579998836,
                                                            "count": 126642,
                                                            "is_parallel": true,
                                                            "self": 290.75729579998836
                                                        },
                                                        "steps_from_proto": {
                                                            "total": 30.686782300029645,
                                                            "count": 126642,
                                                            "is_parallel": true,
                                                            "self": 16.14219999995752,
                                                            "children": {
                                                                "_process_rank_one_or_two_observation": {
                                                                    "total": 14.544582300072125,
                                                                    "count": 253284,
                                                                    "is_parallel": true,
                                                                    "self": 14.544582300072125
                                                                }
                                                            }
                                                        }
                                                    }
                                                }
                                            }
                                        }
                                    }
                                }
                            }
                        },
                        "trainer_advance": {
                            "total": 658.461732200001,
                            "count": 126642,
                            "self": 3.007440300033295,
                            "children": {
                                "process_trajectory": {
                                    "total": 139.92410719996616,
                                    "count": 126642,
                                    "self": 139.84538889996617,
                                    "children": {
                                        "RLTrainer._checkpoint": {
                                            "total": 0.07871829999999136,
                                            "count": 1,
                                            "self": 0.07871829999999136
                                        }
                                    }
                                },
                                "_update_policy": {
                                    "total": 515.5301847000017,
                                    "count": 883,
                                    "self": 250.26368510000344,
                                    "children": {
                                        "TorchPPOOptimizer.update": {
                                            "total": 227.46505699999784,
                                            "count": 10596,
                                            "self": 227.46505699999784
                                        },
                                        "TorchPolicy.sample_actions": {
                                            "total": 37.801442600000364,
                                            "count": 15894,
                                            "self": 37.801442600000364
                                        }
                                    }
                                }
                            }
                        }
                    }
                },
                "trainer_threads": {
                    "total": 9.000000318337698e-07,
                    "count": 1,
                    "self": 9.000000318337698e-07
                },
                "TrainerController._save_models": {
                    "total": 0.08692629999995916,
                    "count": 1,
                    "self": 0.00873179999985041,
                    "children": {
                        "RLTrainer._checkpoint": {
                            "total": 0.07819450000010875,
                            "count": 1,
                            "self": 0.07819450000010875
                        }
                    }
                }
            }
        }
    }
}