{
    "OpenDoor": {
        "checkpoints": [
            {
                "steps": 499937,
                "file_path": "results\\OpenDoor_Imitation5\\OpenDoor\\OpenDoor-499937.onnx",
                "reward": -0.22574995178729296,
                "creation_time": 1684679284.6910112,
                "auxillary_file_paths": [
                    "results\\OpenDoor_Imitation5\\OpenDoor\\OpenDoor-499937.pt"
                ]
            },
            {
                "steps": 923376,
                "file_path": "results\\OpenDoor_Imitation5\\OpenDoor\\OpenDoor-923376.onnx",
                "reward": null,
                "creation_time": 1684679963.8419628,
                "auxillary_file_paths": [
                    "results\\OpenDoor_Imitation5\\OpenDoor\\OpenDoor-923376.pt"
                ]
            }
        ],
        "final_checkpoint": {
            "steps": 923376,
            "file_path": "results\\OpenDoor_Imitation5\\OpenDoor.onnx",
            "reward": null,
            "creation_time": 1684679963.8419628,
            "auxillary_file_paths": [
                "results\\OpenDoor_Imitation5\\OpenDoor\\OpenDoor-923376.pt"
            ]
        }
    },
    "metadata": {
        "stats_format_version": "0.3.0",
        "mlagents_version": "0.26.0",
        "torch_version": "1.7.1+cu110"
    }
}