{
    "name": "root",
    "gauges": {
        "OpenDoor.Policy.Entropy.mean": {
            "value": 1.0118396282196045,
            "min": 0.8076906204223633,
            "max": 2.1057045459747314,
            "count": 50
        },
        "OpenDoor.Policy.Entropy.sum": {
            "value": 20435.11328125,
            "min": 16203.08203125,
            "max": 45028.38671875,
            "count": 50
        },
        "OpenDoor.Step.mean": {
            "value": 999996.0,
            "min": 19976.0,
            "max": 999996.0,
            "count": 50
        },
        "OpenDoor.Step.sum": {
            "value": 999996.0,
            "min": 19976.0,
            "max": 999996.0,
            "count": 50
        },
        "OpenDoor.Policy.ExtrinsicValueEstimate.mean": {
            "value": 0.23853228986263275,
            "min": 0.03381124883890152,
            "max": 0.6570287346839905,
            "count": 50
        },
        "OpenDoor.Policy.ExtrinsicValueEstimate.sum": {
            "value": 94.45878601074219,
            "min": 12.949708938598633,
            "max": 265.4396057128906,
            "count": 50
        },
        "OpenDoor.Policy.GailValueEstimate.mean": {
            "value": 12.478910446166992,
            "min": 10.54625129699707,
            "max": 39.24732208251953,
            "count": 50
        },
        "OpenDoor.Policy.GailValueEstimate.sum": {
            "value": 4941.6484375,
            "min": 4260.685546875,
            "max": 15855.91796875,
            "count": 50
        },
        "OpenDoor.Losses.PolicyLoss.mean": {
            "value": 0.040912049001134515,
            "min": 0.03701514561005212,
            "max": 0.048512945352639586,
            "count": 50
        },
        "OpenDoor.Losses.PolicyLoss.sum": {
            "value": 0.7364168820204213,
            "min": 0.47556623648334706,
            "max": 0.9150801262197396,
            "count": 50
        },
        "OpenDoor.Losses.ValueLoss.mean": {
            "value": 6.468297245325865,
            "min": 4.011285987165238,
            "max": 89.40133598394561,
            "count": 50
        },
        "OpenDoor.Losses.ValueLoss.sum": {
            "value": 116.42935041586557,
            "min": 60.190845254394745,
            "max": 1698.6253836949666,
            "count": 50
        },
        "OpenDoor.Policy.LearningRate.mean": {
            "value": 2.9735990088333343e-06,
            "min": 2.9735990088333343e-06,
            "max": 0.00029680123742989087,
            "count": 50
        },
        "OpenDoor.Policy.LearningRate.sum": {
            "value": 5.352478215900002e-05,
            "min": 5.352478215900002e-05,
            "max": 0.005302775232408299,
            "count": 50
        },
        "OpenDoor.Policy.Epsilon.mean": {
            "value": 0.10099116666666667,
            "min": 0.10099116666666667,
            "max": 0.19893374545454548,
            "count": 50
        },
        "OpenDoor.Policy.Epsilon.sum": {
            "value": 1.817841,
            "min": 1.817841,
            "max": 3.6675917,
            "count": 50
        },
        "OpenDoor.Policy.Beta.mean": {
            "value": 1.4856716666666668e-05,
            "min": 1.4856716666666668e-05,
            "max": 0.0004947753527272728,
            "count": 50
        },
        "OpenDoor.Policy.Beta.sum": {
            "value": 0.0002674209,
            "min": 0.0002674209,
            "max": 0.00885119933,
            "count": 50
        },
        "OpenDoor.Policy.GAILPolicyEstimate.mean": {
            "value": 0.29600054818998883,
            "min": 0.29244186186738186,
            "max": 0.551238308823298,
            "count": 50
        },
        "OpenDoor.Policy.GAILPolicyEstimate.sum": {
            "value": 5.328009867419799,
            "min": 4.3830900483188175,
            "max": 9.144359474380812,
            "count": 50
        },
        "OpenDoor.Policy.GAILExpertEstimate.mean": {
            "value": 0.7174409619636006,
            "min": 0.5687083111781823,
            "max": 0.7174409619636006,
            "count": 50
        },
        "OpenDoor.Policy.GAILExpertEstimate.sum": {
            "value": 12.91393731534481,
            "min": 6.6332824225463565,
            "max": 13.545988758405048,
            "count": 50
        },
        "OpenDoor.Losses.GAILLoss.mean": {
            "value": 0.7970844087777313,
            "min": 0.7915616187087277,
            "max": 1.386991173028946,
            "count": 50
        },
        "OpenDoor.Losses.GAILLoss.sum": {
            "value": 14.347519357999165,
            "min": 10.916282202043229,
            "max": 26.352832287549973,
            "count": 50
        },
        "OpenDoor.Policy.GAILGradMagLoss.mean": {
            "value": 0.06607467467310252,
            "min": 0.052152746406040694,
            "max": 2.903450157358963,
            "count": 50
        },
        "OpenDoor.Policy.GAILGradMagLoss.sum": {
            "value": 1.1893441441158454,
            "min": 0.9884778109068671,
            "max": 31.937951730948594,
            "count": 50
        },
        "OpenDoor.Losses.PretrainingLoss.mean": {
            "value": 0.35815174643088266,
            "min": 0.35593354336002414,
            "max": 0.7535146976059134,
            "count": 50
        },
        "OpenDoor.Losses.PretrainingLoss.sum": {
            "value": 6.446731435755888,
            "min": 5.933330838878949,
            "max": 8.288661673665047,
            "count": 50
        },
        "OpenDoor.Environment.EpisodeLength.mean": {
            "value": 161.24590163934425,
            "min": 128.54054054054055,
            "max": 199.0,
            "count": 50
        },
        "OpenDoor.Environment.EpisodeLength.sum": {
            "value": 19672.0,
            "min": 16119.0,
            "max": 21475.0,
            "count": 50
        },
        "OpenDoor.Environment.CumulativeReward.mean": {
            "value": 1.3114754098360655,
            "min": 0.012345679012345678,
            "max": 1.5472972972972974,
            "count": 50
        },
        "OpenDoor.Environment.CumulativeReward.sum": {
            "value": 160.0,
            "min": 1.0,
            "max": 236.0,
            "count": 50
        },
        "OpenDoor.Policy.ExtrinsicReward.mean": {
            "value": 1.3114754098360655,
            "min": 0.012345679012345678,
            "max": 1.5472972972972974,
            "count": 50
        },
        "OpenDoor.Policy.ExtrinsicReward.sum": {
            "value": 160.0,
            "min": 1.0,
            "max": 236.0,
            "count": 50
        },
        "OpenDoor.Policy.GailReward.mean": {
            "value": 37.52836730297594,
            "min": 35.518228890654974,
            "max": 87.68983393981134,
            "count": 50
        },
        "OpenDoor.Policy.GailReward.sum": {
            "value": 4578.460810963064,
            "min": 4433.61010036245,
            "max": 7707.56563565135,
            "count": 50
        },
        "OpenDoor.IsTraining.mean": {
            "value": 1.0,
            "min": 1.0,
            "max": 1.0,
            "count": 50
        },
        "OpenDoor.IsTraining.sum": {
            "value": 1.0,
            "min": 1.0,
            "max": 1.0,
            "count": 50
        }
    },
    "metadata": {
        "timer_format_version": "0.1.0",
        "start_time_seconds": "1684686996",
        "python_version": "3.6.8 (tags/v3.6.8:3c6b436a57, Dec 24 2018, 00:16:47) [MSC v.1916 64 bit (AMD64)]",
        "command_line_arguments": "C:\\Users\\dewei\\Desktop\\IAV23-Chen\\TrabajoIADeweiChen\\V_Env\\Scripts\\mlagents-learn config/OpenDoor_Imitation.yaml --run-id=OpenDoor_Imitation8",
        "mlagents_version": "0.26.0",
        "mlagents_envs_version": "0.26.0",
        "communication_protocol_version": "1.5.0",
        "pytorch_version": "1.7.1+cu110",
        "numpy_version": "1.19.5",
        "end_time_seconds": "1684687933"
    },
    "total": 936.9339568,
    "count": 1,
    "self": 0.006997200000000703,
    "children": {
        "run_training.setup": {
            "total": 0.0694419,
            "count": 1,
            "self": 0.0694419
        },
        "TrainerController.start_learning": {
            "total": 936.8575177,
            "count": 1,
            "self": 0.7234533999960604,
            "children": {
                "TrainerController._reset_env": {
                    "total": 11.8532107,
                    "count": 1,
                    "self": 11.143699499999999,
                    "children": {
                        "demo_to_buffer": {
                            "total": 0.7095112000000015,
                            "count": 2,
                            "self": 6.220000000034531e-05,
                            "children": {
                                "load_demonstration": {
                                    "total": 0.007381399999999871,
                                    "count": 2,
                                    "self": 0.007235399999999004,
                                    "children": {
                                        "read_file": {
                                            "total": 0.00014600000000086766,
                                            "count": 2,
                                            "self": 0.00014600000000086766
                                        }
                                    }
                                },
                                "make_demo_buffer": {
                                    "total": 0.7020676000000012,
                                    "count": 2,
                                    "self": 0.14388349999998873,
                                    "children": {
                                        "steps_from_proto": {
                                            "total": 0.5581841000000125,
                                            "count": 4764,
                                            "self": 0.390269100000058,
                                            "children": {
                                                "_process_rank_one_or_two_observation": {
                                                    "total": 0.16791499999995452,
                                                    "count": 9528,
                                                    "self": 0.16791499999995452
                                                }
                                            }
                                        }
                                    }
                                }
                            }
                        }
                    }
                },
                "TrainerController.advance": {
                    "total": 924.217176800004,
                    "count": 41449,
                    "self": 0.7373789000160968,
                    "children": {
                        "env_step": {
                            "total": 353.6085996999918,
                            "count": 41449,
                            "self": 218.84166670000252,
                            "children": {
                                "SubprocessEnvManager._take_step": {
                                    "total": 134.36917759999233,
                                    "count": 41449,
                                    "self": 1.9809830000064608,
                                    "children": {
                                        "TorchPolicy.evaluate": {
                                            "total": 132.38819459998587,
                                            "count": 37073,
                                            "self": 51.94004029998281,
                                            "children": {
                                                "TorchPolicy.sample_actions": {
                                                    "total": 80.44815430000305,
                                                    "count": 37073,
                                                    "self": 80.44815430000305
                                                }
                                            }
                                        }
                                    }
                                },
                                "workers": {
                                    "total": 0.3977553999969956,
                                    "count": 41449,
                                    "self": 0.0,
                                    "children": {
                                        "worker_root": {
                                            "total": 925.7449611000103,
                                            "count": 41449,
                                            "is_parallel": true,
                                            "self": 760.0348483000083,
                                            "children": {
                                                "steps_from_proto": {
                                                    "total": 0.0004616,
                                                    "count": 1,
                                                    "is_parallel": true,
                                                    "self": 0.00019939999999999997,
                                                    "children": {
                                                        "_process_rank_one_or_two_observation": {
                                                            "total": 0.00026220000000000003,
                                                            "count": 2,
                                                            "is_parallel": true,
                                                            "self": 0.00026220000000000003
                                                        }
                                                    }
                                                },
                                                "UnityEnvironment.step": {
                                                    "total": 165.70965120000196,
                                                    "count": 41449,
                                                    "is_parallel": true,
                                                    "self": 4.8196858999824315,
                                                    "children": {
                                                        "UnityEnvironment._generate_step_input": {
                                                            "total": 9.919111000008456,
                                                            "count": 41449,
                                                            "is_parallel": true,
                                                            "self": 9.919111000008456
                                                        },
                                                        "communicator.exchange": {
                                                            "total": 135.66580040000537,
                                                            "count": 41449,
                                                            "is_parallel": true,
                                                            "self": 135.66580040000537
                                                        },
                                                        "steps_from_proto": {
                                                            "total": 15.305053900005701,
                                                            "count": 41449,
                                                            "is_parallel": true,
                                                            "self": 6.451261300011401,
                                                            "children": {
                                                                "_process_rank_one_or_two_observation": {
                                                                    "total": 8.8537925999943,
                                                                    "count": 82898,
                                                                    "is_parallel": true,
                                                                    "self": 8.8537925999943
                                                                }
                                                            }
                                                        }
                                                    }
                                                }
                                            }
                                        }
                                    }
                                }
                            }
                        },
                        "trainer_advance": {
                            "total": 569.8711981999961,
                            "count": 41449,
                            "self": 1.438529099989978,
                            "children": {
                                "process_trajectory": {
                                    "total": 105.87294680000528,
                                    "count": 41449,
                                    "self": 105.73608130000522,
                                    "children": {
                                        "RLTrainer._checkpoint": {
                                            "total": 0.13686550000005582,
                                            "count": 2,
                                            "self": 0.13686550000005582
                                        }
                                    }
                                },
                                "_update_policy": {
                                    "total": 462.55972230000083,
                                    "count": 916,
                                    "self": 219.90556090000632,
                                    "children": {
                                        "TorchPPOOptimizer.update": {
                                            "total": 218.59993809999736,
                                            "count": 11187,
                                            "self": 218.59993809999736
                                        },
                                        "TorchPolicy.sample_actions": {
                                            "total": 24.05422329999716,
                                            "count": 10992,
                                            "self": 24.05422329999716
                                        }
                                    }
                                }
                            }
                        }
                    }
                },
                "trainer_threads": {
                    "total": 7.999999525054591e-07,
                    "count": 1,
                    "self": 7.999999525054591e-07
                },
                "TrainerController._save_models": {
                    "total": 0.06367599999998674,
                    "count": 1,
                    "self": 0.00802299999998013,
                    "children": {
                        "RLTrainer._checkpoint": {
                            "total": 0.055653000000006614,
                            "count": 1,
                            "self": 0.055653000000006614
                        }
                    }
                }
            }
        }
    }
}