{
    "OpenDoor": {
        "checkpoints": [
            {
                "steps": 499966,
                "file_path": "results\\OpenDoor_Imitation8\\OpenDoor\\OpenDoor-499966.onnx",
                "reward": 1.125,
                "creation_time": 1684687468.5880225,
                "auxillary_file_paths": [
                    "results\\OpenDoor_Imitation8\\OpenDoor\\OpenDoor-499966.pt"
                ]
            },
            {
                "steps": 999996,
                "file_path": "results\\OpenDoor_Imitation8\\OpenDoor\\OpenDoor-999996.onnx",
                "reward": 1.75,
                "creation_time": 1684687933.4796503,
                "auxillary_file_paths": [
                    "results\\OpenDoor_Imitation8\\OpenDoor\\OpenDoor-999996.pt"
                ]
            },
            {
                "steps": 1000060,
                "file_path": "results\\OpenDoor_Imitation8\\OpenDoor\\OpenDoor-1000060.onnx",
                "reward": 1.75,
                "creation_time": 1684687933.5424848,
                "auxillary_file_paths": [
                    "results\\OpenDoor_Imitation8\\OpenDoor\\OpenDoor-1000060.pt"
                ]
            }
        ],
        "final_checkpoint": {
            "steps": 1000060,
            "file_path": "results\\OpenDoor_Imitation8\\OpenDoor.onnx",
            "reward": 1.75,
            "creation_time": 1684687933.5424848,
            "auxillary_file_paths": [
                "results\\OpenDoor_Imitation8\\OpenDoor\\OpenDoor-1000060.pt"
            ]
        }
    },
    "metadata": {
        "stats_format_version": "0.3.0",
        "mlagents_version": "0.26.0",
        "torch_version": "1.7.1+cu110"
    }
}