{
    "name": "root",
    "gauges": {
        "OpenDoor.Policy.Entropy.mean": {
            "value": 0.5379880666732788,
            "min": 0.5379880666732788,
            "max": 1.2053827047348022,
            "count": 2
        },
        "OpenDoor.Policy.Entropy.sum": {
            "value": 10787.736328125,
            "min": 10787.736328125,
            "max": 24278.818359375,
            "count": 2
        },
        "OpenDoor.Environment.EpisodeLength.mean": {
            "value": 42.65,
            "min": 42.65,
            "max": 54.50299401197605,
            "count": 2
        },
        "OpenDoor.Environment.EpisodeLength.sum": {
            "value": 10236.0,
            "min": 10236.0,
            "max": 18204.0,
            "count": 2
        },
        "OpenDoor.Step.mean": {
            "value": 39958.0,
            "min": 19985.0,
            "max": 39958.0,
            "count": 2
        },
        "OpenDoor.Step.sum": {
            "value": 39958.0,
            "min": 19985.0,
            "max": 39958.0,
            "count": 2
        },
        "OpenDoor.Policy.ExtrinsicValueEstimate.mean": {
            "value": 0.1146976575255394,
            "min": -0.26439595222473145,
            "max": 0.1146976575255394,
            "count": 2
        },
        "OpenDoor.Policy.ExtrinsicValueEstimate.sum": {
            "value": 47.71422576904297,
            "min": -128.49642944335938,
            "max": 47.71422576904297,
            "count": 2
        },
        "OpenDoor.Policy.GailValueEstimate.mean": {
            "value": 9.347808837890625,
            "min": 8.38310432434082,
            "max": 9.347808837890625,
            "count": 2
        },
        "OpenDoor.Policy.GailValueEstimate.sum": {
            "value": 3888.6884765625,
            "min": 3888.6884765625,
            "max": 4074.1884765625,
            "count": 2
        },
        "OpenDoor.Environment.CumulativeReward.mean": {
            "value": 0.5040682070971664,
            "min": 0.07832310884609237,
            "max": 0.5040682070971664,
            "count": 2
        },
        "OpenDoor.Environment.CumulativeReward.sum": {
            "value": 121.4804379104171,
            "min": 26.08159524574876,
            "max": 121.4804379104171,
            "count": 2
        },
        "OpenDoor.Policy.ExtrinsicReward.mean": {
            "value": 0.5040682070971664,
            "min": 0.07832310884609237,
            "max": 0.5040682070971664,
            "count": 2
        },
        "OpenDoor.Policy.ExtrinsicReward.sum": {
            "value": 121.4804379104171,
            "min": 26.08159524574876,
            "max": 121.4804379104171,
            "count": 2
        },
        "OpenDoor.Policy.GailReward.mean": {
            "value": 18.276629101809625,
            "min": 18.276629101809625,
            "max": 20.320163698838996,
            "count": 2
        },
        "OpenDoor.Policy.GailReward.sum": {
            "value": 4404.6676135361195,
            "min": 4404.6676135361195,
            "max": 6766.614511713386,
            "count": 2
        },
        "OpenDoor.Losses.PolicyLoss.mean": {
            "value": 0.04589074028231072,
            "min": 0.0442637129389267,
            "max": 0.04589074028231072,
            "count": 2
        },
        "OpenDoor.Losses.PolicyLoss.sum": {
            "value": 0.8719240653639038,
            "min": 0.7967468329006806,
            "max": 0.8719240653639038,
            "count": 2
        },
        "OpenDoor.Losses.ValueLoss.mean": {
            "value": 6.163707731585753,
            "min": 6.163707731585753,
            "max": 17.21447573326252,
            "count": 2
        },
        "OpenDoor.Losses.ValueLoss.sum": {
            "value": 117.11044690012932,
            "min": 117.11044690012932,
            "max": 309.8605631987254,
            "count": 2
        },
        "OpenDoor.Policy.LearningRate.mean": {
            "value": 0.00028225064802171577,
            "min": 0.00028225064802171577,
            "max": 0.0002939531353489555,
            "count": 2
        },
        "OpenDoor.Policy.LearningRate.sum": {
            "value": 0.005362762312412599,
            "min": 0.0052911564362811995,
            "max": 0.005362762312412599,
            "count": 2
        },
        "OpenDoor.Policy.Epsilon.mean": {
            "value": 0.19408354736842107,
            "min": 0.19408354736842107,
            "max": 0.19798437777777778,
            "count": 2
        },
        "OpenDoor.Policy.Epsilon.sum": {
            "value": 3.6875874000000004,
            "min": 3.5637188,
            "max": 3.6875874000000004,
            "count": 2
        },
        "OpenDoor.Policy.Beta.mean": {
            "value": 0.0004710093821052632,
            "min": 0.0004710093821052632,
            "max": 0.000490123451111111,
            "count": 2
        },
        "OpenDoor.Policy.Beta.sum": {
            "value": 0.008949178260000001,
            "min": 0.008822222119999999,
            "max": 0.008949178260000001,
            "count": 2
        },
        "OpenDoor.Policy.GAILPolicyEstimate.mean": {
            "value": 0.3774715211699929,
            "min": 0.3774715211699929,
            "max": 0.46237602816135787,
            "count": 2
        },
        "OpenDoor.Policy.GAILPolicyEstimate.sum": {
            "value": 7.171958902229865,
            "min": 7.171958902229865,
            "max": 8.322768506904442,
            "count": 2
        },
        "OpenDoor.Policy.GAILExpertEstimate.mean": {
            "value": 0.6191130853012988,
            "min": 0.5590224379190691,
            "max": 0.6191130853012988,
            "count": 2
        },
        "OpenDoor.Policy.GAILExpertEstimate.sum": {
            "value": 11.763148620724678,
            "min": 10.062403882543245,
            "max": 11.763148620724678,
            "count": 2
        },
        "OpenDoor.Losses.GAILLoss.mean": {
            "value": 1.0319157760394249,
            "min": 1.0319157760394249,
            "max": 1.319236111861688,
            "count": 2
        },
        "OpenDoor.Losses.GAILLoss.sum": {
            "value": 19.606399744749073,
            "min": 19.606399744749073,
            "max": 23.746250013510384,
            "count": 2
        },
        "OpenDoor.Policy.GAILGradMagLoss.mean": {
            "value": 0.0815197901571529,
            "min": 0.0815197901571529,
            "max": 3.0342625282635844,
            "count": 2
        },
        "OpenDoor.Policy.GAILGradMagLoss.sum": {
            "value": 1.5488760129859052,
            "min": 1.5488760129859052,
            "max": 54.61672550874452,
            "count": 2
        },
        "OpenDoor.Losses.PretrainingLoss.mean": {
            "value": 0.2872434180033835,
            "min": 0.2872434180033835,
            "max": 0.4418816413776374,
            "count": 2
        },
        "OpenDoor.Losses.PretrainingLoss.sum": {
            "value": 5.457624942064286,
            "min": 5.457624942064286,
            "max": 7.953869544797474,
            "count": 2
        },
        "OpenDoor.IsTraining.mean": {
            "value": 1.0,
            "min": 1.0,
            "max": 1.0,
            "count": 2
        },
        "OpenDoor.IsTraining.sum": {
            "value": 1.0,
            "min": 1.0,
            "max": 1.0,
            "count": 2
        }
    },
    "metadata": {
        "timer_format_version": "0.1.0",
        "start_time_seconds": "1684677390",
        "python_version": "3.6.8 (tags/v3.6.8:3c6b436a57, Dec 24 2018, 00:16:47) [MSC v.1916 64 bit (AMD64)]",
        "command_line_arguments": "C:\\Users\\dewei\\Desktop\\IAV23-Chen\\TrabajoIADeweiChen\\V_Env\\Scripts\\mlagents-learn config/OpenDoor_Imitation.yaml --run-id=OpenDoor_Imitation",
        "mlagents_version": "0.26.0",
        "mlagents_envs_version": "0.26.0",
        "communication_protocol_version": "1.5.0",
        "pytorch_version": "1.7.1+cu110",
        "numpy_version": "1.19.5",
        "end_time_seconds": "1684677484"
    },
    "total": 94.6992149,
    "count": 1,
    "self": 0.005694199999993543,
    "children": {
        "run_training.setup": {
            "total": 0.06924100000000001,
            "count": 1,
            "self": 0.06924100000000001
        },
        "TrainerController.start_learning": {
            "total": 94.6242797,
            "count": 1,
            "self": 0.10825779999984775,
            "children": {
                "TrainerController._reset_env": {
                    "total": 11.8469702,
                    "count": 1,
                    "self": 10.7957969,
                    "children": {
                        "demo_to_buffer": {
                            "total": 1.0511733000000003,
                            "count": 2,
                            "self": 6.500000000109196e-05,
                            "children": {
                                "load_demonstration": {
                                    "total": 0.010186699999998439,
                                    "count": 2,
                                    "self": 0.010055499999999995,
                                    "children": {
                                        "read_file": {
                                            "total": 0.00013119999999844367,
                                            "count": 2,
                                            "self": 0.00013119999999844367
                                        }
                                    }
                                },
                                "make_demo_buffer": {
                                    "total": 1.0409216000000008,
                                    "count": 2,
                                    "self": 0.21520030000001533,
                                    "children": {
                                        "steps_from_proto": {
                                            "total": 0.8257212999999854,
                                            "count": 6932,
                                            "self": 0.5758042000000412,
                                            "children": {
                                                "_process_rank_one_or_two_observation": {
                                                    "total": 0.24991709999994427,
                                                    "count": 13864,
                                                    "self": 0.24991709999994427
                                                }
                                            }
                                        }
                                    }
                                }
                            }
                        }
                    }
                },
                "TrainerController.advance": {
                    "total": 82.55282120000017,
                    "count": 6437,
                    "self": 0.1033149999998102,
                    "children": {
                        "env_step": {
                            "total": 47.21133290000026,
                            "count": 6437,
                            "self": 24.923054499999466,
                            "children": {
                                "SubprocessEnvManager._take_step": {
                                    "total": 22.22540110000034,
                                    "count": 6437,
                                    "self": 0.28900850000003686,
                                    "children": {
                                        "TorchPolicy.evaluate": {
                                            "total": 21.936392600000303,
                                            "count": 6014,
                                            "self": 8.286570500000373,
                                            "children": {
                                                "TorchPolicy.sample_actions": {
                                                    "total": 13.64982209999993,
                                                    "count": 6014,
                                                    "self": 13.64982209999993
                                                }
                                            }
                                        }
                                    }
                                },
                                "workers": {
                                    "total": 0.06287730000045144,
                                    "count": 6436,
                                    "self": 0.0,
                                    "children": {
                                        "worker_root": {
                                            "total": 84.60024579999991,
                                            "count": 6436,
                                            "is_parallel": true,
                                            "self": 65.33108159999993,
                                            "children": {
                                                "steps_from_proto": {
                                                    "total": 0.0003556,
                                                    "count": 1,
                                                    "is_parallel": true,
                                                    "self": 0.00018910000000000002,
                                                    "children": {
                                                        "_process_rank_one_or_two_observation": {
                                                            "total": 0.0001665,
                                                            "count": 2,
                                                            "is_parallel": true,
                                                            "self": 0.0001665
                                                        }
                                                    }
                                                },
                                                "UnityEnvironment.step": {
                                                    "total": 19.268808599999982,
                                                    "count": 6436,
                                                    "is_parallel": true,
                                                    "self": 0.5051943999989277,
                                                    "children": {
                                                        "UnityEnvironment._generate_step_input": {
                                                            "total": 0.7339892000006114,
                                                            "count": 6436,
                                                            "is_parallel": true,
                                                            "self": 0.7339892000006114
                                                        },
                                                        "communicator.exchange": {
                                                            "total": 16.382285499999973,
                                                            "count": 6436,
                                                            "is_parallel": true,
                                                            "self": 16.382285499999973
                                                        },
                                                        "steps_from_proto": {
                                                            "total": 1.6473395000004691,
                                                            "count": 6436,
                                                            "is_parallel": true,
                                                            "self": 0.8619584000004945,
                                                            "children": {
                                                                "_process_rank_one_or_two_observation": {
                                                                    "total": 0.7853810999999746,
                                                                    "count": 12872,
                                                                    "is_parallel": true,
                                                                    "self": 0.7853810999999746
                                                                }
                                                            }
                                                        }
                                                    }
                                                }
                                            }
                                        }
                                    }
                                }
                            }
                        },
                        "trainer_advance": {
                            "total": 35.2381733000001,
                            "count": 6436,
                            "self": 0.16939800000002947,
                            "children": {
                                "process_trajectory": {
                                    "total": 5.89161970000009,
                                    "count": 6436,
                                    "self": 5.89161970000009
                                },
                                "_update_policy": {
                                    "total": 29.177155599999978,
                                    "count": 50,
                                    "self": 14.530529300000024,
                                    "children": {
                                        "TorchPPOOptimizer.update": {
                                            "total": 12.53447749999989,
                                            "count": 600,
                                            "self": 12.53447749999989
                                        },
                                        "TorchPolicy.sample_actions": {
                                            "total": 2.112148800000064,
                                            "count": 900,
                                            "self": 2.112148800000064
                                        }
                                    }
                                }
                            }
                        }
                    }
                },
                "trainer_threads": {
                    "total": 8.999999892012056e-07,
                    "count": 1,
                    "self": 8.999999892012056e-07
                },
                "TrainerController._save_models": {
                    "total": 0.11622959999999694,
                    "count": 1,
                    "self": 0.007703100000000518,
                    "children": {
                        "RLTrainer._checkpoint": {
                            "total": 0.10852649999999642,
                            "count": 1,
                            "self": 0.10852649999999642
                        }
                    }
                }
            }
        }
    }
}