{
    "name": "root",
    "gauges": {
        "MoveToPoint.Policy.Entropy.mean": {
            "value": 1.4193077087402344,
            "min": 1.4189382791519165,
            "max": 1.4193077087402344,
            "count": 5
        },
        "MoveToPoint.Policy.Entropy.sum": {
            "value": 14408.8115234375,
            "min": 14021.9482421875,
            "max": 15247.9111328125,
            "count": 5
        },
        "MoveToPoint.Environment.EpisodeLength.mean": {
            "value": 80.66666666666667,
            "min": 51.7752808988764,
            "max": 80.66666666666667,
            "count": 5
        },
        "MoveToPoint.Environment.EpisodeLength.sum": {
            "value": 9438.0,
            "min": 9216.0,
            "max": 10238.0,
            "count": 5
        },
        "MoveToPoint.Step.mean": {
            "value": 49988.0,
            "min": 9970.0,
            "max": 49988.0,
            "count": 5
        },
        "MoveToPoint.Step.sum": {
            "value": 49988.0,
            "min": 9970.0,
            "max": 49988.0,
            "count": 5
        },
        "MoveToPoint.Policy.ExtrinsicValueEstimate.mean": {
            "value": -1.821297526359558,
            "min": -1.880348563194275,
            "max": -1.7831499576568604,
            "count": 5
        },
        "MoveToPoint.Policy.ExtrinsicValueEstimate.sum": {
            "value": -393.4002685546875,
            "min": -470.68658447265625,
            "max": -393.4002685546875,
            "count": 5
        },
        "MoveToPoint.Policy.GailValueEstimate.mean": {
            "value": 1.37603759765625,
            "min": -1.5562424659729004,
            "max": 1.37603759765625,
            "count": 5
        },
        "MoveToPoint.Policy.GailValueEstimate.sum": {
            "value": 297.22412109375,
            "min": -392.173095703125,
            "max": 297.22412109375,
            "count": 5
        },
        "MoveToPoint.Environment.CumulativeReward.mean": {
            "value": -0.9830508474576272,
            "min": -1.0,
            "max": -0.9746835443037974,
            "count": 5
        },
        "MoveToPoint.Environment.CumulativeReward.sum": {
            "value": -116.0,
            "min": -176.0,
            "max": -116.0,
            "count": 5
        },
        "MoveToPoint.Policy.ExtrinsicReward.mean": {
            "value": -0.9830508474576272,
            "min": -1.0,
            "max": -0.9746835443037974,
            "count": 5
        },
        "MoveToPoint.Policy.ExtrinsicReward.sum": {
            "value": -116.0,
            "min": -176.0,
            "max": -116.0,
            "count": 5
        },
        "MoveToPoint.Policy.GailReward.mean": {
            "value": 20.92892709134494,
            "min": 20.92892709134494,
            "max": 29.085700051505356,
            "count": 5
        },
        "MoveToPoint.Policy.GailReward.sum": {
            "value": 2469.6133967787027,
            "min": 2469.6133967787027,
            "max": 4595.540608137846,
            "count": 5
        },
        "MoveToPoint.IsTraining.mean": {
            "value": 1.0,
            "min": 1.0,
            "max": 1.0,
            "count": 5
        },
        "MoveToPoint.IsTraining.sum": {
            "value": 1.0,
            "min": 1.0,
            "max": 1.0,
            "count": 5
        },
        "MoveToPoint.Losses.PolicyLoss.mean": {
            "value": 0.026892721126023388,
            "min": 0.026892721126023388,
            "max": 0.026892721126023388,
            "count": 1
        },
        "MoveToPoint.Losses.PolicyLoss.sum": {
            "value": 0.026892721126023388,
            "min": 0.026892721126023388,
            "max": 0.026892721126023388,
            "count": 1
        },
        "MoveToPoint.Losses.ValueLoss.mean": {
            "value": 39.88557635943095,
            "min": 39.88557635943095,
            "max": 39.88557635943095,
            "count": 1
        },
        "MoveToPoint.Losses.ValueLoss.sum": {
            "value": 39.88557635943095,
            "min": 39.88557635943095,
            "max": 39.88557635943095,
            "count": 1
        },
        "MoveToPoint.Policy.LearningRate.mean": {
            "value": 2.754090819700001e-05,
            "min": 2.754090819700001e-05,
            "max": 2.754090819700001e-05,
            "count": 1
        },
        "MoveToPoint.Policy.LearningRate.sum": {
            "value": 2.754090819700001e-05,
            "min": 2.754090819700001e-05,
            "max": 2.754090819700001e-05,
            "count": 1
        },
        "MoveToPoint.Policy.Epsilon.mean": {
            "value": 0.19180300000000003,
            "min": 0.19180300000000003,
            "max": 0.19180300000000003,
            "count": 1
        },
        "MoveToPoint.Policy.Epsilon.sum": {
            "value": 0.19180300000000003,
            "min": 0.19180300000000003,
            "max": 0.19180300000000003,
            "count": 1
        },
        "MoveToPoint.Policy.Beta.mean": {
            "value": 0.00045983469999999997,
            "min": 0.00045983469999999997,
            "max": 0.00045983469999999997,
            "count": 1
        },
        "MoveToPoint.Policy.Beta.sum": {
            "value": 0.00045983469999999997,
            "min": 0.00045983469999999997,
            "max": 0.00045983469999999997,
            "count": 1
        },
        "MoveToPoint.Policy.GAILPolicyEstimate.mean": {
            "value": 0.4260553367435932,
            "min": 0.4260553367435932,
            "max": 0.4260553367435932,
            "count": 1
        },
        "MoveToPoint.Policy.GAILPolicyEstimate.sum": {
            "value": 0.4260553367435932,
            "min": 0.4260553367435932,
            "max": 0.4260553367435932,
            "count": 1
        },
        "MoveToPoint.Policy.GAILExpertEstimate.mean": {
            "value": 0.6377774193882942,
            "min": 0.6377774193882942,
            "max": 0.6377774193882942,
            "count": 1
        },
        "MoveToPoint.Policy.GAILExpertEstimate.sum": {
            "value": 0.6377774193882942,
            "min": 0.6377774193882942,
            "max": 0.6377774193882942,
            "count": 1
        },
        "MoveToPoint.Losses.GAILLoss.mean": {
            "value": 1.0814642777045569,
            "min": 1.0814642777045569,
            "max": 1.0814642777045569,
            "count": 1
        },
        "MoveToPoint.Losses.GAILLoss.sum": {
            "value": 1.0814642777045569,
            "min": 1.0814642777045569,
            "max": 1.0814642777045569,
            "count": 1
        },
        "MoveToPoint.Policy.GAILGradMagLoss.mean": {
            "value": 4.449593640118837,
            "min": 4.449593640118837,
            "max": 4.449593640118837,
            "count": 1
        },
        "MoveToPoint.Policy.GAILGradMagLoss.sum": {
            "value": 4.449593640118837,
            "min": 4.449593640118837,
            "max": 4.449593640118837,
            "count": 1
        },
        "MoveToPoint.Losses.PretrainingLoss.mean": {
            "value": 1.8709934949874878,
            "min": 1.8709934949874878,
            "max": 1.8709934949874878,
            "count": 1
        },
        "MoveToPoint.Losses.PretrainingLoss.sum": {
            "value": 1.8709934949874878,
            "min": 1.8709934949874878,
            "max": 1.8709934949874878,
            "count": 1
        }
    },
    "metadata": {
        "timer_format_version": "0.1.0",
        "start_time_seconds": "1684616016",
        "python_version": "3.6.8 (tags/v3.6.8:3c6b436a57, Dec 24 2018, 00:16:47) [MSC v.1916 64 bit (AMD64)]",
        "command_line_arguments": "C:\\Users\\dewei\\Desktop\\IAV23-Chen\\TrabajoIADeweiChen\\V_Env\\Scripts\\mlagents-learn config/moveToPoint_Imitation.yaml --run-id=Imitation4",
        "mlagents_version": "0.26.0",
        "mlagents_envs_version": "0.26.0",
        "communication_protocol_version": "1.5.0",
        "pytorch_version": "1.7.1+cu110",
        "numpy_version": "1.19.5",
        "end_time_seconds": "1684616072"
    },
    "total": 55.2023554,
    "count": 1,
    "self": 0.005453299999999217,
    "children": {
        "run_training.setup": {
            "total": 0.0727422,
            "count": 1,
            "self": 0.0727422
        },
        "TrainerController.start_learning": {
            "total": 55.1241599,
            "count": 1,
            "self": 0.041076099999926896,
            "children": {
                "TrainerController._reset_env": {
                    "total": 17.942270200000003,
                    "count": 1,
                    "self": 17.520399400000002,
                    "children": {
                        "demo_to_buffer": {
                            "total": 0.42187080000000066,
                            "count": 2,
                            "self": 6.009999999889715e-05,
                            "children": {
                                "load_demonstration": {
                                    "total": 0.005994600000001071,
                                    "count": 2,
                                    "self": 0.005889700000000886,
                                    "children": {
                                        "read_file": {
                                            "total": 0.0001049000000001854,
                                            "count": 2,
                                            "self": 0.0001049000000001854
                                        }
                                    }
                                },
                                "make_demo_buffer": {
                                    "total": 0.4158161000000007,
                                    "count": 2,
                                    "self": 0.10423180000016075,
                                    "children": {
                                        "steps_from_proto": {
                                            "total": 0.31158429999983994,
                                            "count": 3812,
                                            "self": 0.18818499999988703,
                                            "children": {
                                                "_process_rank_one_or_two_observation": {
                                                    "total": 0.12339929999995292,
                                                    "count": 7624,
                                                    "self": 0.12339929999995292
                                                }
                                            }
                                        }
                                    }
                                }
                            }
                        }
                    }
                },
                "TrainerController.advance": {
                    "total": 37.07468300000008,
                    "count": 2477,
                    "self": 0.04088720000011392,
                    "children": {
                        "env_step": {
                            "total": 21.827570500000018,
                            "count": 2477,
                            "self": 17.881749299999875,
                            "children": {
                                "SubprocessEnvManager._take_step": {
                                    "total": 3.9225587000000175,
                                    "count": 2477,
                                    "self": 0.10846440000004876,
                                    "children": {
                                        "TorchPolicy.evaluate": {
                                            "total": 3.8140942999999687,
                                            "count": 1911,
                                            "self": 2.084891899999981,
                                            "children": {
                                                "TorchPolicy.sample_actions": {
                                                    "total": 1.7292023999999877,
                                                    "count": 1911,
                                                    "self": 1.7292023999999877
                                                }
                                            }
                                        }
                                    }
                                },
                                "workers": {
                                    "total": 0.02326250000012564,
                                    "count": 2476,
                                    "self": 0.0,
                                    "children": {
                                        "worker_root": {
                                            "total": 38.52844959999982,
                                            "count": 2476,
                                            "is_parallel": true,
                                            "self": 23.485459299999807,
                                            "children": {
                                                "steps_from_proto": {
                                                    "total": 0.0004938,
                                                    "count": 1,
                                                    "is_parallel": true,
                                                    "self": 0.00012189999999999993,
                                                    "children": {
                                                        "_process_rank_one_or_two_observation": {
                                                            "total": 0.00037190000000000004,
                                                            "count": 2,
                                                            "is_parallel": true,
                                                            "self": 0.00037190000000000004
                                                        }
                                                    }
                                                },
                                                "UnityEnvironment.step": {
                                                    "total": 15.042496500000011,
                                                    "count": 2476,
                                                    "is_parallel": true,
                                                    "self": 0.27303899999981773,
                                                    "children": {
                                                        "UnityEnvironment._generate_step_input": {
                                                            "total": 0.5025159000001864,
                                                            "count": 2476,
                                                            "is_parallel": true,
                                                            "self": 0.5025159000001864
                                                        },
                                                        "communicator.exchange": {
                                                            "total": 13.557947200000017,
                                                            "count": 2476,
                                                            "is_parallel": true,
                                                            "self": 13.557947200000017
                                                        },
                                                        "steps_from_proto": {
                                                            "total": 0.7089943999999897,
                                                            "count": 2476,
                                                            "is_parallel": true,
                                                            "self": 0.22986639999990466,
                                                            "children": {
                                                                "_process_rank_one_or_two_observation": {
                                                                    "total": 0.47912800000008504,
                                                                    "count": 4952,
                                                                    "is_parallel": true,
                                                                    "self": 0.47912800000008504
                                                                }
                                                            }
                                                        }
                                                    }
                                                }
                                            }
                                        }
                                    }
                                }
                            }
                        },
                        "trainer_advance": {
                            "total": 15.206225299999943,
                            "count": 2476,
                            "self": 0.05946579999985602,
                            "children": {
                                "process_trajectory": {
                                    "total": 5.797581100000087,
                                    "count": 2476,
                                    "self": 5.797581100000087
                                },
                                "_update_policy": {
                                    "total": 9.3491784,
                                    "count": 1,
                                    "self": 5.661801699999984,
                                    "children": {
                                        "TorchPPOOptimizer.update": {
                                            "total": 3.6850589000000085,
                                            "count": 120,
                                            "self": 3.6850589000000085
                                        },
                                        "TorchPolicy.sample_actions": {
                                            "total": 0.002317800000007253,
                                            "count": 3,
                                            "self": 0.002317800000007253
                                        }
                                    }
                                }
                            }
                        }
                    }
                },
                "trainer_threads": {
                    "total": 7.999999951380232e-07,
                    "count": 1,
                    "self": 7.999999951380232e-07
                },
                "TrainerController._save_models": {
                    "total": 0.0661297999999988,
                    "count": 1,
                    "self": 0.008898999999999546,
                    "children": {
                        "RLTrainer._checkpoint": {
                            "total": 0.05723079999999925,
                            "count": 1,
                            "self": 0.05723079999999925
                        }
                    }
                }
            }
        }
    }
}