{
    "MoveToPoint": {
        "checkpoints": [
            {
                "steps": 50856,
                "file_path": "results\\Imitation4\\MoveToPoint\\MoveToPoint-50856.onnx",
                "reward": -0.9819819819819819,
                "creation_time": 1684616072.1804392,
                "auxillary_file_paths": [
                    "results\\Imitation4\\MoveToPoint\\MoveToPoint-50856.pt"
                ]
            }
        ],
        "final_checkpoint": {
            "steps": 50856,
            "file_path": "results\\Imitation4\\MoveToPoint.onnx",
            "reward": -0.9819819819819819,
            "creation_time": 1684616072.1804392,
            "auxillary_file_paths": [
                "results\\Imitation4\\MoveToPoint\\MoveToPoint-50856.pt"
            ]
        }
    },
    "metadata": {
        "stats_format_version": "0.3.0",
        "mlagents_version": "0.26.0",
        "torch_version": "1.7.1+cu110"
    }
}