{
    "name": "root",
    "gauges": {
        "MoveToPoint.Policy.Entropy.mean": {
            "value": 1.414635181427002,
            "min": 1.414635181427002,
            "max": 1.4189382791519165,
            "count": 50
        },
        "MoveToPoint.Policy.Entropy.sum": {
            "value": 14132.205078125,
            "min": 13789.29296875,
            "max": 15018.04296875,
            "count": 50
        },
        "MoveToPoint.Environment.EpisodeLength.mean": {
            "value": 47.349514563106794,
            "min": 46.160377358490564,
            "max": 186.66666666666666,
            "count": 50
        },
        "MoveToPoint.Environment.EpisodeLength.sum": {
            "value": 9754.0,
            "min": 7537.0,
            "max": 10970.0,
            "count": 50
        },
        "MoveToPoint.Step.mean": {
            "value": 499977.0,
            "min": 9955.0,
            "max": 499977.0,
            "count": 50
        },
        "MoveToPoint.Step.sum": {
            "value": 499977.0,
            "min": 9955.0,
            "max": 499977.0,
            "count": 50
        },
        "MoveToPoint.Policy.ExtrinsicValueEstimate.mean": {
            "value": 0.7222151160240173,
            "min": 0.1560610681772232,
            "max": 0.7222151160240173,
            "count": 50
        },
        "MoveToPoint.Policy.ExtrinsicValueEstimate.sum": {
            "value": 176.9427032470703,
            "min": 29.807662963867188,
            "max": 176.9427032470703,
            "count": 50
        },
        "MoveToPoint.Environment.CumulativeReward.mean": {
            "value": 0.9903381642512077,
            "min": -0.52,
            "max": 1.0,
            "count": 50
        },
        "MoveToPoint.Environment.CumulativeReward.sum": {
            "value": 205.0,
            "min": -32.0,
            "max": 212.0,
            "count": 50
        },
        "MoveToPoint.Policy.ExtrinsicReward.mean": {
            "value": 0.9903381642512077,
            "min": -0.52,
            "max": 1.0,
            "count": 50
        },
        "MoveToPoint.Policy.ExtrinsicReward.sum": {
            "value": 205.0,
            "min": -32.0,
            "max": 212.0,
            "count": 50
        },
        "MoveToPoint.IsTraining.mean": {
            "value": 1.0,
            "min": 1.0,
            "max": 1.0,
            "count": 50
        },
        "MoveToPoint.IsTraining.sum": {
            "value": 1.0,
            "min": 1.0,
            "max": 1.0,
            "count": 50
        },
        "MoveToPoint.Losses.PolicyLoss.mean": {
            "value": 0.026878757036562697,
            "min": 0.02223761509061054,
            "max": 0.027543729474321783,
            "count": 12
        },
        "MoveToPoint.Losses.PolicyLoss.sum": {
            "value": 0.026878757036562697,
            "min": 0.02223761509061054,
            "max": 0.027543729474321783,
            "count": 12
        },
        "MoveToPoint.Losses.ValueLoss.mean": {
            "value": 0.02218514069293936,
            "min": 0.02218514069293936,
            "max": 0.06813698432718714,
            "count": 12
        },
        "MoveToPoint.Losses.ValueLoss.sum": {
            "value": 0.02218514069293936,
            "min": 0.02218514069293936,
            "max": 0.06813698432718714,
            "count": 12
        },
        "MoveToPoint.Policy.LearningRate.mean": {
            "value": 4.850183835999989e-07,
            "min": 4.850183835999989e-07,
            "max": 2.7540608197999993e-05,
            "count": 12
        },
        "MoveToPoint.Policy.LearningRate.sum": {
            "value": 4.850183835999989e-07,
            "min": 4.850183835999989e-07,
            "max": 2.7540608197999993e-05,
            "count": 12
        },
        "MoveToPoint.Policy.Epsilon.mean": {
            "value": 0.10161639999999995,
            "min": 0.10161639999999995,
            "max": 0.19180200000000003,
            "count": 12
        },
        "MoveToPoint.Policy.Epsilon.sum": {
            "value": 0.10161639999999995,
            "min": 0.10161639999999995,
            "max": 0.19180200000000003,
            "count": 12
        },
        "MoveToPoint.Policy.Beta.mean": {
            "value": 1.792035999999998e-05,
            "min": 1.792035999999998e-05,
            "max": 0.0004598298000000002,
            "count": 12
        },
        "MoveToPoint.Policy.Beta.sum": {
            "value": 1.792035999999998e-05,
            "min": 1.792035999999998e-05,
            "max": 0.0004598298000000002,
            "count": 12
        }
    },
    "metadata": {
        "timer_format_version": "0.1.0",
        "start_time_seconds": "1684778946",
        "python_version": "3.6.8 (tags/v3.6.8:3c6b436a57, Dec 24 2018, 00:16:47) [MSC v.1916 64 bit (AMD64)]",
        "command_line_arguments": "C:\\Users\\dewei\\Desktop\\IAV23-Chen\\TrabajoIADeweiChen\\V_Env\\Scripts\\mlagents-learn config/MoveToPoint.yaml --run-id=MoveToPoint --force",
        "mlagents_version": "0.26.0",
        "mlagents_envs_version": "0.26.0",
        "communication_protocol_version": "1.5.0",
        "pytorch_version": "1.7.1+cu110",
        "numpy_version": "1.19.5",
        "end_time_seconds": "1684779243"
    },
    "total": 296.4708286,
    "count": 1,
    "self": 0.005836899999962952,
    "children": {
        "run_training.setup": {
            "total": 0.06852369999999999,
            "count": 1,
            "self": 0.06852369999999999
        },
        "TrainerController.start_learning": {
            "total": 296.396468,
            "count": 1,
            "self": 0.4086078000009934,
            "children": {
                "TrainerController._reset_env": {
                    "total": 6.141104,
                    "count": 1,
                    "self": 6.141104
                },
                "TrainerController.advance": {
                    "total": 289.79906659999904,
                    "count": 23220,
                    "self": 0.3992316000002347,
                    "children": {
                        "env_step": {
                            "total": 158.79876709999883,
                            "count": 23220,
                            "self": 117.73221279999836,
                            "children": {
                                "SubprocessEnvManager._take_step": {
                                    "total": 40.834272999997495,
                                    "count": 23220,
                                    "self": 1.1630748999962606,
                                    "children": {
                                        "TorchPolicy.evaluate": {
                                            "total": 39.671198100001234,
                                            "count": 18546,
                                            "self": 25.26241880000146,
                                            "children": {
                                                "TorchPolicy.sample_actions": {
                                                    "total": 14.408779299999775,
                                                    "count": 18546,
                                                    "self": 14.408779299999775
                                                }
                                            }
                                        }
                                    }
                                },
                                "workers": {
                                    "total": 0.2322813000029571,
                                    "count": 23220,
                                    "self": 0.0,
                                    "children": {
                                        "worker_root": {
                                            "total": 290.712913000001,
                                            "count": 23220,
                                            "is_parallel": true,
                                            "self": 201.68963870000113,
                                            "children": {
                                                "steps_from_proto": {
                                                    "total": 0.0003942,
                                                    "count": 1,
                                                    "is_parallel": true,
                                                    "self": 0.00011850000000000001,
                                                    "children": {
                                                        "_process_rank_one_or_two_observation": {
                                                            "total": 0.0002757,
                                                            "count": 2,
                                                            "is_parallel": true,
                                                            "self": 0.0002757
                                                        }
                                                    }
                                                },
                                                "UnityEnvironment.step": {
                                                    "total": 89.02288009999984,
                                                    "count": 23220,
                                                    "is_parallel": true,
                                                    "self": 2.520720300004953,
                                                    "children": {
                                                        "UnityEnvironment._generate_step_input": {
                                                            "total": 4.961688499996825,
                                                            "count": 23220,
                                                            "is_parallel": true,
                                                            "self": 4.961688499996825
                                                        },
                                                        "communicator.exchange": {
                                                            "total": 74.84951049999961,
                                                            "count": 23220,
                                                            "is_parallel": true,
                                                            "self": 74.84951049999961
                                                        },
                                                        "steps_from_proto": {
                                                            "total": 6.6909607999984475,
                                                            "count": 23220,
                                                            "is_parallel": true,
                                                            "self": 2.2191079000021414,
                                                            "children": {
                                                                "_process_rank_one_or_two_observation": {
                                                                    "total": 4.471852899996306,
                                                                    "count": 46440,
                                                                    "is_parallel": true,
                                                                    "self": 4.471852899996306
                                                                }
                                                            }
                                                        }
                                                    }
                                                }
                                            }
                                        }
                                    }
                                }
                            }
                        },
                        "trainer_advance": {
                            "total": 130.60106789999995,
                            "count": 23220,
                            "self": 0.6484003999984509,
                            "children": {
                                "process_trajectory": {
                                    "total": 44.96586740000148,
                                    "count": 23220,
                                    "self": 44.9141080000015,
                                    "children": {
                                        "RLTrainer._checkpoint": {
                                            "total": 0.05175939999998036,
                                            "count": 1,
                                            "self": 0.05175939999998036
                                        }
                                    }
                                },
                                "_update_policy": {
                                    "total": 84.98680010000001,
                                    "count": 12,
                                    "self": 67.0496063000003,
                                    "children": {
                                        "TorchPPOOptimizer.update": {
                                            "total": 17.937193799999708,
                                            "count": 1449,
                                            "self": 17.937193799999708
                                        }
                                    }
                                }
                            }
                        }
                    }
                },
                "trainer_threads": {
                    "total": 8.000000093488779e-07,
                    "count": 1,
                    "self": 8.000000093488779e-07
                },
                "TrainerController._save_models": {
                    "total": 0.047688800000003084,
                    "count": 1,
                    "self": 0.010400299999957952,
                    "children": {
                        "RLTrainer._checkpoint": {
                            "total": 0.03728850000004513,
                            "count": 1,
                            "self": 0.03728850000004513
                        }
                    }
                }
            }
        }
    }
}