{
    "MoveToPoint": {
        "checkpoints": [
            {
                "steps": 499977,
                "file_path": "results\\MoveToPoint\\MoveToPoint\\MoveToPoint-499977.onnx",
                "reward": 1.0,
                "creation_time": 1684779243.0787625,
                "auxillary_file_paths": [
                    "results\\MoveToPoint\\MoveToPoint\\MoveToPoint-499977.pt"
                ]
            },
            {
                "steps": 500041,
                "file_path": "results\\MoveToPoint\\MoveToPoint\\MoveToPoint-500041.onnx",
                "reward": 1.0,
                "creation_time": 1684779243.1216166,
                "auxillary_file_paths": [
                    "results\\MoveToPoint\\MoveToPoint\\MoveToPoint-500041.pt"
                ]
            }
        ],
        "final_checkpoint": {
            "steps": 500041,
            "file_path": "results\\MoveToPoint\\MoveToPoint.onnx",
            "reward": 1.0,
            "creation_time": 1684779243.1216166,
            "auxillary_file_paths": [
                "results\\MoveToPoint\\MoveToPoint\\MoveToPoint-500041.pt"
            ]
        }
    },
    "metadata": {
        "stats_format_version": "0.3.0",
        "mlagents_version": "0.26.0",
        "torch_version": "1.7.1+cu110"
    }
}