{
    "name": "root",
    "gauges": {
        "OpenDoor.Policy.Entropy.mean": {
            "value": 0.38599151372909546,
            "min": 0.30386245250701904,
            "max": 1.2237207889556885,
            "count": 20
        },
        "OpenDoor.Policy.Entropy.sum": {
            "value": 7746.849609375,
            "min": 6062.9677734375,
            "max": 24637.169921875,
            "count": 20
        },
        "OpenDoor.Environment.EpisodeLength.mean": {
            "value": 35.22242314647378,
            "min": 34.523809523809526,
            "max": 54.56111111111111,
            "count": 20
        },
        "OpenDoor.Environment.EpisodeLength.sum": {
            "value": 19478.0,
            "min": 19300.0,
            "max": 19788.0,
            "count": 20
        },
        "OpenDoor.Step.mean": {
            "value": 399987.0,
            "min": 19941.0,
            "max": 399987.0,
            "count": 20
        },
        "OpenDoor.Step.sum": {
            "value": 399987.0,
            "min": 19941.0,
            "max": 399987.0,
            "count": 20
        },
        "OpenDoor.Policy.ExtrinsicValueEstimate.mean": {
            "value": -0.37709343433380127,
            "min": -0.4011998176574707,
            "max": -0.06396592408418655,
            "count": 20
        },
        "OpenDoor.Policy.ExtrinsicValueEstimate.sum": {
            "value": -243.2252655029297,
            "min": -243.80442810058594,
            "max": -33.19831466674805,
            "count": 20
        },
        "OpenDoor.Policy.GailValueEstimate.mean": {
            "value": 4.520993709564209,
            "min": 4.21131706237793,
            "max": 9.94973087310791,
            "count": 20
        },
        "OpenDoor.Policy.GailValueEstimate.sum": {
            "value": 2916.041015625,
            "min": 2758.41259765625,
            "max": 4964.91552734375,
            "count": 20
        },
        "OpenDoor.Environment.CumulativeReward.mean": {
            "value": -0.24105780566983584,
            "min": -0.40896933055729257,
            "max": 0.13490117697903278,
            "count": 20
        },
        "OpenDoor.Environment.CumulativeReward.sum": {
            "value": -133.30496653541923,
            "min": -146.94696521013975,
            "max": 60.031023755669594,
            "count": 20
        },
        "OpenDoor.Policy.ExtrinsicReward.mean": {
            "value": -0.24105780566983584,
            "min": -0.40896933055729257,
            "max": 0.13490117697903278,
            "count": 20
        },
        "OpenDoor.Policy.ExtrinsicReward.sum": {
            "value": -133.30496653541923,
            "min": -146.94696521013975,
            "max": 60.031023755669594,
            "count": 20
        },
        "OpenDoor.Policy.GailReward.mean": {
            "value": 8.028435145294257,
            "min": 7.818009074797075,
            "max": 22.28414654482706,
            "count": 20
        },
        "OpenDoor.Policy.GailReward.sum": {
            "value": 4439.724635347724,
            "min": 4220.615922816098,
            "max": 8000.008609592915,
            "count": 20
        },
        "OpenDoor.Losses.PolicyLoss.mean": {
            "value": 0.040318407347066355,
            "min": 0.03859856746184002,
            "max": 0.04701756757251069,
            "count": 20
        },
        "OpenDoor.Losses.PolicyLoss.sum": {
            "value": 0.7660497395942608,
            "min": 0.7333727817749603,
            "max": 0.9044077241948495,
            "count": 20
        },
        "OpenDoor.Losses.ValueLoss.mean": {
            "value": 6.759297111316731,
            "min": 4.921875480235669,
            "max": 25.251418969087435,
            "count": 20
        },
        "OpenDoor.Losses.ValueLoss.sum": {
            "value": 128.4266451150179,
            "min": 93.51563412447771,
            "max": 479.77696041266125,
            "count": 20
        },
        "OpenDoor.Policy.LearningRate.mean": {
            "value": 6.623196213323158e-05,
            "min": 6.623196213323158e-05,
            "max": 0.00029373906524487363,
            "count": 20
        },
        "OpenDoor.Policy.LearningRate.sum": {
            "value": 0.0012584072805314,
            "min": 0.0012584072805314,
            "max": 0.0055810422396525994,
            "count": 20
        },
        "OpenDoor.Policy.Epsilon.mean": {
            "value": 0.1220772947368421,
            "min": 0.1220772947368421,
            "max": 0.19791302105263162,
            "count": 20
        },
        "OpenDoor.Policy.Epsilon.sum": {
            "value": 2.3194686,
            "min": 2.3194686,
            "max": 3.7603474000000006,
            "count": 20
        },
        "OpenDoor.Policy.Beta.mean": {
            "value": 0.00011817874421052631,
            "min": 0.00011817874421052631,
            "max": 0.0004897738031578947,
            "count": 20
        },
        "OpenDoor.Policy.Beta.sum": {
            "value": 0.00224539614,
            "min": 0.00224539614,
            "max": 0.00930570226,
            "count": 20
        },
        "OpenDoor.Policy.GAILPolicyEstimate.mean": {
            "value": 0.31616600746648355,
            "min": 0.30689187243319394,
            "max": 0.5048138003861694,
            "count": 20
        },
        "OpenDoor.Policy.GAILPolicyEstimate.sum": {
            "value": 6.007154141863187,
            "min": 5.830945576230685,
            "max": 9.59146220733722,
            "count": 20
        },
        "OpenDoor.Policy.GAILExpertEstimate.mean": {
            "value": 0.6829737992140285,
            "min": 0.5293042104233776,
            "max": 0.6845424002722691,
            "count": 20
        },
        "OpenDoor.Policy.GAILExpertEstimate.sum": {
            "value": 12.97650218506654,
            "min": 10.056779998044174,
            "max": 13.281912475824354,
            "count": 20
        },
        "OpenDoor.Losses.GAILLoss.mean": {
            "value": 0.8476159627500334,
            "min": 0.8316747588023804,
            "max": 1.4936722720924174,
            "count": 20
        },
        "OpenDoor.Losses.GAILLoss.sum": {
            "value": 16.104703292250633,
            "min": 15.801820417245228,
            "max": 28.379773169755932,
            "count": 20
        },
        "OpenDoor.Policy.GAILGradMagLoss.mean": {
            "value": 0.06196545566056383,
            "min": 0.04931626100452585,
            "max": 3.0986389699146932,
            "count": 20
        },
        "OpenDoor.Policy.GAILGradMagLoss.sum": {
            "value": 1.1773436575507128,
            "min": 0.9370089590859911,
            "max": 58.87414042837917,
            "count": 20
        },
        "OpenDoor.Losses.PretrainingLoss.mean": {
            "value": 0.20269843343405694,
            "min": 0.20269843343405694,
            "max": 0.4379259115248397,
            "count": 20
        },
        "OpenDoor.Losses.PretrainingLoss.sum": {
            "value": 3.851270235247082,
            "min": 3.851270235247082,
            "max": 8.320592318971954,
            "count": 20
        },
        "OpenDoor.IsTraining.mean": {
            "value": 1.0,
            "min": 1.0,
            "max": 1.0,
            "count": 20
        },
        "OpenDoor.IsTraining.sum": {
            "value": 1.0,
            "min": 1.0,
            "max": 1.0,
            "count": 20
        }
    },
    "metadata": {
        "timer_format_version": "0.1.0",
        "start_time_seconds": "1684677780",
        "python_version": "3.6.8 (tags/v3.6.8:3c6b436a57, Dec 24 2018, 00:16:47) [MSC v.1916 64 bit (AMD64)]",
        "command_line_arguments": "C:\\Users\\dewei\\Desktop\\IAV23-Chen\\TrabajoIADeweiChen\\V_Env\\Scripts\\mlagents-learn config/OpenDoor_Imitation.yaml --run-id=OpenDoor_Imitation4",
        "mlagents_version": "0.26.0",
        "mlagents_envs_version": "0.26.0",
        "communication_protocol_version": "1.5.0",
        "pytorch_version": "1.7.1+cu110",
        "numpy_version": "1.19.5",
        "end_time_seconds": "1684678453"
    },
    "total": 672.7517169,
    "count": 1,
    "self": 0.0056121999999732,
    "children": {
        "run_training.setup": {
            "total": 0.07291460000000001,
            "count": 1,
            "self": 0.07291460000000001
        },
        "TrainerController.start_learning": {
            "total": 672.6731901,
            "count": 1,
            "self": 0.9130080000020371,
            "children": {
                "TrainerController._reset_env": {
                    "total": 11.7532626,
                    "count": 1,
                    "self": 10.705319799999998,
                    "children": {
                        "demo_to_buffer": {
                            "total": 1.0479428000000013,
                            "count": 2,
                            "self": 7.660000000164757e-05,
                            "children": {
                                "load_demonstration": {
                                    "total": 0.010612799999998757,
                                    "count": 2,
                                    "self": 0.010434099999999447,
                                    "children": {
                                        "read_file": {
                                            "total": 0.00017869999999930997,
                                            "count": 2,
                                            "self": 0.00017869999999930997
                                        }
                                    }
                                },
                                "make_demo_buffer": {
                                    "total": 1.0372534000000009,
                                    "count": 2,
                                    "self": 0.21686569999993743,
                                    "children": {
                                        "steps_from_proto": {
                                            "total": 0.8203877000000634,
                                            "count": 6932,
                                            "self": 0.571781200000073,
                                            "children": {
                                                "_process_rank_one_or_two_observation": {
                                                    "total": 0.2486064999999904,
                                                    "count": 13864,
                                                    "self": 0.2486064999999904
                                                }
                                            }
                                        }
                                    }
                                }
                            }
                        }
                    }
                },
                "TrainerController.advance": {
                    "total": 659.888011599998,
                    "count": 54412,
                    "self": 0.8741142000062609,
                    "children": {
                        "env_step": {
                            "total": 367.5402197999961,
                            "count": 54412,
                            "self": 197.58605309999348,
                            "children": {
                                "SubprocessEnvManager._take_step": {
                                    "total": 169.43666710000048,
                                    "count": 54412,
                                    "self": 2.2505683000087515,
                                    "children": {
                                        "TorchPolicy.evaluate": {
                                            "total": 167.18609879999173,
                                            "count": 45974,
                                            "self": 63.974354299984014,
                                            "children": {
                                                "TorchPolicy.sample_actions": {
                                                    "total": 103.21174450000771,
                                                    "count": 45974,
                                                    "self": 103.21174450000771
                                                }
                                            }
                                        }
                                    }
                                },
                                "workers": {
                                    "total": 0.5174996000021572,
                                    "count": 54411,
                                    "self": 0.0,
                                    "children": {
                                        "worker_root": {
                                            "total": 661.2222242999951,
                                            "count": 54411,
                                            "is_parallel": true,
                                            "self": 510.152258000007,
                                            "children": {
                                                "steps_from_proto": {
                                                    "total": 0.0003147,
                                                    "count": 1,
                                                    "is_parallel": true,
                                                    "self": 0.0001612,
                                                    "children": {
                                                        "_process_rank_one_or_two_observation": {
                                                            "total": 0.00015350000000000002,
                                                            "count": 2,
                                                            "is_parallel": true,
                                                            "self": 0.00015350000000000002
                                                        }
                                                    }
                                                },
                                                "UnityEnvironment.step": {
                                                    "total": 151.0696515999881,
                                                    "count": 54411,
                                                    "is_parallel": true,
                                                    "self": 4.294036899968404,
                                                    "children": {
                                                        "UnityEnvironment._generate_step_input": {
                                                            "total": 5.734586300005217,
                                                            "count": 54411,
                                                            "is_parallel": true,
                                                            "self": 5.734586300005217
                                                        },
                                                        "communicator.exchange": {
                                                            "total": 127.68936259999828,
                                                            "count": 54411,
                                                            "is_parallel": true,
                                                            "self": 127.68936259999828
                                                        },
                                                        "steps_from_proto": {
                                                            "total": 13.3516658000162,
                                                            "count": 54411,
                                                            "is_parallel": true,
                                                            "self": 6.991042700023549,
                                                            "children": {
                                                                "_process_rank_one_or_two_observation": {
                                                                    "total": 6.360623099992651,
                                                                    "count": 108822,
                                                                    "is_parallel": true,
                                                                    "self": 6.360623099992651
                                                                }
                                                            }
                                                        }
                                                    }
                                                }
                                            }
                                        }
                                    }
                                }
                            }
                        },
                        "trainer_advance": {
                            "total": 291.47367759999554,
                            "count": 54411,
                            "self": 1.3494662000009043,
                            "children": {
                                "process_trajectory": {
                                    "total": 58.564699299994096,
                                    "count": 54411,
                                    "self": 58.564699299994096
                                },
                                "_update_policy": {
                                    "total": 231.55951210000052,
                                    "count": 395,
                                    "self": 112.44494080000003,
                                    "children": {
                                        "TorchPPOOptimizer.update": {
                                            "total": 101.90723050000048,
                                            "count": 4740,
                                            "self": 101.90723050000048
                                        },
                                        "TorchPolicy.sample_actions": {
                                            "total": 17.207340800000008,
                                            "count": 7110,
                                            "self": 17.207340800000008
                                        }
                                    }
                                }
                            }
                        }
                    }
                },
                "trainer_threads": {
                    "total": 1.7000000980260666e-06,
                    "count": 1,
                    "self": 1.7000000980260666e-06
                },
                "TrainerController._save_models": {
                    "total": 0.11890619999996943,
                    "count": 1,
                    "self": 0.006252399999993941,
                    "children": {
                        "RLTrainer._checkpoint": {
                            "total": 0.11265379999997549,
                            "count": 1,
                            "self": 0.11265379999997549
                        }
                    }
                }
            }
        }
    }
}