{
    "OpenDoor": {
        "checkpoints": [
            {
                "steps": 413694,
                "file_path": "results\\OpenDoor_Imitation4\\OpenDoor\\OpenDoor-413694.onnx",
                "reward": null,
                "creation_time": 1684678453.5292637,
                "auxillary_file_paths": [
                    "results\\OpenDoor_Imitation4\\OpenDoor\\OpenDoor-413694.pt"
                ]
            }
        ],
        "final_checkpoint": {
            "steps": 413694,
            "file_path": "results\\OpenDoor_Imitation4\\OpenDoor.onnx",
            "reward": null,
            "creation_time": 1684678453.5292637,
            "auxillary_file_paths": [
                "results\\OpenDoor_Imitation4\\OpenDoor\\OpenDoor-413694.pt"
            ]
        }
    },
    "metadata": {
        "stats_format_version": "0.3.0",
        "mlagents_version": "0.26.0",
        "torch_version": "1.7.1+cu110"
    }
}