{
    "name": "root",
    "gauges": {
        "MoveToPoint.Policy.Entropy.mean": {
            "value": 1.4192488193511963,
            "min": 1.4185140132904053,
            "max": 1.4194399118423462,
            "count": 28
        },
        "MoveToPoint.Policy.Entropy.sum": {
            "value": 14599.8125,
            "min": 13949.8173828125,
            "max": 15209.599609375,
            "count": 28
        },
        "MoveToPoint.Environment.EpisodeLength.mean": {
            "value": 488.2142857142857,
            "min": 122.1774193548387,
            "max": 517.5185185185185,
            "count": 28
        },
        "MoveToPoint.Environment.EpisodeLength.sum": {
            "value": 6835.0,
            "min": 6835.0,
            "max": 13973.0,
            "count": 28
        },
        "MoveToPoint.Step.mean": {
            "value": 279980.0,
            "min": 9999.0,
            "max": 279980.0,
            "count": 28
        },
        "MoveToPoint.Step.sum": {
            "value": 279980.0,
            "min": 9999.0,
            "max": 279980.0,
            "count": 28
        },
        "MoveToPoint.Policy.ExtrinsicValueEstimate.mean": {
            "value": -0.42602455615997314,
            "min": -1.8123279809951782,
            "max": -0.42602455615997314,
            "count": 28
        },
        "MoveToPoint.Policy.ExtrinsicValueEstimate.sum": {
            "value": -69.86802673339844,
            "min": -340.7176513671875,
            "max": -69.86802673339844,
            "count": 28
        },
        "MoveToPoint.Policy.GailValueEstimate.mean": {
            "value": 13.69272518157959,
            "min": 0.2354801595211029,
            "max": 15.303200721740723,
            "count": 28
        },
        "MoveToPoint.Policy.GailValueEstimate.sum": {
            "value": 2245.60693359375,
            "min": 42.38642883300781,
            "max": 2525.028076171875,
            "count": 28
        },
        "MoveToPoint.Environment.CumulativeReward.mean": {
            "value": -0.2857142857142857,
            "min": -0.7377049180327869,
            "max": 0.6666666666666666,
            "count": 28
        },
        "MoveToPoint.Environment.CumulativeReward.sum": {
            "value": -4.0,
            "min": -45.0,
            "max": 16.0,
            "count": 28
        },
        "MoveToPoint.Policy.ExtrinsicReward.mean": {
            "value": -0.2857142857142857,
            "min": -0.7377049180327869,
            "max": 0.6666666666666666,
            "count": 28
        },
        "MoveToPoint.Policy.ExtrinsicReward.sum": {
            "value": -4.0,
            "min": -45.0,
            "max": 16.0,
            "count": 28
        },
        "MoveToPoint.Policy.GailReward.mean": {
            "value": 160.70276167988777,
            "min": 30.947956123312967,
            "max": 174.7349103854762,
            "count": 28
        },
        "MoveToPoint.Policy.GailReward.sum": {
            "value": 2249.838663518429,
            "min": 1887.825323522091,
            "max": 4717.842580407858,
            "count": 28
        },
        "MoveToPoint.IsTraining.mean": {
            "value": 1.0,
            "min": 1.0,
            "max": 1.0,
            "count": 28
        },
        "MoveToPoint.IsTraining.sum": {
            "value": 1.0,
            "min": 1.0,
            "max": 1.0,
            "count": 28
        },
        "MoveToPoint.Losses.PolicyLoss.mean": {
            "value": 0.025006792956453982,
            "min": 0.024535653961143773,
            "max": 0.02857373841757587,
            "count": 6
        },
        "MoveToPoint.Losses.PolicyLoss.sum": {
            "value": 0.025006792956453982,
            "min": 0.024535653961143773,
            "max": 0.02857373841757587,
            "count": 6
        },
        "MoveToPoint.Losses.ValueLoss.mean": {
            "value": 17.643445518927845,
            "min": 15.023752641677856,
            "max": 29.30997691891058,
            "count": 6
        },
        "MoveToPoint.Losses.ValueLoss.sum": {
            "value": 17.643445518927845,
            "min": 15.023752641677856,
            "max": 29.30997691891058,
            "count": 6
        },
        "MoveToPoint.Policy.LearningRate.mean": {
            "value": 1.52389692036e-05,
            "min": 1.52389692036e-05,
            "max": 2.7541988193400003e-05,
            "count": 6
        },
        "MoveToPoint.Policy.LearningRate.sum": {
            "value": 1.52389692036e-05,
            "min": 1.52389692036e-05,
            "max": 2.7541988193400003e-05,
            "count": 6
        },
        "MoveToPoint.Policy.Epsilon.mean": {
            "value": 0.15079640000000002,
            "min": 0.15079640000000002,
            "max": 0.19180660000000002,
            "count": 6
        },
        "MoveToPoint.Policy.Epsilon.sum": {
            "value": 0.15079640000000002,
            "min": 0.15079640000000002,
            "max": 0.19180660000000002,
            "count": 6
        },
        "MoveToPoint.Policy.Beta.mean": {
            "value": 0.00025890236,
            "min": 0.00025890236,
            "max": 0.0004598523399999999,
            "count": 6
        },
        "MoveToPoint.Policy.Beta.sum": {
            "value": 0.00025890236,
            "min": 0.00025890236,
            "max": 0.0004598523399999999,
            "count": 6
        },
        "MoveToPoint.Policy.GAILPolicyEstimate.mean": {
            "value": 0.4643679416276575,
            "min": 0.4396354652941227,
            "max": 0.4698582967606986,
            "count": 6
        },
        "MoveToPoint.Policy.GAILPolicyEstimate.sum": {
            "value": 0.4643679416276575,
            "min": 0.4396354652941227,
            "max": 0.4698582967606986,
            "count": 6
        },
        "MoveToPoint.Policy.GAILExpertEstimate.mean": {
            "value": 0.5469214252340115,
            "min": 0.4780940671761831,
            "max": 0.5814803674817085,
            "count": 6
        },
        "MoveToPoint.Policy.GAILExpertEstimate.sum": {
            "value": 0.5469214252340115,
            "min": 0.4780940671761831,
            "max": 0.5814803674817085,
            "count": 6
        },
        "MoveToPoint.Losses.GAILLoss.mean": {
            "value": 1.264841797875195,
            "min": 1.1715597540140152,
            "max": 1.3801798661549887,
            "count": 6
        },
        "MoveToPoint.Losses.GAILLoss.sum": {
            "value": 1.264841797875195,
            "min": 1.1715597540140152,
            "max": 1.3801798661549887,
            "count": 6
        },
        "MoveToPoint.Policy.GAILGradMagLoss.mean": {
            "value": 0.022879882647496897,
            "min": 0.022879882647496897,
            "max": 3.8753504723310472,
            "count": 6
        },
        "MoveToPoint.Policy.GAILGradMagLoss.sum": {
            "value": 0.022879882647496897,
            "min": 0.022879882647496897,
            "max": 3.8753504723310472,
            "count": 6
        },
        "MoveToPoint.Losses.PretrainingLoss.mean": {
            "value": 1.5707405805587769,
            "min": 1.4857962131500244,
            "max": 1.5707405805587769,
            "count": 6
        },
        "MoveToPoint.Losses.PretrainingLoss.sum": {
            "value": 1.5707405805587769,
            "min": 1.4857962131500244,
            "max": 1.5707405805587769,
            "count": 6
        }
    },
    "metadata": {
        "timer_format_version": "0.1.0",
        "start_time_seconds": "1684616112",
        "python_version": "3.6.8 (tags/v3.6.8:3c6b436a57, Dec 24 2018, 00:16:47) [MSC v.1916 64 bit (AMD64)]",
        "command_line_arguments": "C:\\Users\\dewei\\Desktop\\IAV23-Chen\\TrabajoIADeweiChen\\V_Env\\Scripts\\mlagents-learn config/moveToPoint_Imitation.yaml --run-id=Imitation5",
        "mlagents_version": "0.26.0",
        "mlagents_envs_version": "0.26.0",
        "communication_protocol_version": "1.5.0",
        "pytorch_version": "1.7.1+cu110",
        "numpy_version": "1.19.5",
        "end_time_seconds": "1684616334"
    },
    "total": 221.9172751,
    "count": 1,
    "self": 0.005845600000043305,
    "children": {
        "run_training.setup": {
            "total": 0.06905689999999999,
            "count": 1,
            "self": 0.06905689999999999
        },
        "TrainerController.start_learning": {
            "total": 221.84237259999998,
            "count": 1,
            "self": 0.19229710000138311,
            "children": {
                "TrainerController._reset_env": {
                    "total": 6.3888991,
                    "count": 1,
                    "self": 5.962651699999999,
                    "children": {
                        "demo_to_buffer": {
                            "total": 0.4262474000000003,
                            "count": 2,
                            "self": 6.600000000123174e-05,
                            "children": {
                                "load_demonstration": {
                                    "total": 0.005807699999999194,
                                    "count": 2,
                                    "self": 0.00572389999999956,
                                    "children": {
                                        "read_file": {
                                            "total": 8.379999999963417e-05,
                                            "count": 2,
                                            "self": 8.379999999963417e-05
                                        }
                                    }
                                },
                                "make_demo_buffer": {
                                    "total": 0.42037369999999985,
                                    "count": 2,
                                    "self": 0.10519830000001118,
                                    "children": {
                                        "steps_from_proto": {
                                            "total": 0.31517539999998867,
                                            "count": 3812,
                                            "self": 0.19015490000003243,
                                            "children": {
                                                "_process_rank_one_or_two_observation": {
                                                    "total": 0.12502049999995624,
                                                    "count": 7624,
                                                    "self": 0.12502049999995624
                                                }
                                            }
                                        }
                                    }
                                }
                            }
                        }
                    }
                },
                "TrainerController.advance": {
                    "total": 215.19944889999857,
                    "count": 11473,
                    "self": 0.1900020000001632,
                    "children": {
                        "env_step": {
                            "total": 116.45757569999896,
                            "count": 11473,
                            "self": 94.39060629999742,
                            "children": {
                                "SubprocessEnvManager._take_step": {
                                    "total": 21.95572710000033,
                                    "count": 11473,
                                    "self": 0.5888701000007792,
                                    "children": {
                                        "TorchPolicy.evaluate": {
                                            "total": 21.366856999999552,
                                            "count": 10741,
                                            "self": 13.235623199999747,
                                            "children": {
                                                "TorchPolicy.sample_actions": {
                                                    "total": 8.131233799999805,
                                                    "count": 10741,
                                                    "self": 8.131233799999805
                                                }
                                            }
                                        }
                                    }
                                },
                                "workers": {
                                    "total": 0.11124230000121305,
                                    "count": 11472,
                                    "self": 0.0,
                                    "children": {
                                        "worker_root": {
                                            "total": 216.46626620000006,
                                            "count": 11472,
                                            "is_parallel": true,
                                            "self": 136.820155200001,
                                            "children": {
                                                "steps_from_proto": {
                                                    "total": 0.0004376,
                                                    "count": 1,
                                                    "is_parallel": true,
                                                    "self": 0.0001225,
                                                    "children": {
                                                        "_process_rank_one_or_two_observation": {
                                                            "total": 0.0003151,
                                                            "count": 2,
                                                            "is_parallel": true,
                                                            "self": 0.0003151
                                                        }
                                                    }
                                                },
                                                "UnityEnvironment.step": {
                                                    "total": 79.64567339999905,
                                                    "count": 11472,
                                                    "is_parallel": true,
                                                    "self": 1.348501500000495,
                                                    "children": {
                                                        "UnityEnvironment._generate_step_input": {
                                                            "total": 2.779604300000013,
                                                            "count": 11472,
                                                            "is_parallel": true,
                                                            "self": 2.779604300000013
                                                        },
                                                        "communicator.exchange": {
                                                            "total": 71.83988150000043,
                                                            "count": 11472,
                                                            "is_parallel": true,
                                                            "self": 71.83988150000043
                                                        },
                                                        "steps_from_proto": {
                                                            "total": 3.677686099998107,
                                                            "count": 11472,
                                                            "is_parallel": true,
                                                            "self": 1.1249485999987292,
                                                            "children": {
                                                                "_process_rank_one_or_two_observation": {
                                                                    "total": 2.552737499999378,
                                                                    "count": 22944,
                                                                    "is_parallel": true,
                                                                    "self": 2.552737499999378
                                                                }
                                                            }
                                                        }
                                                    }
                                                }
                                            }
                                        }
                                    }
                                }
                            }
                        },
                        "trainer_advance": {
                            "total": 98.55187119999945,
                            "count": 11472,
                            "self": 0.30213910000034616,
                            "children": {
                                "process_trajectory": {
                                    "total": 28.311224199999067,
                                    "count": 11472,
                                    "self": 28.311224199999067
                                },
                                "_update_policy": {
                                    "total": 69.93850790000003,
                                    "count": 7,
                                    "self": 44.15469220000013,
                                    "children": {
                                        "TorchPPOOptimizer.update": {
                                            "total": 25.766849099999927,
                                            "count": 852,
                                            "self": 25.766849099999927
                                        },
                                        "TorchPolicy.sample_actions": {
                                            "total": 0.01696659999998218,
                                            "count": 21,
                                            "self": 0.01696659999998218
                                        }
                                    }
                                }
                            }
                        }
                    }
                },
                "trainer_threads": {
                    "total": 8.000000093488779e-07,
                    "count": 1,
                    "self": 8.000000093488779e-07
                },
                "TrainerController._save_models": {
                    "total": 0.06172670000000835,
                    "count": 1,
                    "self": 0.00797779999999193,
                    "children": {
                        "RLTrainer._checkpoint": {
                            "total": 0.05374890000001642,
                            "count": 1,
                            "self": 0.05374890000001642
                        }
                    }
                }
            }
        }
    }
}