{
    "MoveToPoint": {
        "checkpoints": [
            {
                "steps": 289090,
                "file_path": "results\\Imitation5\\MoveToPoint\\MoveToPoint-289090.onnx",
                "reward": -1.0,
                "creation_time": 1684616334.7218206,
                "auxillary_file_paths": [
                    "results\\Imitation5\\MoveToPoint\\MoveToPoint-289090.pt"
                ]
            }
        ],
        "final_checkpoint": {
            "steps": 289090,
            "file_path": "results\\Imitation5\\MoveToPoint.onnx",
            "reward": -1.0,
            "creation_time": 1684616334.7218206,
            "auxillary_file_paths": [
                "results\\Imitation5\\MoveToPoint\\MoveToPoint-289090.pt"
            ]
        }
    },
    "metadata": {
        "stats_format_version": "0.3.0",
        "mlagents_version": "0.26.0",
        "torch_version": "1.7.1+cu110"
    }
}