{
    "name": "root",
    "gauges": {
        "MoveToPoint.Policy.Entropy.mean": {
            "value": 1.4148513078689575,
            "min": 1.4148513078689575,
            "max": 1.4189382791519165,
            "count": 50
        },
        "MoveToPoint.Policy.Entropy.sum": {
            "value": 14096.1640625,
            "min": 13609.970703125,
            "max": 15401.15625,
            "count": 50
        },
        "MoveToPoint.Step.mean": {
            "value": 499952.0,
            "min": 9961.0,
            "max": 499952.0,
            "count": 50
        },
        "MoveToPoint.Step.sum": {
            "value": 499952.0,
            "min": 9961.0,
            "max": 499952.0,
            "count": 50
        },
        "MoveToPoint.Policy.ExtrinsicValueEstimate.mean": {
            "value": -0.05264180526137352,
            "min": -0.5862169861793518,
            "max": 0.3675042986869812,
            "count": 50
        },
        "MoveToPoint.Policy.ExtrinsicValueEstimate.sum": {
            "value": -8.527972221374512,
            "min": -107.0312728881836,
            "max": 60.435707092285156,
            "count": 50
        },
        "MoveToPoint.Policy.GailValueEstimate.mean": {
            "value": 21.44596290588379,
            "min": 1.4621195793151855,
            "max": 22.744699478149414,
            "count": 50
        },
        "MoveToPoint.Policy.GailValueEstimate.sum": {
            "value": 3474.24609375,
            "min": 268.24725341796875,
            "max": 3661.896728515625,
            "count": 50
        },
        "MoveToPoint.Environment.EpisodeLength.mean": {
            "value": 1078.5555555555557,
            "min": 132.73333333333332,
            "max": 1260.1666666666667,
            "count": 50
        },
        "MoveToPoint.Environment.EpisodeLength.sum": {
            "value": 9707.0,
            "min": 3025.0,
            "max": 17742.0,
            "count": 50
        },
        "MoveToPoint.Environment.CumulativeReward.mean": {
            "value": -0.4444444444444444,
            "min": -1.0,
            "max": 0.7777777777777778,
            "count": 50
        },
        "MoveToPoint.Environment.CumulativeReward.sum": {
            "value": -4.0,
            "min": -63.0,
            "max": 12.0,
            "count": 50
        },
        "MoveToPoint.Policy.ExtrinsicReward.mean": {
            "value": -0.4444444444444444,
            "min": -1.0,
            "max": 0.7777777777777778,
            "count": 50
        },
        "MoveToPoint.Policy.ExtrinsicReward.sum": {
            "value": -4.0,
            "min": -63.0,
            "max": 12.0,
            "count": 50
        },
        "MoveToPoint.Policy.GailReward.mean": {
            "value": 349.6078470531437,
            "min": 37.73166282619199,
            "max": 399.3459102673964,
            "count": 50
        },
        "MoveToPoint.Policy.GailReward.sum": {
            "value": 3146.4706234782934,
            "min": 945.8991072177887,
            "max": 5479.209028840065,
            "count": 50
        },
        "MoveToPoint.IsTraining.mean": {
            "value": 1.0,
            "min": 1.0,
            "max": 1.0,
            "count": 50
        },
        "MoveToPoint.IsTraining.sum": {
            "value": 1.0,
            "min": 1.0,
            "max": 1.0,
            "count": 50
        },
        "MoveToPoint.Losses.PolicyLoss.mean": {
            "value": 0.025666648204480034,
            "min": 0.02068901774097268,
            "max": 0.029743351432261988,
            "count": 12
        },
        "MoveToPoint.Losses.PolicyLoss.sum": {
            "value": 0.025666648204480034,
            "min": 0.02068901774097268,
            "max": 0.029743351432261988,
            "count": 12
        },
        "MoveToPoint.Losses.ValueLoss.mean": {
            "value": 13.686492695071832,
            "min": 8.905943024158478,
            "max": 22.983102226257323,
            "count": 12
        },
        "MoveToPoint.Losses.ValueLoss.sum": {
            "value": 13.686492695071832,
            "min": 8.905943024158478,
            "max": 22.983102226257323,
            "count": 12
        },
        "MoveToPoint.Policy.LearningRate.mean": {
            "value": 4.697784344e-07,
            "min": 4.697784344e-07,
            "max": 2.7541568194799993e-05,
            "count": 12
        },
        "MoveToPoint.Policy.LearningRate.sum": {
            "value": 4.697784344e-07,
            "min": 4.697784344e-07,
            "max": 2.7541568194799993e-05,
            "count": 12
        },
        "MoveToPoint.Policy.Epsilon.mean": {
            "value": 0.10156560000000003,
            "min": 0.10156560000000003,
            "max": 0.19180520000000006,
            "count": 12
        },
        "MoveToPoint.Policy.Epsilon.sum": {
            "value": 0.10156560000000003,
            "min": 0.10156560000000003,
            "max": 0.19180520000000006,
            "count": 12
        },
        "MoveToPoint.Policy.Beta.mean": {
            "value": 1.767144e-05,
            "min": 1.767144e-05,
            "max": 0.00045984548000000015,
            "count": 12
        },
        "MoveToPoint.Policy.Beta.sum": {
            "value": 1.767144e-05,
            "min": 1.767144e-05,
            "max": 0.00045984548000000015,
            "count": 12
        },
        "MoveToPoint.Policy.GAILPolicyEstimate.mean": {
            "value": 0.4029254111332622,
            "min": 0.3988944926882178,
            "max": 0.47285591388742126,
            "count": 12
        },
        "MoveToPoint.Policy.GAILPolicyEstimate.sum": {
            "value": 0.4029254111332622,
            "min": 0.3988944926882178,
            "max": 0.47285591388742126,
            "count": 12
        },
        "MoveToPoint.Policy.GAILExpertEstimate.mean": {
            "value": 0.6182285324344791,
            "min": 0.5572316656510036,
            "max": 0.6225190981616818,
            "count": 12
        },
        "MoveToPoint.Policy.GAILExpertEstimate.sum": {
            "value": 0.6182285324344791,
            "min": 0.5572316656510036,
            "max": 0.6225190981616818,
            "count": 12
        },
        "MoveToPoint.Losses.GAILLoss.mean": {
            "value": 1.0582452925240122,
            "min": 1.0412665096724905,
            "max": 1.2236815383036932,
            "count": 12
        },
        "MoveToPoint.Losses.GAILLoss.sum": {
            "value": 1.0582452925240122,
            "min": 1.0412665096724905,
            "max": 1.2236815383036932,
            "count": 12
        },
        "MoveToPoint.Policy.GAILGradMagLoss.mean": {
            "value": 0.05140504701350763,
            "min": 0.02416088813915849,
            "max": 5.482644492760301,
            "count": 12
        },
        "MoveToPoint.Policy.GAILGradMagLoss.sum": {
            "value": 0.05140504701350763,
            "min": 0.02416088813915849,
            "max": 5.482644492760301,
            "count": 12
        },
        "MoveToPoint.Losses.PretrainingLoss.mean": {
            "value": 1.4555240074793498,
            "min": 1.3750331401824951,
            "max": 1.5409095684687297,
            "count": 12
        },
        "MoveToPoint.Losses.PretrainingLoss.sum": {
            "value": 1.4555240074793498,
            "min": 1.3750331401824951,
            "max": 1.5409095684687297,
            "count": 12
        }
    },
    "metadata": {
        "timer_format_version": "0.1.0",
        "start_time_seconds": "1684613602",
        "python_version": "3.6.8 (tags/v3.6.8:3c6b436a57, Dec 24 2018, 00:16:47) [MSC v.1916 64 bit (AMD64)]",
        "command_line_arguments": "C:\\Users\\dewei\\Desktop\\IAV23-Chen\\TrabajoIADeweiChen\\V_Env\\Scripts\\mlagents-learn config/moveToPoint_Imitation.yaml --run-id=Imitation2",
        "mlagents_version": "0.26.0",
        "mlagents_envs_version": "0.26.0",
        "communication_protocol_version": "1.5.0",
        "pytorch_version": "1.7.1+cu110",
        "numpy_version": "1.19.5",
        "end_time_seconds": "1684613890"
    },
    "total": 287.337627,
    "count": 1,
    "self": 0.006689500000049975,
    "children": {
        "run_training.setup": {
            "total": 0.0685382,
            "count": 1,
            "self": 0.0685382
        },
        "TrainerController.start_learning": {
            "total": 287.26239929999997,
            "count": 1,
            "self": 0.3115405000011151,
            "children": {
                "TrainerController._reset_env": {
                    "total": 5.187142199999999,
                    "count": 1,
                    "self": 5.0188182999999995,
                    "children": {
                        "demo_to_buffer": {
                            "total": 0.16832389999999986,
                            "count": 2,
                            "self": 6.229999999973757e-05,
                            "children": {
                                "load_demonstration": {
                                    "total": 0.005985400000000141,
                                    "count": 2,
                                    "self": 0.005887799999999999,
                                    "children": {
                                        "read_file": {
                                            "total": 9.760000000014202e-05,
                                            "count": 2,
                                            "self": 9.760000000014202e-05
                                        }
                                    }
                                },
                                "make_demo_buffer": {
                                    "total": 0.16227619999999998,
                                    "count": 2,
                                    "self": 0.04031710000000732,
                                    "children": {
                                        "steps_from_proto": {
                                            "total": 0.12195909999999266,
                                            "count": 1476,
                                            "self": 0.07345979999999752,
                                            "children": {
                                                "_process_rank_one_or_two_observation": {
                                                    "total": 0.04849929999999514,
                                                    "count": 2952,
                                                    "self": 0.04849929999999514
                                                }
                                            }
                                        }
                                    }
                                }
                            }
                        }
                    }
                },
                "TrainerController.advance": {
                    "total": 281.71996049999893,
                    "count": 19184,
                    "self": 0.3189924999999221,
                    "children": {
                        "env_step": {
                            "total": 124.20602800000032,
                            "count": 19184,
                            "self": 90.16487190000035,
                            "children": {
                                "SubprocessEnvManager._take_step": {
                                    "total": 33.859228299999785,
                                    "count": 19184,
                                    "self": 0.9927266999994799,
                                    "children": {
                                        "TorchPolicy.evaluate": {
                                            "total": 32.866501600000305,
                                            "count": 18551,
                                            "self": 19.276890099999658,
                                            "children": {
                                                "TorchPolicy.sample_actions": {
                                                    "total": 13.589611500000647,
                                                    "count": 18551,
                                                    "self": 13.589611500000647
                                                }
                                            }
                                        }
                                    }
                                },
                                "workers": {
                                    "total": 0.1819278000001745,
                                    "count": 19184,
                                    "self": 0.0,
                                    "children": {
                                        "worker_root": {
                                            "total": 282.793410499999,
                                            "count": 19184,
                                            "is_parallel": true,
                                            "self": 217.0624644999985,
                                            "children": {
                                                "steps_from_proto": {
                                                    "total": 0.0003838,
                                                    "count": 1,
                                                    "is_parallel": true,
                                                    "self": 0.000118,
                                                    "children": {
                                                        "_process_rank_one_or_two_observation": {
                                                            "total": 0.0002658,
                                                            "count": 2,
                                                            "is_parallel": true,
                                                            "self": 0.0002658
                                                        }
                                                    }
                                                },
                                                "UnityEnvironment.step": {
                                                    "total": 65.73056220000052,
                                                    "count": 19184,
                                                    "is_parallel": true,
                                                    "self": 2.219059099993089,
                                                    "children": {
                                                        "UnityEnvironment._generate_step_input": {
                                                            "total": 4.7710946999992725,
                                                            "count": 19184,
                                                            "is_parallel": true,
                                                            "self": 4.7710946999992725
                                                        },
                                                        "communicator.exchange": {
                                                            "total": 52.642080500003644,
                                                            "count": 19184,
                                                            "is_parallel": true,
                                                            "self": 52.642080500003644
                                                        },
                                                        "steps_from_proto": {
                                                            "total": 6.09832790000451,
                                                            "count": 19184,
                                                            "is_parallel": true,
                                                            "self": 1.848128700003584,
                                                            "children": {
                                                                "_process_rank_one_or_two_observation": {
                                                                    "total": 4.250199200000926,
                                                                    "count": 38368,
                                                                    "is_parallel": true,
                                                                    "self": 4.250199200000926
                                                                }
                                                            }
                                                        }
                                                    }
                                                }
                                            }
                                        }
                                    }
                                }
                            }
                        },
                        "trainer_advance": {
                            "total": 157.19493999999867,
                            "count": 19184,
                            "self": 0.5052534999963427,
                            "children": {
                                "process_trajectory": {
                                    "total": 45.3721310000023,
                                    "count": 19184,
                                    "self": 45.32216750000231,
                                    "children": {
                                        "RLTrainer._checkpoint": {
                                            "total": 0.049963499999989835,
                                            "count": 1,
                                            "self": 0.049963499999989835
                                        }
                                    }
                                },
                                "_update_policy": {
                                    "total": 111.31755550000001,
                                    "count": 12,
                                    "self": 67.1574051999999,
                                    "children": {
                                        "TorchPPOOptimizer.update": {
                                            "total": 44.13222200000007,
                                            "count": 1458,
                                            "self": 44.13222200000007
                                        },
                                        "TorchPolicy.sample_actions": {
                                            "total": 0.027928300000041872,
                                            "count": 36,
                                            "self": 0.027928300000041872
                                        }
                                    }
                                }
                            }
                        }
                    }
                },
                "trainer_threads": {
                    "total": 7.999999525054591e-07,
                    "count": 1,
                    "self": 7.999999525054591e-07
                },
                "TrainerController._save_models": {
                    "total": 0.04375529999998662,
                    "count": 1,
                    "self": 0.008386099999995622,
                    "children": {
                        "RLTrainer._checkpoint": {
                            "total": 0.035369199999991,
                            "count": 1,
                            "self": 0.035369199999991
                        }
                    }
                }
            }
        }
    }
}