{
    "MoveToPoint": {
        "checkpoints": [
            {
                "steps": 499952,
                "file_path": "results\\Imitation2\\MoveToPoint\\MoveToPoint-499952.onnx",
                "reward": -0.5,
                "creation_time": 1684613889.9711063,
                "auxillary_file_paths": [
                    "results\\Imitation2\\MoveToPoint\\MoveToPoint-499952.pt"
                ]
            },
            {
                "steps": 500080,
                "file_path": "results\\Imitation2\\MoveToPoint\\MoveToPoint-500080.onnx",
                "reward": -0.5,
                "creation_time": 1684613890.0159857,
                "auxillary_file_paths": [
                    "results\\Imitation2\\MoveToPoint\\MoveToPoint-500080.pt"
                ]
            }
        ],
        "final_checkpoint": {
            "steps": 500080,
            "file_path": "results\\Imitation2\\MoveToPoint.onnx",
            "reward": -0.5,
            "creation_time": 1684613890.0159857,
            "auxillary_file_paths": [
                "results\\Imitation2\\MoveToPoint\\MoveToPoint-500080.pt"
            ]
        }
    },
    "metadata": {
        "stats_format_version": "0.3.0",
        "mlagents_version": "0.26.0",
        "torch_version": "1.7.1+cu110"
    }
}