{
    "name": "root",
    "gauges": {
        "OpenDoor.Policy.Entropy.mean": {
            "value": 0.5667118430137634,
            "min": 0.5667118430137634,
            "max": 1.1793031692504883,
            "count": 2
        },
        "OpenDoor.Policy.Entropy.sum": {
            "value": 11379.0068359375,
            "min": 11379.0068359375,
            "max": 23795.98046875,
            "count": 2
        },
        "OpenDoor.Environment.EpisodeLength.mean": {
            "value": 37.50326797385621,
            "min": 37.50326797385621,
            "max": 55.359882005899706,
            "count": 2
        },
        "OpenDoor.Environment.EpisodeLength.sum": {
            "value": 5738.0,
            "min": 5738.0,
            "max": 18767.0,
            "count": 2
        },
        "OpenDoor.Step.mean": {
            "value": 39973.0,
            "min": 19976.0,
            "max": 39973.0,
            "count": 2
        },
        "OpenDoor.Step.sum": {
            "value": 39973.0,
            "min": 19976.0,
            "max": 39973.0,
            "count": 2
        },
        "OpenDoor.Policy.ExtrinsicValueEstimate.mean": {
            "value": 0.006571789737790823,
            "min": 0.006571789737790823,
            "max": 0.2354811728000641,
            "count": 2
        },
        "OpenDoor.Policy.ExtrinsicValueEstimate.sum": {
            "value": 2.5104236602783203,
            "min": 2.5104236602783203,
            "max": 114.44384765625,
            "count": 2
        },
        "OpenDoor.Policy.GailValueEstimate.mean": {
            "value": 8.490306854248047,
            "min": 8.490306854248047,
            "max": 9.914854049682617,
            "count": 2
        },
        "OpenDoor.Policy.GailValueEstimate.sum": {
            "value": 3243.29736328125,
            "min": 3243.29736328125,
            "max": 4818.619140625,
            "count": 2
        },
        "OpenDoor.Environment.CumulativeReward.mean": {
            "value": 0.30869842605520187,
            "min": -0.016946555366023228,
            "max": 0.30869842605520187,
            "count": 2
        },
        "OpenDoor.Environment.CumulativeReward.sum": {
            "value": 47.539557612501085,
            "min": -5.727935713715851,
            "max": 47.539557612501085,
            "count": 2
        },
        "OpenDoor.Policy.ExtrinsicReward.mean": {
            "value": 0.30869842605520187,
            "min": -0.016946555366023228,
            "max": 0.30869842605520187,
            "count": 2
        },
        "OpenDoor.Policy.ExtrinsicReward.sum": {
            "value": 47.539557612501085,
            "min": -5.727935713715851,
            "max": 47.539557612501085,
            "count": 2
        },
        "OpenDoor.Policy.GailReward.mean": {
            "value": 15.850632888543142,
            "min": 15.850632888543142,
            "max": 19.120815522307474,
            "count": 2
        },
        "OpenDoor.Policy.GailReward.sum": {
            "value": 2440.9974648356438,
            "min": 2440.9974648356438,
            "max": 6462.8356465399265,
            "count": 2
        },
        "OpenDoor.Losses.PolicyLoss.mean": {
            "value": 0.040992548787280134,
            "min": 0.040992548787280134,
            "max": 0.04736204372063556,
            "count": 2
        },
        "OpenDoor.Losses.PolicyLoss.sum": {
            "value": 0.7788584269583225,
            "min": 0.7788584269583225,
            "max": 0.8525167869714401,
            "count": 2
        },
        "OpenDoor.Losses.ValueLoss.mean": {
            "value": 4.212779300434417,
            "min": 4.212779300434417,
            "max": 22.86938398634946,
            "count": 2
        },
        "OpenDoor.Losses.ValueLoss.sum": {
            "value": 80.04280670825392,
            "min": 80.04280670825392,
            "max": 411.6489117542903,
            "count": 2
        },
        "OpenDoor.Policy.LearningRate.mean": {
            "value": 0.0002822480901278315,
            "min": 0.0002822480901278315,
            "max": 0.0002939217353594223,
            "count": 2
        },
        "OpenDoor.Policy.LearningRate.sum": {
            "value": 0.005362713712428798,
            "min": 0.005290591236469601,
            "max": 0.005362713712428798,
            "count": 2
        },
        "OpenDoor.Policy.Epsilon.mean": {
            "value": 0.1940826947368421,
            "min": 0.1940826947368421,
            "max": 0.19797391111111112,
            "count": 2
        },
        "OpenDoor.Policy.Epsilon.sum": {
            "value": 3.6875712,
            "min": 3.5635304000000003,
            "max": 3.6875712,
            "count": 2
        },
        "OpenDoor.Policy.Beta.mean": {
            "value": 0.00047100520421052634,
            "min": 0.00047100520421052634,
            "max": 0.0004900721644444443,
            "count": 2
        },
        "OpenDoor.Policy.Beta.sum": {
            "value": 0.00894909888,
            "min": 0.008821298959999998,
            "max": 0.00894909888,
            "count": 2
        },
        "OpenDoor.Policy.GAILPolicyEstimate.mean": {
            "value": 0.28259456072721567,
            "min": 0.28259456072721567,
            "max": 0.42954485428829986,
            "count": 2
        },
        "OpenDoor.Policy.GAILPolicyEstimate.sum": {
            "value": 5.369296653817098,
            "min": 5.369296653817098,
            "max": 7.731807377189398,
            "count": 2
        },
        "OpenDoor.Policy.GAILExpertEstimate.mean": {
            "value": 0.6809355632254952,
            "min": 0.5686909953753154,
            "max": 0.6809355632254952,
            "count": 2
        },
        "OpenDoor.Policy.GAILExpertEstimate.sum": {
            "value": 12.937775701284409,
            "min": 10.236437916755678,
            "max": 12.937775701284409,
            "count": 2
        },
        "OpenDoor.Losses.GAILLoss.mean": {
            "value": 0.7874064169693411,
            "min": 0.7874064169693411,
            "max": 1.2606803369190958,
            "count": 2
        },
        "OpenDoor.Losses.GAILLoss.sum": {
            "value": 14.96072192241748,
            "min": 14.96072192241748,
            "max": 22.692246064543724,
            "count": 2
        },
        "OpenDoor.Policy.GAILGradMagLoss.mean": {
            "value": 0.10156200969951196,
            "min": 0.10156200969951196,
            "max": 3.286594257810739,
            "count": 2
        },
        "OpenDoor.Policy.GAILGradMagLoss.sum": {
            "value": 1.9296781842907271,
            "min": 1.9296781842907271,
            "max": 59.158696640593305,
            "count": 2
        },
        "OpenDoor.Losses.PretrainingLoss.mean": {
            "value": 0.2762028933094259,
            "min": 0.2762028933094259,
            "max": 0.4055963741776384,
            "count": 2
        },
        "OpenDoor.Losses.PretrainingLoss.sum": {
            "value": 5.247854972879092,
            "min": 5.247854972879092,
            "max": 7.300734735197491,
            "count": 2
        },
        "OpenDoor.IsTraining.mean": {
            "value": 1.0,
            "min": 1.0,
            "max": 1.0,
            "count": 2
        },
        "OpenDoor.IsTraining.sum": {
            "value": 1.0,
            "min": 1.0,
            "max": 1.0,
            "count": 2
        }
    },
    "metadata": {
        "timer_format_version": "0.1.0",
        "start_time_seconds": "1684677530",
        "python_version": "3.6.8 (tags/v3.6.8:3c6b436a57, Dec 24 2018, 00:16:47) [MSC v.1916 64 bit (AMD64)]",
        "command_line_arguments": "C:\\Users\\dewei\\Desktop\\IAV23-Chen\\TrabajoIADeweiChen\\V_Env\\Scripts\\mlagents-learn config/OpenDoor_Imitation.yaml --run-id=OpenDoor_Imitation2",
        "mlagents_version": "0.26.0",
        "mlagents_envs_version": "0.26.0",
        "communication_protocol_version": "1.5.0",
        "pytorch_version": "1.7.1+cu110",
        "numpy_version": "1.19.5",
        "end_time_seconds": "1684677636"
    },
    "total": 105.6481217,
    "count": 1,
    "self": 0.005450599999988981,
    "children": {
        "run_training.setup": {
            "total": 0.07232,
            "count": 1,
            "self": 0.07232
        },
        "TrainerController.start_learning": {
            "total": 105.57035110000001,
            "count": 1,
            "self": 0.12227630000001,
            "children": {
                "TrainerController._reset_env": {
                    "total": 10.8600905,
                    "count": 1,
                    "self": 9.8008788,
                    "children": {
                        "demo_to_buffer": {
                            "total": 1.0592117000000005,
                            "count": 2,
                            "self": 8.85999999997722e-05,
                            "children": {
                                "load_demonstration": {
                                    "total": 0.010848499999999817,
                                    "count": 2,
                                    "self": 0.010689000000001059,
                                    "children": {
                                        "read_file": {
                                            "total": 0.00015949999999875786,
                                            "count": 2,
                                            "self": 0.00015949999999875786
                                        }
                                    }
                                },
                                "make_demo_buffer": {
                                    "total": 1.048274600000001,
                                    "count": 2,
                                    "self": 0.2184248999999756,
                                    "children": {
                                        "steps_from_proto": {
                                            "total": 0.8298497000000253,
                                            "count": 6932,
                                            "self": 0.5791483999999407,
                                            "children": {
                                                "_process_rank_one_or_two_observation": {
                                                    "total": 0.2507013000000846,
                                                    "count": 13864,
                                                    "self": 0.2507013000000846
                                                }
                                            }
                                        }
                                    }
                                }
                            }
                        }
                    }
                },
                "TrainerController.advance": {
                    "total": 94.46734740000001,
                    "count": 7080,
                    "self": 0.11378540000062287,
                    "children": {
                        "env_step": {
                            "total": 55.027434899999584,
                            "count": 7080,
                            "self": 30.111543399999505,
                            "children": {
                                "SubprocessEnvManager._take_step": {
                                    "total": 24.849293600000323,
                                    "count": 7080,
                                    "self": 0.3162223000004687,
                                    "children": {
                                        "TorchPolicy.evaluate": {
                                            "total": 24.533071299999854,
                                            "count": 6657,
                                            "self": 9.222486199999219,
                                            "children": {
                                                "TorchPolicy.sample_actions": {
                                                    "total": 15.310585100000635,
                                                    "count": 6657,
                                                    "self": 15.310585100000635
                                                }
                                            }
                                        }
                                    }
                                },
                                "workers": {
                                    "total": 0.0665978999997563,
                                    "count": 7079,
                                    "self": 0.0,
                                    "children": {
                                        "worker_root": {
                                            "total": 96.49517899999987,
                                            "count": 7079,
                                            "is_parallel": true,
                                            "self": 72.66053769999961,
                                            "children": {
                                                "steps_from_proto": {
                                                    "total": 0.0003375,
                                                    "count": 1,
                                                    "is_parallel": true,
                                                    "self": 0.0001654,
                                                    "children": {
                                                        "_process_rank_one_or_two_observation": {
                                                            "total": 0.0001721,
                                                            "count": 2,
                                                            "is_parallel": true,
                                                            "self": 0.0001721
                                                        }
                                                    }
                                                },
                                                "UnityEnvironment.step": {
                                                    "total": 23.834303800000257,
                                                    "count": 7079,
                                                    "is_parallel": true,
                                                    "self": 0.5638480000000712,
                                                    "children": {
                                                        "UnityEnvironment._generate_step_input": {
                                                            "total": 0.8059254000004286,
                                                            "count": 7079,
                                                            "is_parallel": true,
                                                            "self": 0.8059254000004286
                                                        },
                                                        "communicator.exchange": {
                                                            "total": 20.64275719999974,
                                                            "count": 7079,
                                                            "is_parallel": true,
                                                            "self": 20.64275719999974
                                                        },
                                                        "steps_from_proto": {
                                                            "total": 1.8217732000000155,
                                                            "count": 7079,
                                                            "is_parallel": true,
                                                            "self": 0.9556559000000497,
                                                            "children": {
                                                                "_process_rank_one_or_two_observation": {
                                                                    "total": 0.8661172999999658,
                                                                    "count": 14158,
                                                                    "is_parallel": true,
                                                                    "self": 0.8661172999999658
                                                                }
                                                            }
                                                        }
                                                    }
                                                }
                                            }
                                        }
                                    }
                                }
                            }
                        },
                        "trainer_advance": {
                            "total": 39.32612709999981,
                            "count": 7079,
                            "self": 0.18538520000016945,
                            "children": {
                                "process_trajectory": {
                                    "total": 6.4188410999997,
                                    "count": 7079,
                                    "self": 6.4188410999997
                                },
                                "_update_policy": {
                                    "total": 32.721900799999936,
                                    "count": 56,
                                    "self": 16.21046090000005,
                                    "children": {
                                        "TorchPPOOptimizer.update": {
                                            "total": 14.08142969999996,
                                            "count": 672,
                                            "self": 14.08142969999996
                                        },
                                        "TorchPolicy.sample_actions": {
                                            "total": 2.4300101999999235,
                                            "count": 1008,
                                            "self": 2.4300101999999235
                                        }
                                    }
                                }
                            }
                        }
                    }
                },
                "trainer_threads": {
                    "total": 9.999999974752427e-07,
                    "count": 1,
                    "self": 9.999999974752427e-07
                },
                "TrainerController._save_models": {
                    "total": 0.12063589999999635,
                    "count": 1,
                    "self": 0.007589499999994587,
                    "children": {
                        "RLTrainer._checkpoint": {
                            "total": 0.11304640000000177,
                            "count": 1,
                            "self": 0.11304640000000177
                        }
                    }
                }
            }
        }
    }
}