{
    "OpenDoor": {
        "checkpoints": [
            {
                "steps": 59714,
                "file_path": "results\\OpenDoor_Imitation2\\OpenDoor\\OpenDoor-59714.onnx",
                "reward": null,
                "creation_time": 1684677636.129863,
                "auxillary_file_paths": [
                    "results\\OpenDoor_Imitation2\\OpenDoor\\OpenDoor-59714.pt"
                ]
            }
        ],
        "final_checkpoint": {
            "steps": 59714,
            "file_path": "results\\OpenDoor_Imitation2\\OpenDoor.onnx",
            "reward": null,
            "creation_time": 1684677636.129863,
            "auxillary_file_paths": [
                "results\\OpenDoor_Imitation2\\OpenDoor\\OpenDoor-59714.pt"
            ]
        }
    },
    "metadata": {
        "stats_format_version": "0.3.0",
        "mlagents_version": "0.26.0",
        "torch_version": "1.7.1+cu110"
    }
}