{
    "name": "root",
    "gauges": {
        "MoveToPoint.Policy.Entropy.mean": {
            "value": 1.4171303510665894,
            "min": 1.4171303510665894,
            "max": 1.419227957725525,
            "count": 50
        },
        "MoveToPoint.Policy.Entropy.sum": {
            "value": 14080.607421875,
            "min": 13703.4150390625,
            "max": 15286.22265625,
            "count": 50
        },
        "MoveToPoint.Environment.EpisodeLength.mean": {
            "value": 890.3636363636364,
            "min": 100.35384615384615,
            "max": 1097.5,
            "count": 50
        },
        "MoveToPoint.Environment.EpisodeLength.sum": {
            "value": 9794.0,
            "min": 5020.0,
            "max": 16723.0,
            "count": 50
        },
        "MoveToPoint.Step.mean": {
            "value": 499968.0,
            "min": 9980.0,
            "max": 499968.0,
            "count": 50
        },
        "MoveToPoint.Step.sum": {
            "value": 499968.0,
            "min": 9980.0,
            "max": 499968.0,
            "count": 50
        },
        "MoveToPoint.Policy.ExtrinsicValueEstimate.mean": {
            "value": 0.15560495853424072,
            "min": -0.1731051653623581,
            "max": 0.8755940198898315,
            "count": 50
        },
        "MoveToPoint.Policy.ExtrinsicValueEstimate.sum": {
            "value": 25.363609313964844,
            "min": -29.254772186279297,
            "max": 161.98489379882812,
            "count": 50
        },
        "MoveToPoint.Policy.GailValueEstimate.mean": {
            "value": 15.512635231018066,
            "min": -0.5688479542732239,
            "max": 16.637638092041016,
            "count": 50
        },
        "MoveToPoint.Policy.GailValueEstimate.sum": {
            "value": 2528.5595703125,
            "min": -104.70170593261719,
            "max": 2795.123291015625,
            "count": 50
        },
        "MoveToPoint.Environment.CumulativeReward.mean": {
            "value": -0.18181818181818182,
            "min": -1.0,
            "max": 0.5,
            "count": 50
        },
        "MoveToPoint.Environment.CumulativeReward.sum": {
            "value": -2.0,
            "min": -61.0,
            "max": 12.0,
            "count": 50
        },
        "MoveToPoint.Policy.ExtrinsicReward.mean": {
            "value": -0.18181818181818182,
            "min": -1.0,
            "max": 0.5,
            "count": 50
        },
        "MoveToPoint.Policy.ExtrinsicReward.sum": {
            "value": -2.0,
            "min": -61.0,
            "max": 12.0,
            "count": 50
        },
        "MoveToPoint.Policy.GailReward.mean": {
            "value": 221.29828710718587,
            "min": 33.571915736565224,
            "max": 308.52554136365654,
            "count": 50
        },
        "MoveToPoint.Policy.GailReward.sum": {
            "value": 2434.2811581790447,
            "min": 1813.915166914463,
            "max": 5614.480981647968,
            "count": 50
        },
        "MoveToPoint.IsTraining.mean": {
            "value": 1.0,
            "min": 1.0,
            "max": 1.0,
            "count": 50
        },
        "MoveToPoint.IsTraining.sum": {
            "value": 1.0,
            "min": 1.0,
            "max": 1.0,
            "count": 50
        },
        "MoveToPoint.Losses.PolicyLoss.mean": {
            "value": 0.024785395649572214,
            "min": 0.022908031589516518,
            "max": 0.02819549426712319,
            "count": 12
        },
        "MoveToPoint.Losses.PolicyLoss.sum": {
            "value": 0.024785395649572214,
            "min": 0.022908031589516518,
            "max": 0.02819549426712319,
            "count": 12
        },
        "MoveToPoint.Losses.ValueLoss.mean": {
            "value": 13.175379459063212,
            "min": 13.175379459063212,
            "max": 31.559939531775996,
            "count": 12
        },
        "MoveToPoint.Losses.ValueLoss.sum": {
            "value": 13.175379459063212,
            "min": 13.175379459063212,
            "max": 31.559939531775996,
            "count": 12
        },
        "MoveToPoint.Policy.LearningRate.mean": {
            "value": 4.805183985999992e-07,
            "min": 4.805183985999992e-07,
            "max": 2.753976820079999e-05,
            "count": 12
        },
        "MoveToPoint.Policy.LearningRate.sum": {
            "value": 4.805183985999992e-07,
            "min": 4.805183985999992e-07,
            "max": 2.753976820079999e-05,
            "count": 12
        },
        "MoveToPoint.Policy.Epsilon.mean": {
            "value": 0.10160140000000005,
            "min": 0.10160140000000005,
            "max": 0.19179919999999998,
            "count": 12
        },
        "MoveToPoint.Policy.Epsilon.sum": {
            "value": 0.10160140000000005,
            "min": 0.10160140000000005,
            "max": 0.19179919999999998,
            "count": 12
        },
        "MoveToPoint.Policy.Beta.mean": {
            "value": 1.784685999999999e-05,
            "min": 1.784685999999999e-05,
            "max": 0.00045981608,
            "count": 12
        },
        "MoveToPoint.Policy.Beta.sum": {
            "value": 1.784685999999999e-05,
            "min": 1.784685999999999e-05,
            "max": 0.00045981608,
            "count": 12
        },
        "MoveToPoint.Policy.GAILPolicyEstimate.mean": {
            "value": 0.3895112693309784,
            "min": 0.38435502847035724,
            "max": 0.45683922467192983,
            "count": 12
        },
        "MoveToPoint.Policy.GAILPolicyEstimate.sum": {
            "value": 0.3895112693309784,
            "min": 0.38435502847035724,
            "max": 0.45683922467192983,
            "count": 12
        },
        "MoveToPoint.Policy.GAILExpertEstimate.mean": {
            "value": 0.6100153893232345,
            "min": 0.5556553754864669,
            "max": 0.6107241913676262,
            "count": 12
        },
        "MoveToPoint.Policy.GAILExpertEstimate.sum": {
            "value": 0.6100153893232345,
            "min": 0.5556553754864669,
            "max": 0.6107241913676262,
            "count": 12
        },
        "MoveToPoint.Losses.GAILLoss.mean": {
            "value": 1.0542219052712123,
            "min": 1.0542219052712123,
            "max": 1.3260922625782043,
            "count": 12
        },
        "MoveToPoint.Losses.GAILLoss.sum": {
            "value": 1.0542219052712123,
            "min": 1.0542219052712123,
            "max": 1.3260922625782043,
            "count": 12
        },
        "MoveToPoint.Policy.GAILGradMagLoss.mean": {
            "value": 0.04275258999938766,
            "min": 0.030011093425678044,
            "max": 4.648698248029724,
            "count": 12
        },
        "MoveToPoint.Policy.GAILGradMagLoss.sum": {
            "value": 0.04275258999938766,
            "min": 0.030011093425678044,
            "max": 4.648698248029724,
            "count": 12
        },
        "MoveToPoint.Losses.PretrainingLoss.mean": {
            "value": 1.6372878154118855,
            "min": 1.528927206993103,
            "max": 1.6778243780136108,
            "count": 12
        },
        "MoveToPoint.Losses.PretrainingLoss.sum": {
            "value": 1.6372878154118855,
            "min": 1.528927206993103,
            "max": 1.6778243780136108,
            "count": 12
        }
    },
    "metadata": {
        "timer_format_version": "0.1.0",
        "start_time_seconds": "1684614452",
        "python_version": "3.6.8 (tags/v3.6.8:3c6b436a57, Dec 24 2018, 00:16:47) [MSC v.1916 64 bit (AMD64)]",
        "command_line_arguments": "C:\\Users\\dewei\\Desktop\\IAV23-Chen\\TrabajoIADeweiChen\\V_Env\\Scripts\\mlagents-learn config/moveToPoint_Imitation.yaml --run-id=Imitation3",
        "mlagents_version": "0.26.0",
        "mlagents_envs_version": "0.26.0",
        "communication_protocol_version": "1.5.0",
        "pytorch_version": "1.7.1+cu110",
        "numpy_version": "1.19.5",
        "end_time_seconds": "1684614745"
    },
    "total": 292.27040589999996,
    "count": 1,
    "self": 0.006599399999970501,
    "children": {
        "run_training.setup": {
            "total": 0.0698054,
            "count": 1,
            "self": 0.0698054
        },
        "TrainerController.start_learning": {
            "total": 292.1940011,
            "count": 1,
            "self": 0.3211331999980871,
            "children": {
                "TrainerController._reset_env": {
                    "total": 6.9113558,
                    "count": 1,
                    "self": 6.487833200000001,
                    "children": {
                        "demo_to_buffer": {
                            "total": 0.4235225999999992,
                            "count": 2,
                            "self": 6.959999999889277e-05,
                            "children": {
                                "load_demonstration": {
                                    "total": 0.005866800000000616,
                                    "count": 2,
                                    "self": 0.005774100000000004,
                                    "children": {
                                        "read_file": {
                                            "total": 9.270000000061174e-05,
                                            "count": 2,
                                            "self": 9.270000000061174e-05
                                        }
                                    }
                                },
                                "make_demo_buffer": {
                                    "total": 0.4175861999999997,
                                    "count": 2,
                                    "self": 0.10518550000003657,
                                    "children": {
                                        "steps_from_proto": {
                                            "total": 0.3124006999999631,
                                            "count": 3812,
                                            "self": 0.18829550000000683,
                                            "children": {
                                                "_process_rank_one_or_two_observation": {
                                                    "total": 0.12410519999995628,
                                                    "count": 7624,
                                                    "self": 0.12410519999995628
                                                }
                                            }
                                        }
                                    }
                                }
                            }
                        }
                    }
                },
                "TrainerController.advance": {
                    "total": 284.9179006000019,
                    "count": 19392,
                    "self": 0.3129068000064308,
                    "children": {
                        "env_step": {
                            "total": 124.62952239999746,
                            "count": 19392,
                            "self": 90.87128109999688,
                            "children": {
                                "SubprocessEnvManager._take_step": {
                                    "total": 33.57429639999944,
                                    "count": 19392,
                                    "self": 0.9955004000001679,
                                    "children": {
                                        "TorchPolicy.evaluate": {
                                            "total": 32.57879599999927,
                                            "count": 18547,
                                            "self": 18.85663779999787,
                                            "children": {
                                                "TorchPolicy.sample_actions": {
                                                    "total": 13.722158200001402,
                                                    "count": 18547,
                                                    "self": 13.722158200001402
                                                }
                                            }
                                        }
                                    }
                                },
                                "workers": {
                                    "total": 0.1839449000011424,
                                    "count": 19392,
                                    "self": 0.0,
                                    "children": {
                                        "worker_root": {
                                            "total": 286.2366756000014,
                                            "count": 19392,
                                            "is_parallel": true,
                                            "self": 219.91091070000243,
                                            "children": {
                                                "steps_from_proto": {
                                                    "total": 0.00037860000000000004,
                                                    "count": 1,
                                                    "is_parallel": true,
                                                    "self": 0.00011680000000000002,
                                                    "children": {
                                                        "_process_rank_one_or_two_observation": {
                                                            "total": 0.0002618,
                                                            "count": 2,
                                                            "is_parallel": true,
                                                            "self": 0.0002618
                                                        }
                                                    }
                                                },
                                                "UnityEnvironment.step": {
                                                    "total": 66.32538629999894,
                                                    "count": 19392,
                                                    "is_parallel": true,
                                                    "self": 2.2230284999960617,
                                                    "children": {
                                                        "UnityEnvironment._generate_step_input": {
                                                            "total": 4.790136100001622,
                                                            "count": 19392,
                                                            "is_parallel": true,
                                                            "self": 4.790136100001622
                                                        },
                                                        "communicator.exchange": {
                                                            "total": 53.209814600000726,
                                                            "count": 19392,
                                                            "is_parallel": true,
                                                            "self": 53.209814600000726
                                                        },
                                                        "steps_from_proto": {
                                                            "total": 6.102407100000533,
                                                            "count": 19392,
                                                            "is_parallel": true,
                                                            "self": 1.8482106000039895,
                                                            "children": {
                                                                "_process_rank_one_or_two_observation": {
                                                                    "total": 4.254196499996543,
                                                                    "count": 38784,
                                                                    "is_parallel": true,
                                                                    "self": 4.254196499996543
                                                                }
                                                            }
                                                        }
                                                    }
                                                }
                                            }
                                        }
                                    }
                                }
                            }
                        },
                        "trainer_advance": {
                            "total": 159.975471399998,
                            "count": 19392,
                            "self": 0.5044432999971207,
                            "children": {
                                "process_trajectory": {
                                    "total": 45.30722100000083,
                                    "count": 19392,
                                    "self": 45.25574820000083,
                                    "children": {
                                        "RLTrainer._checkpoint": {
                                            "total": 0.0514727999999991,
                                            "count": 1,
                                            "self": 0.0514727999999991
                                        }
                                    }
                                },
                                "_update_policy": {
                                    "total": 114.16380710000006,
                                    "count": 12,
                                    "self": 70.69502879999973,
                                    "children": {
                                        "TorchPPOOptimizer.update": {
                                            "total": 43.440256500000416,
                                            "count": 1455,
                                            "self": 43.440256500000416
                                        },
                                        "TorchPolicy.sample_actions": {
                                            "total": 0.028521799999900566,
                                            "count": 36,
                                            "self": 0.028521799999900566
                                        }
                                    }
                                }
                            }
                        }
                    }
                },
                "trainer_threads": {
                    "total": 7.00000043707405e-07,
                    "count": 1,
                    "self": 7.00000043707405e-07
                },
                "TrainerController._save_models": {
                    "total": 0.04361079999995354,
                    "count": 1,
                    "self": 0.008153099999958613,
                    "children": {
                        "RLTrainer._checkpoint": {
                            "total": 0.03545769999999493,
                            "count": 1,
                            "self": 0.03545769999999493
                        }
                    }
                }
            }
        }
    }
}