{
    "MoveToPoint": {
        "checkpoints": [
            {
                "steps": 499968,
                "file_path": "results\\Imitation3\\MoveToPoint\\MoveToPoint-499968.onnx",
                "reward": -0.375,
                "creation_time": 1684614745.182165,
                "auxillary_file_paths": [
                    "results\\Imitation3\\MoveToPoint\\MoveToPoint-499968.pt"
                ]
            },
            {
                "steps": 500032,
                "file_path": "results\\Imitation3\\MoveToPoint\\MoveToPoint-500032.onnx",
                "reward": -0.375,
                "creation_time": 1684614745.2230837,
                "auxillary_file_paths": [
                    "results\\Imitation3\\MoveToPoint\\MoveToPoint-500032.pt"
                ]
            }
        ],
        "final_checkpoint": {
            "steps": 500032,
            "file_path": "results\\Imitation3\\MoveToPoint.onnx",
            "reward": -0.375,
            "creation_time": 1684614745.2230837,
            "auxillary_file_paths": [
                "results\\Imitation3\\MoveToPoint\\MoveToPoint-500032.pt"
            ]
        }
    },
    "metadata": {
        "stats_format_version": "0.3.0",
        "mlagents_version": "0.26.0",
        "torch_version": "1.7.1+cu110"
    }
}