{
    "name": "root",
    "gauges": {
        "MoveToPoint.Policy.Entropy.mean": {
            "value": 1.41776442527771,
            "min": 1.4177075624465942,
            "max": 1.418938398361206,
            "count": 28
        },
        "MoveToPoint.Policy.Entropy.sum": {
            "value": 14469.703125,
            "min": 13519.1875,
            "max": 15439.46875,
            "count": 28
        },
        "MoveToPoint.Environment.EpisodeLength.mean": {
            "value": 776.9166666666666,
            "min": 149.96969696969697,
            "max": 900.4,
            "count": 28
        },
        "MoveToPoint.Environment.EpisodeLength.sum": {
            "value": 9323.0,
            "min": 5041.0,
            "max": 15507.0,
            "count": 28
        },
        "MoveToPoint.Step.mean": {
            "value": 279979.0,
            "min": 9998.0,
            "max": 279979.0,
            "count": 28
        },
        "MoveToPoint.Step.sum": {
            "value": 279979.0,
            "min": 9998.0,
            "max": 279979.0,
            "count": 28
        },
        "MoveToPoint.Policy.ExtrinsicValueEstimate.mean": {
            "value": -0.3085617125034332,
            "min": -0.4151301085948944,
            "max": 0.5460544228553772,
            "count": 28
        },
        "MoveToPoint.Policy.ExtrinsicValueEstimate.sum": {
            "value": -50.604122161865234,
            "min": -69.32672882080078,
            "max": 100.47401428222656,
            "count": 28
        },
        "MoveToPoint.Policy.GailValueEstimate.mean": {
            "value": 11.262079238891602,
            "min": -0.32669296860694885,
            "max": 11.262079238891602,
            "count": 28
        },
        "MoveToPoint.Policy.GailValueEstimate.sum": {
            "value": 1846.98095703125,
            "min": -62.0716667175293,
            "max": 1846.98095703125,
            "count": 28
        },
        "MoveToPoint.Environment.CumulativeReward.mean": {
            "value": -0.5982615651849371,
            "min": -1.0847574071613726,
            "max": 0.6624466679990292,
            "count": 28
        },
        "MoveToPoint.Environment.CumulativeReward.sum": {
            "value": -7.777400347404182,
            "min": -67.99039967730641,
            "max": 10.857399728149176,
            "count": 28
        },
        "MoveToPoint.Policy.ExtrinsicReward.mean": {
            "value": -0.5982615651849371,
            "min": -1.0847574071613726,
            "max": 0.6624466679990292,
            "count": 28
        },
        "MoveToPoint.Policy.ExtrinsicReward.sum": {
            "value": -7.777400347404182,
            "min": -67.99039967730641,
            "max": 10.857399728149176,
            "count": 28
        },
        "MoveToPoint.Policy.GailReward.mean": {
            "value": 247.47213498445657,
            "min": 44.35204765267336,
            "max": 393.4398014119693,
            "count": 28
        },
        "MoveToPoint.Policy.GailReward.sum": {
            "value": 3217.1377547979355,
            "min": 1519.1429500579834,
            "max": 5508.1572197675705,
            "count": 28
        },
        "MoveToPoint.IsTraining.mean": {
            "value": 1.0,
            "min": 1.0,
            "max": 1.0,
            "count": 28
        },
        "MoveToPoint.IsTraining.sum": {
            "value": 1.0,
            "min": 1.0,
            "max": 1.0,
            "count": 28
        },
        "MoveToPoint.Losses.PolicyLoss.mean": {
            "value": 0.020851056344075528,
            "min": 0.020851056344075528,
            "max": 0.026305292863617068,
            "count": 6
        },
        "MoveToPoint.Losses.PolicyLoss.sum": {
            "value": 0.020851056344075528,
            "min": 0.020851056344075528,
            "max": 0.026305292863617068,
            "count": 6
        },
        "MoveToPoint.Losses.ValueLoss.mean": {
            "value": 16.261328007147565,
            "min": 14.52705902258555,
            "max": 107.00728518168131,
            "count": 6
        },
        "MoveToPoint.Losses.ValueLoss.sum": {
            "value": 16.261328007147565,
            "min": 14.52705902258555,
            "max": 107.00728518168131,
            "count": 6
        },
        "MoveToPoint.Policy.LearningRate.mean": {
            "value": 1.5239929200400003e-05,
            "min": 1.5239929200400003e-05,
            "max": 2.7541808194000008e-05,
            "count": 6
        },
        "MoveToPoint.Policy.LearningRate.sum": {
            "value": 1.5239929200400003e-05,
            "min": 1.5239929200400003e-05,
            "max": 2.7541808194000008e-05,
            "count": 6
        },
        "MoveToPoint.Policy.Epsilon.mean": {
            "value": 0.15079959999999998,
            "min": 0.15079959999999998,
            "max": 0.19180600000000003,
            "count": 6
        },
        "MoveToPoint.Policy.Epsilon.sum": {
            "value": 0.15079959999999998,
            "min": 0.15079959999999998,
            "max": 0.19180600000000003,
            "count": 6
        },
        "MoveToPoint.Policy.Beta.mean": {
            "value": 0.0002589180400000001,
            "min": 0.0002589180400000001,
            "max": 0.0004598494000000001,
            "count": 6
        },
        "MoveToPoint.Policy.Beta.sum": {
            "value": 0.0002589180400000001,
            "min": 0.0002589180400000001,
            "max": 0.0004598494000000001,
            "count": 6
        },
        "MoveToPoint.Policy.GAILPolicyEstimate.mean": {
            "value": 0.41298222032988946,
            "min": 0.33301094273726145,
            "max": 0.41298222032988946,
            "count": 6
        },
        "MoveToPoint.Policy.GAILPolicyEstimate.sum": {
            "value": 0.41298222032988946,
            "min": 0.33301094273726145,
            "max": 0.41298222032988946,
            "count": 6
        },
        "MoveToPoint.Policy.GAILExpertEstimate.mean": {
            "value": 0.5886467932685604,
            "min": 0.5707021142045657,
            "max": 0.6766089503963788,
            "count": 6
        },
        "MoveToPoint.Policy.GAILExpertEstimate.sum": {
            "value": 0.5886467932685604,
            "min": 0.5707021142045657,
            "max": 0.6766089503963788,
            "count": 6
        },
        "MoveToPoint.Losses.GAILLoss.mean": {
            "value": 1.1172302912890426,
            "min": 1.094066353638967,
            "max": 1.1318217147656573,
            "count": 6
        },
        "MoveToPoint.Losses.GAILLoss.sum": {
            "value": 1.1172302912890426,
            "min": 1.094066353638967,
            "max": 1.1318217147656573,
            "count": 6
        },
        "MoveToPoint.Policy.GAILGradMagLoss.mean": {
            "value": 0.04240162173906962,
            "min": 0.041200242376303285,
            "max": 7.180294096469879,
            "count": 6
        },
        "MoveToPoint.Policy.GAILGradMagLoss.sum": {
            "value": 0.04240162173906962,
            "min": 0.041200242376303285,
            "max": 7.180294096469879,
            "count": 6
        },
        "MoveToPoint.Losses.PretrainingLoss.mean": {
            "value": 1.637994607289632,
            "min": 1.5411665439605713,
            "max": 1.6662059624989827,
            "count": 6
        },
        "MoveToPoint.Losses.PretrainingLoss.sum": {
            "value": 1.637994607289632,
            "min": 1.5411665439605713,
            "max": 1.6662059624989827,
            "count": 6
        }
    },
    "metadata": {
        "timer_format_version": "0.1.0",
        "start_time_seconds": "1684616625",
        "python_version": "3.6.8 (tags/v3.6.8:3c6b436a57, Dec 24 2018, 00:16:47) [MSC v.1916 64 bit (AMD64)]",
        "command_line_arguments": "C:\\Users\\dewei\\Desktop\\IAV23-Chen\\TrabajoIADeweiChen\\V_Env\\Scripts\\mlagents-learn config/moveToPoint_Imitation.yaml --run-id=Imitation6",
        "mlagents_version": "0.26.0",
        "mlagents_envs_version": "0.26.0",
        "communication_protocol_version": "1.5.0",
        "pytorch_version": "1.7.1+cu110",
        "numpy_version": "1.19.5",
        "end_time_seconds": "1684616787"
    },
    "total": 162.023212,
    "count": 1,
    "self": 0.005811100000016722,
    "children": {
        "run_training.setup": {
            "total": 0.0668038,
            "count": 1,
            "self": 0.0668038
        },
        "TrainerController.start_learning": {
            "total": 161.95059709999998,
            "count": 1,
            "self": 0.18094590000023913,
            "children": {
                "TrainerController._reset_env": {
                    "total": 5.7325215,
                    "count": 1,
                    "self": 5.3110768,
                    "children": {
                        "demo_to_buffer": {
                            "total": 0.42144469999999945,
                            "count": 2,
                            "self": 6.850000000024892e-05,
                            "children": {
                                "load_demonstration": {
                                    "total": 0.005835699999999555,
                                    "count": 2,
                                    "self": 0.005744400000000205,
                                    "children": {
                                        "read_file": {
                                            "total": 9.129999999935023e-05,
                                            "count": 2,
                                            "self": 9.129999999935023e-05
                                        }
                                    }
                                },
                                "make_demo_buffer": {
                                    "total": 0.41554049999999965,
                                    "count": 2,
                                    "self": 0.10525410000000601,
                                    "children": {
                                        "steps_from_proto": {
                                            "total": 0.31028639999999363,
                                            "count": 3812,
                                            "self": 0.18706330000006677,
                                            "children": {
                                                "_process_rank_one_or_two_observation": {
                                                    "total": 0.12322309999992687,
                                                    "count": 7624,
                                                    "self": 0.12322309999992687
                                                }
                                            }
                                        }
                                    }
                                }
                            }
                        }
                    }
                },
                "TrainerController.advance": {
                    "total": 155.95403479999973,
                    "count": 11083,
                    "self": 0.18204440000135946,
                    "children": {
                        "env_step": {
                            "total": 72.61651739999905,
                            "count": 11083,
                            "self": 52.84425959999977,
                            "children": {
                                "SubprocessEnvManager._take_step": {
                                    "total": 19.66906529999977,
                                    "count": 11083,
                                    "self": 0.5770183000005957,
                                    "children": {
                                        "TorchPolicy.evaluate": {
                                            "total": 19.092046999999173,
                                            "count": 10621,
                                            "self": 11.082318199999488,
                                            "children": {
                                                "TorchPolicy.sample_actions": {
                                                    "total": 8.009728799999685,
                                                    "count": 10621,
                                                    "self": 8.009728799999685
                                                }
                                            }
                                        }
                                    }
                                },
                                "workers": {
                                    "total": 0.10319249999951285,
                                    "count": 11082,
                                    "self": 0.0,
                                    "children": {
                                        "worker_root": {
                                            "total": 157.34507399999998,
                                            "count": 11082,
                                            "is_parallel": true,
                                            "self": 118.80762650000035,
                                            "children": {
                                                "steps_from_proto": {
                                                    "total": 0.0003954,
                                                    "count": 1,
                                                    "is_parallel": true,
                                                    "self": 0.0001202,
                                                    "children": {
                                                        "_process_rank_one_or_two_observation": {
                                                            "total": 0.0002752,
                                                            "count": 2,
                                                            "is_parallel": true,
                                                            "self": 0.0002752
                                                        }
                                                    }
                                                },
                                                "UnityEnvironment.step": {
                                                    "total": 38.53705209999963,
                                                    "count": 11082,
                                                    "is_parallel": true,
                                                    "self": 1.3215616999996058,
                                                    "children": {
                                                        "UnityEnvironment._generate_step_input": {
                                                            "total": 2.7392551000001975,
                                                            "count": 11082,
                                                            "is_parallel": true,
                                                            "self": 2.7392551000001975
                                                        },
                                                        "communicator.exchange": {
                                                            "total": 30.968024400000537,
                                                            "count": 11082,
                                                            "is_parallel": true,
                                                            "self": 30.968024400000537
                                                        },
                                                        "steps_from_proto": {
                                                            "total": 3.5082108999992876,
                                                            "count": 11082,
                                                            "is_parallel": true,
                                                            "self": 1.0611299999991557,
                                                            "children": {
                                                                "_process_rank_one_or_two_observation": {
                                                                    "total": 2.447080900000132,
                                                                    "count": 22164,
                                                                    "is_parallel": true,
                                                                    "self": 2.447080900000132
                                                                }
                                                            }
                                                        }
                                                    }
                                                }
                                            }
                                        }
                                    }
                                }
                            }
                        },
                        "trainer_advance": {
                            "total": 83.15547299999932,
                            "count": 11082,
                            "self": 0.28885939999933896,
                            "children": {
                                "process_trajectory": {
                                    "total": 26.071249799999986,
                                    "count": 11082,
                                    "self": 26.071249799999986
                                },
                                "_update_policy": {
                                    "total": 56.7953638,
                                    "count": 6,
                                    "self": 34.81920449999997,
                                    "children": {
                                        "TorchPPOOptimizer.update": {
                                            "total": 21.961166699999996,
                                            "count": 726,
                                            "self": 21.961166699999996
                                        },
                                        "TorchPolicy.sample_actions": {
                                            "total": 0.014992600000027778,
                                            "count": 18,
                                            "self": 0.014992600000027778
                                        }
                                    }
                                }
                            }
                        }
                    }
                },
                "trainer_threads": {
                    "total": 9.000000034120603e-07,
                    "count": 1,
                    "self": 9.000000034120603e-07
                },
                "TrainerController._save_models": {
                    "total": 0.08309400000001688,
                    "count": 1,
                    "self": 0.009453300000018316,
                    "children": {
                        "RLTrainer._checkpoint": {
                            "total": 0.07364069999999856,
                            "count": 1,
                            "self": 0.07364069999999856
                        }
                    }
                }
            }
        }
    }
}