{
    "MoveToPoint": {
        "checkpoints": [
            {
                "steps": 285948,
                "file_path": "results\\Imitation6\\MoveToPoint\\MoveToPoint-285948.onnx",
                "reward": -0.23609801647253334,
                "creation_time": 1684616787.087446,
                "auxillary_file_paths": [
                    "results\\Imitation6\\MoveToPoint\\MoveToPoint-285948.pt"
                ]
            }
        ],
        "final_checkpoint": {
            "steps": 285948,
            "file_path": "results\\Imitation6\\MoveToPoint.onnx",
            "reward": -0.23609801647253334,
            "creation_time": 1684616787.087446,
            "auxillary_file_paths": [
                "results\\Imitation6\\MoveToPoint\\MoveToPoint-285948.pt"
            ]
        }
    },
    "metadata": {
        "stats_format_version": "0.3.0",
        "mlagents_version": "0.26.0",
        "torch_version": "1.7.1+cu110"
    }
}