{
    "name": "root",
    "gauges": {
        "MoveToPoint.Policy.Entropy.mean": {
            "value": 1.4158920049667358,
            "min": 1.4158800840377808,
            "max": 1.418938398361206,
            "count": 50
        },
        "MoveToPoint.Policy.Entropy.sum": {
            "value": 13953.6162109375,
            "min": 13551.6337890625,
            "max": 15362.845703125,
            "count": 50
        },
        "MoveToPoint.Environment.EpisodeLength.mean": {
            "value": 294.0833333333333,
            "min": 142.26190476190476,
            "max": 1999.0,
            "count": 50
        },
        "MoveToPoint.Environment.EpisodeLength.sum": {
            "value": 3529.0,
            "min": 3529.0,
            "max": 15349.0,
            "count": 50
        },
        "MoveToPoint.Step.mean": {
            "value": 499966.0,
            "min": 9985.0,
            "max": 499966.0,
            "count": 50
        },
        "MoveToPoint.Step.sum": {
            "value": 499966.0,
            "min": 9985.0,
            "max": 499966.0,
            "count": 50
        },
        "MoveToPoint.Policy.ExtrinsicValueEstimate.mean": {
            "value": -0.09144304692745209,
            "min": -0.36435291171073914,
            "max": 1.885893702507019,
            "count": 50
        },
        "MoveToPoint.Policy.ExtrinsicValueEstimate.sum": {
            "value": -14.630887985229492,
            "min": -59.3895263671875,
            "max": 328.1455078125,
            "count": 50
        },
        "MoveToPoint.Policy.GailValueEstimate.mean": {
            "value": 12.39579963684082,
            "min": -0.9599900245666504,
            "max": 12.863429069519043,
            "count": 50
        },
        "MoveToPoint.Policy.GailValueEstimate.sum": {
            "value": 1983.3280029296875,
            "min": -167.03826904296875,
            "max": 2083.87548828125,
            "count": 50
        },
        "MoveToPoint.Environment.CumulativeReward.mean": {
            "value": -0.8333333333333334,
            "min": -1.0,
            "max": 0.6428571428571429,
            "count": 50
        },
        "MoveToPoint.Environment.CumulativeReward.sum": {
            "value": -10.0,
            "min": -42.0,
            "max": 9.0,
            "count": 50
        },
        "MoveToPoint.Policy.ExtrinsicReward.mean": {
            "value": -0.8333333333333334,
            "min": -1.0,
            "max": 0.6428571428571429,
            "count": 50
        },
        "MoveToPoint.Policy.ExtrinsicReward.sum": {
            "value": -10.0,
            "min": -42.0,
            "max": 9.0,
            "count": 50
        },
        "MoveToPoint.Policy.GailReward.mean": {
            "value": 85.43484054133296,
            "min": 48.191272281465075,
            "max": 582.5949759085973,
            "count": 50
        },
        "MoveToPoint.Policy.GailReward.sum": {
            "value": 1025.2180864959955,
            "min": 998.141096830368,
            "max": 5188.852593898773,
            "count": 50
        },
        "MoveToPoint.IsTraining.mean": {
            "value": 1.0,
            "min": 1.0,
            "max": 1.0,
            "count": 50
        },
        "MoveToPoint.IsTraining.sum": {
            "value": 1.0,
            "min": 1.0,
            "max": 1.0,
            "count": 50
        },
        "MoveToPoint.Losses.PolicyLoss.mean": {
            "value": 0.024739195095510997,
            "min": 0.022662430211979275,
            "max": 0.026904354877561723,
            "count": 12
        },
        "MoveToPoint.Losses.PolicyLoss.sum": {
            "value": 0.024739195095510997,
            "min": 0.022662430211979275,
            "max": 0.026904354877561723,
            "count": 12
        },
        "MoveToPoint.Losses.ValueLoss.mean": {
            "value": 10.731928396224976,
            "min": 10.731928396224976,
            "max": 29.635829723947417,
            "count": 12
        },
        "MoveToPoint.Losses.ValueLoss.sum": {
            "value": 10.731928396224976,
            "min": 10.731928396224976,
            "max": 29.635829723947417,
            "count": 12
        },
        "MoveToPoint.Policy.LearningRate.mean": {
            "value": 4.6239845900000114e-07,
            "min": 4.6239845900000114e-07,
            "max": 2.7540008199999992e-05,
            "count": 12
        },
        "MoveToPoint.Policy.LearningRate.sum": {
            "value": 4.6239845900000114e-07,
            "min": 4.6239845900000114e-07,
            "max": 2.7540008199999992e-05,
            "count": 12
        },
        "MoveToPoint.Policy.Epsilon.mean": {
            "value": 0.10154100000000005,
            "min": 0.10154100000000005,
            "max": 0.19180000000000005,
            "count": 12
        },
        "MoveToPoint.Policy.Epsilon.sum": {
            "value": 0.10154100000000005,
            "min": 0.10154100000000005,
            "max": 0.19180000000000005,
            "count": 12
        },
        "MoveToPoint.Policy.Beta.mean": {
            "value": 1.755090000000002e-05,
            "min": 1.755090000000002e-05,
            "max": 0.0004598199999999999,
            "count": 12
        },
        "MoveToPoint.Policy.Beta.sum": {
            "value": 1.755090000000002e-05,
            "min": 1.755090000000002e-05,
            "max": 0.0004598199999999999,
            "count": 12
        },
        "MoveToPoint.Policy.GAILPolicyEstimate.mean": {
            "value": 0.3669708169996738,
            "min": 0.3669708169996738,
            "max": 0.46039657573389814,
            "count": 12
        },
        "MoveToPoint.Policy.GAILPolicyEstimate.sum": {
            "value": 0.3669708169996738,
            "min": 0.3669708169996738,
            "max": 0.46039657573389814,
            "count": 12
        },
        "MoveToPoint.Policy.GAILExpertEstimate.mean": {
            "value": 0.6235550617178282,
            "min": 0.556255861995666,
            "max": 0.6235550617178282,
            "count": 12
        },
        "MoveToPoint.Policy.GAILExpertEstimate.sum": {
            "value": 0.6235550617178282,
            "min": 0.556255861995666,
            "max": 0.6235550617178282,
            "count": 12
        },
        "MoveToPoint.Losses.GAILLoss.mean": {
            "value": 0.9958167433738708,
            "min": 0.9958167433738708,
            "max": 1.2848825687315406,
            "count": 12
        },
        "MoveToPoint.Losses.GAILLoss.sum": {
            "value": 0.9958167433738708,
            "min": 0.9958167433738708,
            "max": 1.2848825687315406,
            "count": 12
        },
        "MoveToPoint.Policy.GAILGradMagLoss.mean": {
            "value": 0.05642385290314754,
            "min": 0.02225245256734088,
            "max": 5.781090988376277,
            "count": 12
        },
        "MoveToPoint.Policy.GAILGradMagLoss.sum": {
            "value": 0.05642385290314754,
            "min": 0.02225245256734088,
            "max": 5.781090988376277,
            "count": 12
        }
    },
    "metadata": {
        "timer_format_version": "0.1.0",
        "start_time_seconds": "1684616810",
        "python_version": "3.6.8 (tags/v3.6.8:3c6b436a57, Dec 24 2018, 00:16:47) [MSC v.1916 64 bit (AMD64)]",
        "command_line_arguments": "C:\\Users\\dewei\\Desktop\\IAV23-Chen\\TrabajoIADeweiChen\\V_Env\\Scripts\\mlagents-learn config/moveToPoint_Imitation.yaml --run-id=Imitation7",
        "mlagents_version": "0.26.0",
        "mlagents_envs_version": "0.26.0",
        "communication_protocol_version": "1.5.0",
        "pytorch_version": "1.7.1+cu110",
        "numpy_version": "1.19.5",
        "end_time_seconds": "1684617100"
    },
    "total": 290.66697999999997,
    "count": 1,
    "self": 0.006520499999965068,
    "children": {
        "run_training.setup": {
            "total": 0.0680795,
            "count": 1,
            "self": 0.0680795
        },
        "TrainerController.start_learning": {
            "total": 290.59238,
            "count": 1,
            "self": 0.3213822000009827,
            "children": {
                "TrainerController._reset_env": {
                    "total": 5.511830000000001,
                    "count": 1,
                    "self": 5.299827000000001,
                    "children": {
                        "demo_to_buffer": {
                            "total": 0.21200299999999928,
                            "count": 1,
                            "self": 3.989999999909344e-05,
                            "children": {
                                "load_demonstration": {
                                    "total": 0.00282669999999996,
                                    "count": 1,
                                    "self": 0.002784399999999465,
                                    "children": {
                                        "read_file": {
                                            "total": 4.230000000049472e-05,
                                            "count": 1,
                                            "self": 4.230000000049472e-05
                                        }
                                    }
                                },
                                "make_demo_buffer": {
                                    "total": 0.20913640000000022,
                                    "count": 1,
                                    "self": 0.052171599999996765,
                                    "children": {
                                        "steps_from_proto": {
                                            "total": 0.15696480000000346,
                                            "count": 1906,
                                            "self": 0.09495960000001258,
                                            "children": {
                                                "_process_rank_one_or_two_observation": {
                                                    "total": 0.06200519999999088,
                                                    "count": 3812,
                                                    "self": 0.06200519999999088
                                                }
                                            }
                                        }
                                    }
                                }
                            }
                        }
                    }
                },
                "TrainerController.advance": {
                    "total": 284.71152809999904,
                    "count": 19104,
                    "self": 0.29956249999901274,
                    "children": {
                        "env_step": {
                            "total": 125.02903880000036,
                            "count": 19104,
                            "self": 90.43047540000117,
                            "children": {
                                "SubprocessEnvManager._take_step": {
                                    "total": 34.417674799997314,
                                    "count": 19104,
                                    "self": 1.0395118999969668,
                                    "children": {
                                        "TorchPolicy.evaluate": {
                                            "total": 33.37816290000035,
                                            "count": 18548,
                                            "self": 19.71415430000085,
                                            "children": {
                                                "TorchPolicy.sample_actions": {
                                                    "total": 13.664008599999498,
                                                    "count": 18548,
                                                    "self": 13.664008599999498
                                                }
                                            }
                                        }
                                    }
                                },
                                "workers": {
                                    "total": 0.18088860000187346,
                                    "count": 19104,
                                    "self": 0.0,
                                    "children": {
                                        "worker_root": {
                                            "total": 285.8349338999971,
                                            "count": 19104,
                                            "is_parallel": true,
                                            "self": 219.79725719999635,
                                            "children": {
                                                "steps_from_proto": {
                                                    "total": 0.0003755,
                                                    "count": 1,
                                                    "is_parallel": true,
                                                    "self": 0.00011460000000000002,
                                                    "children": {
                                                        "_process_rank_one_or_two_observation": {
                                                            "total": 0.0002609,
                                                            "count": 2,
                                                            "is_parallel": true,
                                                            "self": 0.0002609
                                                        }
                                                    }
                                                },
                                                "UnityEnvironment.step": {
                                                    "total": 66.03730120000074,
                                                    "count": 19104,
                                                    "is_parallel": true,
                                                    "self": 2.231120600003841,
                                                    "children": {
                                                        "UnityEnvironment._generate_step_input": {
                                                            "total": 4.7750950000012145,
                                                            "count": 19104,
                                                            "is_parallel": true,
                                                            "self": 4.7750950000012145
                                                        },
                                                        "communicator.exchange": {
                                                            "total": 52.98770369999697,
                                                            "count": 19104,
                                                            "is_parallel": true,
                                                            "self": 52.98770369999697
                                                        },
                                                        "steps_from_proto": {
                                                            "total": 6.043381899998716,
                                                            "count": 19104,
                                                            "is_parallel": true,
                                                            "self": 1.8332006000007617,
                                                            "children": {
                                                                "_process_rank_one_or_two_observation": {
                                                                    "total": 4.210181299997954,
                                                                    "count": 38208,
                                                                    "is_parallel": true,
                                                                    "self": 4.210181299997954
                                                                }
                                                            }
                                                        }
                                                    }
                                                }
                                            }
                                        }
                                    }
                                }
                            }
                        },
                        "trainer_advance": {
                            "total": 159.38292679999967,
                            "count": 19104,
                            "self": 0.48361490000269214,
                            "children": {
                                "process_trajectory": {
                                    "total": 45.17949089999699,
                                    "count": 19104,
                                    "self": 45.12748719999699,
                                    "children": {
                                        "RLTrainer._checkpoint": {
                                            "total": 0.05200370000000021,
                                            "count": 1,
                                            "self": 0.05200370000000021
                                        }
                                    }
                                },
                                "_update_policy": {
                                    "total": 113.719821,
                                    "count": 12,
                                    "self": 69.3273356000004,
                                    "children": {
                                        "TorchPPOOptimizer.update": {
                                            "total": 44.3924853999996,
                                            "count": 1464,
                                            "self": 44.3924853999996
                                        }
                                    }
                                }
                            }
                        }
                    }
                },
                "trainer_threads": {
                    "total": 6.999999868639861e-07,
                    "count": 1,
                    "self": 6.999999868639861e-07
                },
                "TrainerController._save_models": {
                    "total": 0.04763900000000376,
                    "count": 1,
                    "self": 0.008843200000001161,
                    "children": {
                        "RLTrainer._checkpoint": {
                            "total": 0.0387958000000026,
                            "count": 1,
                            "self": 0.0387958000000026
                        }
                    }
                }
            }
        }
    }
}