{
    "MoveToPoint": {
        "checkpoints": [
            {
                "steps": 499966,
                "file_path": "results\\Imitation7\\MoveToPoint\\MoveToPoint-499966.onnx",
                "reward": -0.7777777777777778,
                "creation_time": 1684617100.7695377,
                "auxillary_file_paths": [
                    "results\\Imitation7\\MoveToPoint\\MoveToPoint-499966.pt"
                ]
            },
            {
                "steps": 500030,
                "file_path": "results\\Imitation7\\MoveToPoint\\MoveToPoint-500030.onnx",
                "reward": -0.7777777777777778,
                "creation_time": 1684617100.813625,
                "auxillary_file_paths": [
                    "results\\Imitation7\\MoveToPoint\\MoveToPoint-500030.pt"
                ]
            }
        ],
        "final_checkpoint": {
            "steps": 500030,
            "file_path": "results\\Imitation7\\MoveToPoint.onnx",
            "reward": -0.7777777777777778,
            "creation_time": 1684617100.813625,
            "auxillary_file_paths": [
                "results\\Imitation7\\MoveToPoint\\MoveToPoint-500030.pt"
            ]
        }
    },
    "metadata": {
        "stats_format_version": "0.3.0",
        "mlagents_version": "0.26.0",
        "torch_version": "1.7.1+cu110"
    }
}