{
    "name": "root",
    "gauges": {
        "OpenDoor.Policy.Entropy.mean": {
            "value": 0.6866254210472107,
            "min": 0.6866254210472107,
            "max": 1.1867954730987549,
            "count": 2
        },
        "OpenDoor.Policy.Entropy.sum": {
            "value": 13724.955078125,
            "min": 13724.955078125,
            "max": 24043.2890625,
            "count": 2
        },
        "OpenDoor.Environment.EpisodeLength.mean": {
            "value": 64.49006622516556,
            "min": 62.57324840764331,
            "max": 64.49006622516556,
            "count": 2
        },
        "OpenDoor.Environment.EpisodeLength.sum": {
            "value": 19476.0,
            "min": 19476.0,
            "max": 19648.0,
            "count": 2
        },
        "OpenDoor.Step.mean": {
            "value": 39996.0,
            "min": 19989.0,
            "max": 39996.0,
            "count": 2
        },
        "OpenDoor.Step.sum": {
            "value": 39996.0,
            "min": 19989.0,
            "max": 39996.0,
            "count": 2
        },
        "OpenDoor.Policy.ExtrinsicValueEstimate.mean": {
            "value": 0.037313610315322876,
            "min": -0.4321781396865845,
            "max": 0.037313610315322876,
            "count": 2
        },
        "OpenDoor.Policy.ExtrinsicValueEstimate.sum": {
            "value": 16.903064727783203,
            "min": -202.25936889648438,
            "max": 16.903064727783203,
            "count": 2
        },
        "OpenDoor.Policy.GailValueEstimate.mean": {
            "value": 8.902864456176758,
            "min": 8.902864456176758,
            "max": 9.805107116699219,
            "count": 2
        },
        "OpenDoor.Policy.GailValueEstimate.sum": {
            "value": 4032.99755859375,
            "min": 4032.99755859375,
            "max": 4588.7900390625,
            "count": 2
        },
        "OpenDoor.Environment.CumulativeReward.mean": {
            "value": 0.2647602968409707,
            "min": 0.07035153949508272,
            "max": 0.2647602968409707,
            "count": 2
        },
        "OpenDoor.Environment.CumulativeReward.sum": {
            "value": 80.22236994281411,
            "min": 22.020031861960888,
            "max": 80.22236994281411,
            "count": 2
        },
        "OpenDoor.Policy.ExtrinsicReward.mean": {
            "value": 0.2647602968409707,
            "min": 0.07035153949508272,
            "max": 0.2647602968409707,
            "count": 2
        },
        "OpenDoor.Policy.ExtrinsicReward.sum": {
            "value": 80.22236994281411,
            "min": 22.020031861960888,
            "max": 80.22236994281411,
            "count": 2
        },
        "OpenDoor.Policy.GailReward.mean": {
            "value": 18.452579574665613,
            "min": 18.452579574665613,
            "max": 24.37929318378718,
            "count": 2
        },
        "OpenDoor.Policy.GailReward.sum": {
            "value": 5591.131611123681,
            "min": 5591.131611123681,
            "max": 7630.718766525388,
            "count": 2
        },
        "OpenDoor.Losses.PolicyLoss.mean": {
            "value": 0.042280316930836094,
            "min": 0.042280316930836094,
            "max": 0.04229983866312786,
            "count": 2
        },
        "OpenDoor.Losses.PolicyLoss.sum": {
            "value": 0.8033260216858858,
            "min": 0.8033260216858858,
            "max": 0.8036969345994293,
            "count": 2
        },
        "OpenDoor.Losses.ValueLoss.mean": {
            "value": 3.9678579987141123,
            "min": 3.9678579987141123,
            "max": 28.536898047254795,
            "count": 2
        },
        "OpenDoor.Losses.ValueLoss.sum": {
            "value": 75.38930197556813,
            "min": 75.38930197556813,
            "max": 542.2010628978411,
            "count": 2
        },
        "OpenDoor.Policy.LearningRate.mean": {
            "value": 0.00028171102714895786,
            "min": 0.00028171102714895786,
            "max": 0.00029370950735998943,
            "count": 2
        },
        "OpenDoor.Policy.LearningRate.sum": {
            "value": 0.0053525095158302,
            "min": 0.0053525095158302,
            "max": 0.0055804806398398,
            "count": 2
        },
        "OpenDoor.Policy.Epsilon.mean": {
            "value": 0.19390367368421055,
            "min": 0.19390367368421055,
            "max": 0.19790316842105266,
            "count": 2
        },
        "OpenDoor.Policy.Epsilon.sum": {
            "value": 3.6841698000000003,
            "min": 3.6841698000000003,
            "max": 3.7601602000000005,
            "count": 2
        },
        "OpenDoor.Policy.Beta.mean": {
            "value": 0.0004701280010526315,
            "min": 0.0004701280010526315,
            "max": 0.0004897255252631578,
            "count": 2
        },
        "OpenDoor.Policy.Beta.sum": {
            "value": 0.008932432019999999,
            "min": 0.008932432019999999,
            "max": 0.009304784979999998,
            "count": 2
        },
        "OpenDoor.Policy.GAILPolicyEstimate.mean": {
            "value": 0.393552325012391,
            "min": 0.393552325012391,
            "max": 0.46006550130091217,
            "count": 2
        },
        "OpenDoor.Policy.GAILPolicyEstimate.sum": {
            "value": 7.477494175235429,
            "min": 7.477494175235429,
            "max": 8.741244524717331,
            "count": 2
        },
        "OpenDoor.Policy.GAILExpertEstimate.mean": {
            "value": 0.5472419541655926,
            "min": 0.5315031818391983,
            "max": 0.5472419541655926,
            "count": 2
        },
        "OpenDoor.Policy.GAILExpertEstimate.sum": {
            "value": 10.39759712914626,
            "min": 10.098560454944769,
            "max": 10.39759712914626,
            "count": 2
        },
        "OpenDoor.Losses.GAILLoss.mean": {
            "value": 1.16928960827359,
            "min": 1.16928960827359,
            "max": 1.4372173871910363,
            "count": 2
        },
        "OpenDoor.Losses.GAILLoss.sum": {
            "value": 22.216502557198208,
            "min": 22.216502557198208,
            "max": 27.30713035662969,
            "count": 2
        },
        "OpenDoor.Policy.GAILGradMagLoss.mean": {
            "value": 0.5209400257128373,
            "min": 0.5209400257128373,
            "max": 3.472648785563938,
            "count": 2
        },
        "OpenDoor.Policy.GAILGradMagLoss.sum": {
            "value": 9.897860488543907,
            "min": 9.897860488543907,
            "max": 65.98032692571482,
            "count": 2
        },
        "OpenDoor.Losses.PretrainingLoss.mean": {
            "value": 0.2809534076797334,
            "min": 0.2809534076797334,
            "max": 0.42666475666545284,
            "count": 2
        },
        "OpenDoor.Losses.PretrainingLoss.sum": {
            "value": 5.338114745914935,
            "min": 5.338114745914935,
            "max": 8.106630376643604,
            "count": 2
        },
        "OpenDoor.IsTraining.mean": {
            "value": 1.0,
            "min": 1.0,
            "max": 1.0,
            "count": 2
        },
        "OpenDoor.IsTraining.sum": {
            "value": 1.0,
            "min": 1.0,
            "max": 1.0,
            "count": 2
        }
    },
    "metadata": {
        "timer_format_version": "0.1.0",
        "start_time_seconds": "1684677673",
        "python_version": "3.6.8 (tags/v3.6.8:3c6b436a57, Dec 24 2018, 00:16:47) [MSC v.1916 64 bit (AMD64)]",
        "command_line_arguments": "C:\\Users\\dewei\\Desktop\\IAV23-Chen\\TrabajoIADeweiChen\\V_Env\\Scripts\\mlagents-learn config/OpenDoor_Imitation.yaml --run-id=OpenDoor_Imitation3",
        "mlagents_version": "0.26.0",
        "mlagents_envs_version": "0.26.0",
        "communication_protocol_version": "1.5.0",
        "pytorch_version": "1.7.1+cu110",
        "numpy_version": "1.19.5",
        "end_time_seconds": "1684677760"
    },
    "total": 86.62257020000001,
    "count": 1,
    "self": 0.005646700000013993,
    "children": {
        "run_training.setup": {
            "total": 0.0681341,
            "count": 1,
            "self": 0.0681341
        },
        "TrainerController.start_learning": {
            "total": 86.5487894,
            "count": 1,
            "self": 0.10203749999986655,
            "children": {
                "TrainerController._reset_env": {
                    "total": 10.9270727,
                    "count": 1,
                    "self": 9.8816796,
                    "children": {
                        "demo_to_buffer": {
                            "total": 1.0453931,
                            "count": 2,
                            "self": 6.810000000001537e-05,
                            "children": {
                                "load_demonstration": {
                                    "total": 0.010448600000000141,
                                    "count": 2,
                                    "self": 0.0103169999999988,
                                    "children": {
                                        "read_file": {
                                            "total": 0.00013160000000134175,
                                            "count": 2,
                                            "self": 0.00013160000000134175
                                        }
                                    }
                                },
                                "make_demo_buffer": {
                                    "total": 1.0348764,
                                    "count": 2,
                                    "self": 0.21471829999999592,
                                    "children": {
                                        "steps_from_proto": {
                                            "total": 0.820158100000004,
                                            "count": 6932,
                                            "self": 0.5717573999999974,
                                            "children": {
                                                "_process_rank_one_or_two_observation": {
                                                    "total": 0.24840070000000658,
                                                    "count": 13864,
                                                    "self": 0.24840070000000658
                                                }
                                            }
                                        }
                                    }
                                }
                            }
                        }
                    }
                },
                "TrainerController.advance": {
                    "total": 75.41476270000015,
                    "count": 5996,
                    "self": 0.09605940000008673,
                    "children": {
                        "env_step": {
                            "total": 43.36613319999988,
                            "count": 5996,
                            "self": 23.256915800000023,
                            "children": {
                                "SubprocessEnvManager._take_step": {
                                    "total": 20.05286729999988,
                                    "count": 5996,
                                    "self": 0.25796789999995795,
                                    "children": {
                                        "TorchPolicy.evaluate": {
                                            "total": 19.79489939999992,
                                            "count": 5387,
                                            "self": 7.393161200000682,
                                            "children": {
                                                "TorchPolicy.sample_actions": {
                                                    "total": 12.401738199999238,
                                                    "count": 5387,
                                                    "self": 12.401738199999238
                                                }
                                            }
                                        }
                                    }
                                },
                                "workers": {
                                    "total": 0.0563500999999782,
                                    "count": 5995,
                                    "self": 0.0,
                                    "children": {
                                        "worker_root": {
                                            "total": 77.46401819999967,
                                            "count": 5995,
                                            "is_parallel": true,
                                            "self": 59.38554199999949,
                                            "children": {
                                                "steps_from_proto": {
                                                    "total": 0.0003302,
                                                    "count": 1,
                                                    "is_parallel": true,
                                                    "self": 0.00016399999999999997,
                                                    "children": {
                                                        "_process_rank_one_or_two_observation": {
                                                            "total": 0.00016620000000000003,
                                                            "count": 2,
                                                            "is_parallel": true,
                                                            "self": 0.00016620000000000003
                                                        }
                                                    }
                                                },
                                                "UnityEnvironment.step": {
                                                    "total": 18.07814600000018,
                                                    "count": 5995,
                                                    "is_parallel": true,
                                                    "self": 0.48206480000058605,
                                                    "children": {
                                                        "UnityEnvironment._generate_step_input": {
                                                            "total": 0.6706766000000983,
                                                            "count": 5995,
                                                            "is_parallel": true,
                                                            "self": 0.6706766000000983
                                                        },
                                                        "communicator.exchange": {
                                                            "total": 15.392211399999724,
                                                            "count": 5995,
                                                            "is_parallel": true,
                                                            "self": 15.392211399999724
                                                        },
                                                        "steps_from_proto": {
                                                            "total": 1.533193199999773,
                                                            "count": 5995,
                                                            "is_parallel": true,
                                                            "self": 0.804192300000063,
                                                            "children": {
                                                                "_process_rank_one_or_two_observation": {
                                                                    "total": 0.72900089999971,
                                                                    "count": 11990,
                                                                    "is_parallel": true,
                                                                    "self": 0.72900089999971
                                                                }
                                                            }
                                                        }
                                                    }
                                                }
                                            }
                                        }
                                    }
                                }
                            }
                        },
                        "trainer_advance": {
                            "total": 31.95257010000018,
                            "count": 5995,
                            "self": 0.14920369999966,
                            "children": {
                                "process_trajectory": {
                                    "total": 5.633611400000532,
                                    "count": 5995,
                                    "self": 5.633611400000532
                                },
                                "_update_policy": {
                                    "total": 26.169754999999988,
                                    "count": 45,
                                    "self": 12.922947400000147,
                                    "children": {
                                        "TorchPPOOptimizer.update": {
                                            "total": 11.35971839999989,
                                            "count": 540,
                                            "self": 11.35971839999989
                                        },
                                        "TorchPolicy.sample_actions": {
                                            "total": 1.8870891999999504,
                                            "count": 810,
                                            "self": 1.8870891999999504
                                        }
                                    }
                                }
                            }
                        }
                    }
                },
                "trainer_threads": {
                    "total": 9.999999974752427e-07,
                    "count": 1,
                    "self": 9.999999974752427e-07
                },
                "TrainerController._save_models": {
                    "total": 0.10491549999998995,
                    "count": 1,
                    "self": 0.00697369999998898,
                    "children": {
                        "RLTrainer._checkpoint": {
                            "total": 0.09794180000000097,
                            "count": 1,
                            "self": 0.09794180000000097
                        }
                    }
                }
            }
        }
    }
}