{
    "OpenDoor": {
        "checkpoints": [
            {
                "steps": 48295,
                "file_path": "results\\OpenDoor_Imitation3\\OpenDoor\\OpenDoor-48295.onnx",
                "reward": 0.013963090255856514,
                "creation_time": 1684677760.3297389,
                "auxillary_file_paths": [
                    "results\\OpenDoor_Imitation3\\OpenDoor\\OpenDoor-48295.pt"
                ]
            }
        ],
        "final_checkpoint": {
            "steps": 48295,
            "file_path": "results\\OpenDoor_Imitation3\\OpenDoor.onnx",
            "reward": 0.013963090255856514,
            "creation_time": 1684677760.3297389,
            "auxillary_file_paths": [
                "results\\OpenDoor_Imitation3\\OpenDoor\\OpenDoor-48295.pt"
            ]
        }
    },
    "metadata": {
        "stats_format_version": "0.3.0",
        "mlagents_version": "0.26.0",
        "torch_version": "1.7.1+cu110"
    }
}