{
    "name": "root",
    "metadata": {
        "timer_format_version": "0.1.0",
        "start_time_seconds": "1684613291",
        "python_version": "3.6.8 (tags/v3.6.8:3c6b436a57, Dec 24 2018, 00:16:47) [MSC v.1916 64 bit (AMD64)]",
        "command_line_arguments": "C:\\Users\\dewei\\Desktop\\IAV23-Chen\\TrabajoIADeweiChen\\V_Env\\Scripts\\mlagents-learn config/moveToPoint_Imitation.yaml --run-id=Imitation1",
        "mlagents_version": "0.26.0",
        "mlagents_envs_version": "0.26.0",
        "communication_protocol_version": "1.5.0",
        "pytorch_version": "1.7.1+cu110",
        "numpy_version": "1.19.5",
        "end_time_seconds": "1684613352"
    },
    "total": 60.9830259,
    "count": 1,
    "self": 0.005312600000003442,
    "children": {
        "run_training.setup": {
            "total": 0.1260566,
            "count": 1,
            "self": 0.1260566
        },
        "TrainerController.start_learning": {
            "total": 60.8516567,
            "count": 1,
            "self": 0.00010359999999565161,
            "children": {
                "TrainerController._reset_env": {
                    "total": 60.851545900000005,
                    "count": 1,
                    "self": 60.851545900000005
                },
                "TrainerController._save_models": {
                    "total": 7.199999998874773e-06,
                    "count": 1,
                    "self": 7.199999998874773e-06
                }
            }
        }
    }
}