{
    "name": "root",
    "gauges": {
        "OpenDoor.Policy.Entropy.mean": {
            "value": 0.8964968323707581,
            "min": 0.8739794492721558,
            "max": 2.0868189334869385,
            "count": 51
        },
        "OpenDoor.Policy.Entropy.sum": {
            "value": 17839.390625,
            "min": 17564.365234375,
            "max": 42164.17578125,
            "count": 51
        },
        "OpenDoor.Environment.EpisodeLength.mean": {
            "value": 160.33064516129033,
            "min": 116.80357142857143,
            "max": 175.8849557522124,
            "count": 51
        },
        "OpenDoor.Environment.EpisodeLength.sum": {
            "value": 19881.0,
            "min": 19018.0,
            "max": 20405.0,
            "count": 51
        },
        "OpenDoor.Step.mean": {
            "value": 1019947.0,
            "min": 19975.0,
            "max": 1019947.0,
            "count": 51
        },
        "OpenDoor.Step.sum": {
            "value": 1019947.0,
            "min": 19975.0,
            "max": 1019947.0,
            "count": 51
        },
        "OpenDoor.Policy.ExtrinsicValueEstimate.mean": {
            "value": -0.20148934423923492,
            "min": -0.37831729650497437,
            "max": 0.18549451231956482,
            "count": 51
        },
        "OpenDoor.Policy.ExtrinsicValueEstimate.sum": {
            "value": -82.00616455078125,
            "min": -150.1919708251953,
            "max": 76.23824310302734,
            "count": 51
        },
        "OpenDoor.Policy.GailValueEstimate.mean": {
            "value": 15.708199501037598,
            "min": 8.125344276428223,
            "max": 20.241195678710938,
            "count": 51
        },
        "OpenDoor.Policy.GailValueEstimate.sum": {
            "value": 6393.2373046875,
            "min": 3225.76171875,
            "max": 8096.47802734375,
            "count": 51
        },
        "OpenDoor.Environment.CumulativeReward.mean": {
            "value": 0.45776800680160523,
            "min": -1.2359920406639575,
            "max": 1.014410740651545,
            "count": 51
        },
        "OpenDoor.Environment.CumulativeReward.sum": {
            "value": 57.22100085020065,
            "min": -154.4990050829947,
            "max": 170.42100442945957,
            "count": 51
        },
        "OpenDoor.Policy.ExtrinsicReward.mean": {
            "value": 0.45776800680160523,
            "min": -1.2359920406639575,
            "max": 1.014410740651545,
            "count": 51
        },
        "OpenDoor.Policy.ExtrinsicReward.sum": {
            "value": 57.22100085020065,
            "min": -154.4990050829947,
            "max": 170.42100442945957,
            "count": 51
        },
        "OpenDoor.Policy.GailReward.mean": {
            "value": 41.66155611205101,
            "min": 34.78592271340035,
            "max": 48.79017879466216,
            "count": 51
        },
        "OpenDoor.Policy.GailReward.sum": {
            "value": 5207.694514006376,
            "min": 4946.270253926516,
            "max": 8050.379501119256,
            "count": 51
        },
        "OpenDoor.Losses.PolicyLoss.mean": {
            "value": 0.04080679179005848,
            "min": 0.038740070373342754,
            "max": 0.048038694323367326,
            "count": 51
        },
        "OpenDoor.Losses.PolicyLoss.sum": {
            "value": 0.7753290440111111,
            "min": 0.7360613370935123,
            "max": 0.9127351921439792,
            "count": 51
        },
        "OpenDoor.Losses.ValueLoss.mean": {
            "value": 3.646013981156182,
            "min": 3.5409640599238252,
            "max": 32.71654911626849,
            "count": 51
        },
        "OpenDoor.Losses.ValueLoss.sum": {
            "value": 69.27426564196746,
            "min": 67.27831713855268,
            "max": 621.6144332091013,
            "count": 51
        },
        "OpenDoor.Policy.LearningRate.mean": {
            "value": 0.00023937101494651055,
            "min": 0.00023937101494651055,
            "max": 0.0002993867568710811,
            "count": 51
        },
        "OpenDoor.Policy.LearningRate.sum": {
            "value": 0.0045480492839837005,
            "min": 0.0044819469060177995,
            "max": 0.0056659667513444196,
            "count": 51
        },
        "OpenDoor.Policy.Epsilon.mean": {
            "value": 0.1797903315789474,
            "min": 0.1797903315789474,
            "max": 0.19979558555555557,
            "count": 51
        },
        "OpenDoor.Policy.Epsilon.sum": {
            "value": 3.4160163000000003,
            "min": 3.2939822,
            "max": 3.7886555800000004,
            "count": 51
        },
        "OpenDoor.Policy.Beta.mean": {
            "value": 0.0004009726247368421,
            "min": 0.0004009726247368421,
            "max": 0.0004989983692222223,
            "count": 51
        },
        "OpenDoor.Policy.Beta.sum": {
            "value": 0.00761847987,
            "min": 0.007500512780000001,
            "max": 0.009444412341999999,
            "count": 51
        },
        "OpenDoor.Policy.GAILPolicyEstimate.mean": {
            "value": 0.36724034265468,
            "min": 0.3582518985658361,
            "max": 0.5034354032393087,
            "count": 51
        },
        "OpenDoor.Policy.GAILPolicyEstimate.sum": {
            "value": 6.977566510438919,
            "min": 6.559645883738994,
            "max": 9.565272661546866,
            "count": 51
        },
        "OpenDoor.Policy.GAILExpertEstimate.mean": {
            "value": 0.6163714475799026,
            "min": 0.5349873984069154,
            "max": 0.66068438578535,
            "count": 51
        },
        "OpenDoor.Policy.GAILExpertEstimate.sum": {
            "value": 11.711057504018148,
            "min": 10.164760569731394,
            "max": 12.653586025039356,
            "count": 51
        },
        "OpenDoor.Losses.GAILLoss.mean": {
            "value": 1.009780168271901,
            "min": 0.9715008785327277,
            "max": 1.485734504565858,
            "count": 51
        },
        "OpenDoor.Losses.GAILLoss.sum": {
            "value": 19.18582319716612,
            "min": 17.63041843970617,
            "max": 28.228955586751304,
            "count": 51
        },
        "OpenDoor.Policy.GAILGradMagLoss.mean": {
            "value": 0.03631622059956978,
            "min": 0.03631622059956978,
            "max": 3.13672442679052,
            "count": 51
        },
        "OpenDoor.Policy.GAILGradMagLoss.sum": {
            "value": 0.6900081913918258,
            "min": 0.6900081913918258,
            "max": 56.461039682229355,
            "count": 51
        },
        "OpenDoor.Losses.PretrainingLoss.mean": {
            "value": 0.3645214907694281,
            "min": 0.3645214907694281,
            "max": 0.6861411374476222,
            "count": 51
        },
        "OpenDoor.Losses.PretrainingLoss.sum": {
            "value": 6.925908324619134,
            "min": 6.584821532169978,
            "max": 12.3505404740572,
            "count": 51
        },
        "OpenDoor.IsTraining.mean": {
            "value": 1.0,
            "min": 1.0,
            "max": 1.0,
            "count": 51
        },
        "OpenDoor.IsTraining.sum": {
            "value": 1.0,
            "min": 1.0,
            "max": 1.0,
            "count": 51
        }
    },
    "metadata": {
        "timer_format_version": "0.1.0",
        "start_time_seconds": "1684680357",
        "python_version": "3.6.8 (tags/v3.6.8:3c6b436a57, Dec 24 2018, 00:16:47) [MSC v.1916 64 bit (AMD64)]",
        "command_line_arguments": "C:\\Users\\dewei\\Desktop\\IAV23-Chen\\TrabajoIADeweiChen\\V_Env\\Scripts\\mlagents-learn config/OpenDoor_Imitation.yaml --run-id=OpenDoor_Imitation6",
        "mlagents_version": "0.26.0",
        "mlagents_envs_version": "0.26.0",
        "communication_protocol_version": "1.5.0",
        "pytorch_version": "1.7.1+cu110",
        "numpy_version": "1.19.5",
        "end_time_seconds": "1684681898"
    },
    "total": 1541.1507573,
    "count": 1,
    "self": 0.005549100000052931,
    "children": {
        "run_training.setup": {
            "total": 0.0699874,
            "count": 1,
            "self": 0.0699874
        },
        "TrainerController.start_learning": {
            "total": 1541.0752208,
            "count": 1,
            "self": 1.837939799986998,
            "children": {
                "TrainerController._reset_env": {
                    "total": 11.6718411,
                    "count": 1,
                    "self": 10.9693937,
                    "children": {
                        "demo_to_buffer": {
                            "total": 0.7024474000000005,
                            "count": 2,
                            "self": 6.089999999936424e-05,
                            "children": {
                                "load_demonstration": {
                                    "total": 0.0072352999999996115,
                                    "count": 2,
                                    "self": 0.007133900000001248,
                                    "children": {
                                        "read_file": {
                                            "total": 0.00010139999999836391,
                                            "count": 2,
                                            "self": 0.00010139999999836391
                                        }
                                    }
                                },
                                "make_demo_buffer": {
                                    "total": 0.6951512000000015,
                                    "count": 2,
                                    "self": 0.1438749000000481,
                                    "children": {
                                        "steps_from_proto": {
                                            "total": 0.5512762999999534,
                                            "count": 4764,
                                            "self": 0.3849548999999346,
                                            "children": {
                                                "_process_rank_one_or_two_observation": {
                                                    "total": 0.16632140000001883,
                                                    "count": 9528,
                                                    "self": 0.16632140000001883
                                                }
                                            }
                                        }
                                    }
                                }
                            }
                        }
                    }
                },
                "TrainerController.advance": {
                    "total": 1527.4794583000128,
                    "count": 118689,
                    "self": 1.8293727000138915,
                    "children": {
                        "env_step": {
                            "total": 937.344357199992,
                            "count": 118689,
                            "self": 520.5031789000134,
                            "children": {
                                "SubprocessEnvManager._take_step": {
                                    "total": 415.75092369995855,
                                    "count": 118689,
                                    "self": 4.897812699947508,
                                    "children": {
                                        "TorchPolicy.evaluate": {
                                            "total": 410.85311100001104,
                                            "count": 113601,
                                            "self": 170.2441060999589,
                                            "children": {
                                                "TorchPolicy.sample_actions": {
                                                    "total": 240.60900490005213,
                                                    "count": 113601,
                                                    "self": 240.60900490005213
                                                }
                                            }
                                        }
                                    }
                                },
                                "workers": {
                                    "total": 1.0902546000201152,
                                    "count": 118688,
                                    "self": 0.0,
                                    "children": {
                                        "worker_root": {
                                            "total": 1528.7845471000196,
                                            "count": 118688,
                                            "is_parallel": true,
                                            "self": 1107.0191565000289,
                                            "children": {
                                                "steps_from_proto": {
                                                    "total": 0.00032500000000000004,
                                                    "count": 1,
                                                    "is_parallel": true,
                                                    "self": 0.00016840000000000003,
                                                    "children": {
                                                        "_process_rank_one_or_two_observation": {
                                                            "total": 0.0001566,
                                                            "count": 2,
                                                            "is_parallel": true,
                                                            "self": 0.0001566
                                                        }
                                                    }
                                                },
                                                "UnityEnvironment.step": {
                                                    "total": 421.76506559999075,
                                                    "count": 118688,
                                                    "is_parallel": true,
                                                    "self": 9.0252145000199,
                                                    "children": {
                                                        "UnityEnvironment._generate_step_input": {
                                                            "total": 12.9468735000021,
                                                            "count": 118688,
                                                            "is_parallel": true,
                                                            "self": 12.9468735000021
                                                        },
                                                        "communicator.exchange": {
                                                            "total": 370.3522649000207,
                                                            "count": 118688,
                                                            "is_parallel": true,
                                                            "self": 370.3522649000207
                                                        },
                                                        "steps_from_proto": {
                                                            "total": 29.440712699948065,
                                                            "count": 118688,
                                                            "is_parallel": true,
                                                            "self": 15.781374599976996,
                                                            "children": {
                                                                "_process_rank_one_or_two_observation": {
                                                                    "total": 13.65933809997107,
                                                                    "count": 237376,
                                                                    "is_parallel": true,
                                                                    "self": 13.65933809997107
                                                                }
                                                            }
                                                        }
                                                    }
                                                }
                                            }
                                        }
                                    }
                                }
                            }
                        },
                        "trainer_advance": {
                            "total": 588.3057284000067,
                            "count": 118688,
                            "self": 2.80784579999181,
                            "children": {
                                "process_trajectory": {
                                    "total": 110.9211837000161,
                                    "count": 118688,
                                    "self": 110.79213480001617,
                                    "children": {
                                        "RLTrainer._checkpoint": {
                                            "total": 0.12904889999992974,
                                            "count": 2,
                                            "self": 0.12904889999992974
                                        }
                                    }
                                },
                                "_update_policy": {
                                    "total": 474.57669889999886,
                                    "count": 966,
                                    "self": 225.87779679999608,
                                    "children": {
                                        "TorchPPOOptimizer.update": {
                                            "total": 224.0371180000049,
                                            "count": 11592,
                                            "self": 224.0371180000049
                                        },
                                        "TorchPolicy.sample_actions": {
                                            "total": 24.661784099997874,
                                            "count": 11592,
                                            "self": 24.661784099997874
                                        }
                                    }
                                }
                            }
                        }
                    }
                },
                "trainer_threads": {
                    "total": 9.000000318337698e-07,
                    "count": 1,
                    "self": 9.000000318337698e-07
                },
                "TrainerController._save_models": {
                    "total": 0.08598070000016378,
                    "count": 1,
                    "self": 0.007417300000270188,
                    "children": {
                        "RLTrainer._checkpoint": {
                            "total": 0.07856339999989359,
                            "count": 1,
                            "self": 0.07856339999989359
                        }
                    }
                }
            }
        }
    }
}