{
    "OpenDoor": {
        "checkpoints": [
            {
                "steps": 499952,
                "file_path": "results\\OpenDoor_Imitation6\\OpenDoor\\OpenDoor-499952.onnx",
                "reward": null,
                "creation_time": 1684681122.784636,
                "auxillary_file_paths": [
                    "results\\OpenDoor_Imitation6\\OpenDoor\\OpenDoor-499952.pt"
                ]
            },
            {
                "steps": 999998,
                "file_path": "results\\OpenDoor_Imitation6\\OpenDoor\\OpenDoor-999998.onnx",
                "reward": 1.862645149230957e-08,
                "creation_time": 1684681865.6026654,
                "auxillary_file_paths": [
                    "results\\OpenDoor_Imitation6\\OpenDoor\\OpenDoor-999998.pt"
                ]
            },
            {
                "steps": 1022213,
                "file_path": "results\\OpenDoor_Imitation6\\OpenDoor\\OpenDoor-1022213.onnx",
                "reward": null,
                "creation_time": 1684681898.7310646,
                "auxillary_file_paths": [
                    "results\\OpenDoor_Imitation6\\OpenDoor\\OpenDoor-1022213.pt"
                ]
            }
        ],
        "final_checkpoint": {
            "steps": 1022213,
            "file_path": "results\\OpenDoor_Imitation6\\OpenDoor.onnx",
            "reward": null,
            "creation_time": 1684681898.7310646,
            "auxillary_file_paths": [
                "results\\OpenDoor_Imitation6\\OpenDoor\\OpenDoor-1022213.pt"
            ]
        }
    },
    "metadata": {
        "stats_format_version": "0.3.0",
        "mlagents_version": "0.26.0",
        "torch_version": "1.7.1+cu110"
    }
}