{
    "name": "root",
    "gauges": {
        "MoveToPoint.Policy.Entropy.mean": {
            "value": 1.4153434038162231,
            "min": 1.4153434038162231,
            "max": 1.418938398361206,
            "count": 50
        },
        "MoveToPoint.Policy.Entropy.sum": {
            "value": 14062.8515625,
            "min": 13616.75390625,
            "max": 15247.9111328125,
            "count": 50
        },
        "MoveToPoint.Environment.EpisodeLength.mean": {
            "value": 44.87441860465116,
            "min": 43.642857142857146,
            "max": 135.47297297297297,
            "count": 50
        },
        "MoveToPoint.Environment.EpisodeLength.sum": {
            "value": 9648.0,
            "min": 8465.0,
            "max": 10762.0,
            "count": 50
        },
        "MoveToPoint.Step.mean": {
            "value": 499937.0,
            "min": 9943.0,
            "max": 499937.0,
            "count": 50
        },
        "MoveToPoint.Step.sum": {
            "value": 499937.0,
            "min": 9943.0,
            "max": 499937.0,
            "count": 50
        },
        "MoveToPoint.Policy.ExtrinsicValueEstimate.mean": {
            "value": 0.7637537717819214,
            "min": -0.07383640110492706,
            "max": 0.7637537717819214,
            "count": 50
        },
        "MoveToPoint.Policy.ExtrinsicValueEstimate.sum": {
            "value": 181.0096435546875,
            "min": -14.250425338745117,
            "max": 181.0096435546875,
            "count": 50
        },
        "MoveToPoint.Environment.CumulativeReward.mean": {
            "value": 0.9907407407407407,
            "min": -0.5128205128205128,
            "max": 1.0,
            "count": 50
        },
        "MoveToPoint.Environment.CumulativeReward.sum": {
            "value": 214.0,
            "min": -40.0,
            "max": 222.0,
            "count": 50
        },
        "MoveToPoint.Policy.ExtrinsicReward.mean": {
            "value": 0.9907407407407407,
            "min": -0.5128205128205128,
            "max": 1.0,
            "count": 50
        },
        "MoveToPoint.Policy.ExtrinsicReward.sum": {
            "value": 214.0,
            "min": -40.0,
            "max": 222.0,
            "count": 50
        },
        "MoveToPoint.IsTraining.mean": {
            "value": 1.0,
            "min": 1.0,
            "max": 1.0,
            "count": 50
        },
        "MoveToPoint.IsTraining.sum": {
            "value": 1.0,
            "min": 1.0,
            "max": 1.0,
            "count": 50
        },
        "MoveToPoint.Losses.PolicyLoss.mean": {
            "value": 0.025178559336442655,
            "min": 0.02181629395648095,
            "max": 0.02771317690688496,
            "count": 12
        },
        "MoveToPoint.Losses.PolicyLoss.sum": {
            "value": 0.025178559336442655,
            "min": 0.02181629395648095,
            "max": 0.02771317690688496,
            "count": 12
        },
        "MoveToPoint.Losses.ValueLoss.mean": {
            "value": 0.019556603441014887,
            "min": 0.019556603441014887,
            "max": 0.3893800020217896,
            "count": 12
        },
        "MoveToPoint.Losses.ValueLoss.sum": {
            "value": 0.019556603441014887,
            "min": 0.019556603441014887,
            "max": 0.3893800020217896,
            "count": 12
        },
        "MoveToPoint.Policy.LearningRate.mean": {
            "value": 4.882583727999985e-07,
            "min": 4.882583727999985e-07,
            "max": 2.754090819700001e-05,
            "count": 12
        },
        "MoveToPoint.Policy.LearningRate.sum": {
            "value": 4.882583727999985e-07,
            "min": 4.882583727999985e-07,
            "max": 2.754090819700001e-05,
            "count": 12
        },
        "MoveToPoint.Policy.Epsilon.mean": {
            "value": 0.10162720000000001,
            "min": 0.10162720000000001,
            "max": 0.19180300000000003,
            "count": 12
        },
        "MoveToPoint.Policy.Epsilon.sum": {
            "value": 0.10162720000000001,
            "min": 0.10162720000000001,
            "max": 0.19180300000000003,
            "count": 12
        },
        "MoveToPoint.Policy.Beta.mean": {
            "value": 1.7973279999999978e-05,
            "min": 1.7973279999999978e-05,
            "max": 0.00045983469999999997,
            "count": 12
        },
        "MoveToPoint.Policy.Beta.sum": {
            "value": 1.7973279999999978e-05,
            "min": 1.7973279999999978e-05,
            "max": 0.00045983469999999997,
            "count": 12
        }
    },
    "metadata": {
        "timer_format_version": "0.1.0",
        "start_time_seconds": "1685005451",
        "python_version": "3.6.8 (tags/v3.6.8:3c6b436a57, Dec 24 2018, 00:16:47) [MSC v.1916 64 bit (AMD64)]",
        "command_line_arguments": "C:\\Users\\dewei\\Desktop\\IAV23-Chen\\TrabajoIADeweiChen\\V_Env\\Scripts\\mlagents-learn config\\moveToPoint.yaml --run-id=V1 --force",
        "mlagents_version": "0.26.0",
        "mlagents_envs_version": "0.26.0",
        "communication_protocol_version": "1.5.0",
        "pytorch_version": "1.7.1+cu110",
        "numpy_version": "1.19.5",
        "end_time_seconds": "1685005738"
    },
    "total": 286.0744557,
    "count": 1,
    "self": 0.005271699999980228,
    "children": {
        "run_training.setup": {
            "total": 0.1189099,
            "count": 1,
            "self": 0.1189099
        },
        "TrainerController.start_learning": {
            "total": 285.9502741,
            "count": 1,
            "self": 0.36393490000057227,
            "children": {
                "TrainerController._reset_env": {
                    "total": 20.789283700000002,
                    "count": 1,
                    "self": 20.789283700000002
                },
                "TrainerController.advance": {
                    "total": 264.7578839999994,
                    "count": 23430,
                    "self": 0.3743500000004474,
                    "children": {
                        "env_step": {
                            "total": 142.4481650999997,
                            "count": 23430,
                            "self": 107.32189950000088,
                            "children": {
                                "SubprocessEnvManager._take_step": {
                                    "total": 34.912924499999846,
                                    "count": 23430,
                                    "self": 0.992564500002274,
                                    "children": {
                                        "TorchPolicy.evaluate": {
                                            "total": 33.92035999999757,
                                            "count": 18539,
                                            "self": 20.531605199993344,
                                            "children": {
                                                "TorchPolicy.sample_actions": {
                                                    "total": 13.388754800004229,
                                                    "count": 18539,
                                                    "self": 13.388754800004229
                                                }
                                            }
                                        }
                                    }
                                },
                                "workers": {
                                    "total": 0.21334109999897777,
                                    "count": 23430,
                                    "self": 0.0,
                                    "children": {
                                        "worker_root": {
                                            "total": 265.61550580000073,
                                            "count": 23430,
                                            "is_parallel": true,
                                            "self": 184.46684730000274,
                                            "children": {
                                                "steps_from_proto": {
                                                    "total": 0.0003731,
                                                    "count": 1,
                                                    "is_parallel": true,
                                                    "self": 0.00011440000000000002,
                                                    "children": {
                                                        "_process_rank_one_or_two_observation": {
                                                            "total": 0.0002587,
                                                            "count": 2,
                                                            "is_parallel": true,
                                                            "self": 0.0002587
                                                        }
                                                    }
                                                },
                                                "UnityEnvironment.step": {
                                                    "total": 81.14828539999799,
                                                    "count": 23430,
                                                    "is_parallel": true,
                                                    "self": 2.417665199994005,
                                                    "children": {
                                                        "UnityEnvironment._generate_step_input": {
                                                            "total": 4.738284700001496,
                                                            "count": 23430,
                                                            "is_parallel": true,
                                                            "self": 4.738284700001496
                                                        },
                                                        "communicator.exchange": {
                                                            "total": 67.5119576000003,
                                                            "count": 23430,
                                                            "is_parallel": true,
                                                            "self": 67.5119576000003
                                                        },
                                                        "steps_from_proto": {
                                                            "total": 6.4803779000021855,
                                                            "count": 23430,
                                                            "is_parallel": true,
                                                            "self": 2.117807100002648,
                                                            "children": {
                                                                "_process_rank_one_or_two_observation": {
                                                                    "total": 4.362570799999538,
                                                                    "count": 46860,
                                                                    "is_parallel": true,
                                                                    "self": 4.362570799999538
                                                                }
                                                            }
                                                        }
                                                    }
                                                }
                                            }
                                        }
                                    }
                                }
                            }
                        },
                        "trainer_advance": {
                            "total": 121.93536889999929,
                            "count": 23430,
                            "self": 0.5317998000012096,
                            "children": {
                                "process_trajectory": {
                                    "total": 41.303074599998084,
                                    "count": 23430,
                                    "self": 41.254210599998046,
                                    "children": {
                                        "RLTrainer._checkpoint": {
                                            "total": 0.04886400000003732,
                                            "count": 1,
                                            "self": 0.04886400000003732
                                        }
                                    }
                                },
                                "_update_policy": {
                                    "total": 80.1004945,
                                    "count": 12,
                                    "self": 62.73253919999974,
                                    "children": {
                                        "TorchPPOOptimizer.update": {
                                            "total": 17.367955300000254,
                                            "count": 1452,
                                            "self": 17.367955300000254
                                        }
                                    }
                                }
                            }
                        }
                    }
                },
                "trainer_threads": {
                    "total": 6.999999868639861e-07,
                    "count": 1,
                    "self": 6.999999868639861e-07
                },
                "TrainerController._save_models": {
                    "total": 0.039170800000022155,
                    "count": 1,
                    "self": 0.006332000000043081,
                    "children": {
                        "RLTrainer._checkpoint": {
                            "total": 0.032838799999979074,
                            "count": 1,
                            "self": 0.032838799999979074
                        }
                    }
                }
            }
        }
    }
}