{
    "MoveToPoint": {
        "checkpoints": [
            {
                "steps": 499937,
                "file_path": "results\\V1\\MoveToPoint\\MoveToPoint-499937.onnx",
                "reward": 0.9884393063583815,
                "creation_time": 1685005738.0179417,
                "auxillary_file_paths": [
                    "results\\V1\\MoveToPoint\\MoveToPoint-499937.pt"
                ]
            },
            {
                "steps": 500001,
                "file_path": "results\\V1\\MoveToPoint\\MoveToPoint-500001.onnx",
                "reward": 0.9884393063583815,
                "creation_time": 1685005738.055813,
                "auxillary_file_paths": [
                    "results\\V1\\MoveToPoint\\MoveToPoint-500001.pt"
                ]
            }
        ],
        "final_checkpoint": {
            "steps": 500001,
            "file_path": "results\\V1\\MoveToPoint.onnx",
            "reward": 0.9884393063583815,
            "creation_time": 1685005738.055813,
            "auxillary_file_paths": [
                "results\\V1\\MoveToPoint\\MoveToPoint-500001.pt"
            ]
        }
    },
    "metadata": {
        "stats_format_version": "0.3.0",
        "mlagents_version": "0.26.0",
        "torch_version": "1.7.1+cu110"
    }
}