{
    "name": "root",
    "gauges": {
        "MoveToPoint.Policy.Entropy.mean": {
            "value": 1.4221017360687256,
            "min": 1.4221017360687256,
            "max": 1.4221017360687256,
            "count": 1
        },
        "MoveToPoint.Policy.Entropy.sum": {
            "value": 15290.4375,
            "min": 15290.4375,
            "max": 15290.4375,
            "count": 1
        },
        "MoveToPoint.Step.mean": {
            "value": 9965.0,
            "min": 9965.0,
            "max": 9965.0,
            "count": 1
        },
        "MoveToPoint.Step.sum": {
            "value": 9965.0,
            "min": 9965.0,
            "max": 9965.0,
            "count": 1
        },
        "MoveToPoint.Policy.ExtrinsicValueEstimate.mean": {
            "value": 0.08852415531873703,
            "min": 0.08852415531873703,
            "max": 0.08852415531873703,
            "count": 1
        },
        "MoveToPoint.Policy.ExtrinsicValueEstimate.sum": {
            "value": 14.606485366821289,
            "min": 14.606485366821289,
            "max": 14.606485366821289,
            "count": 1
        },
        "MoveToPoint.Losses.PolicyLoss.mean": {
            "value": 0.24966452958596044,
            "min": 0.24966452958596044,
            "max": 0.24966452958596044,
            "count": 1
        },
        "MoveToPoint.Losses.PolicyLoss.sum": {
            "value": 8.738258535508615,
            "min": 8.738258535508615,
            "max": 8.738258535508615,
            "count": 1
        },
        "MoveToPoint.Losses.ValueLoss.mean": {
            "value": 0.02350203756302554,
            "min": 0.02350203756302554,
            "max": 0.02350203756302554,
            "count": 1
        },
        "MoveToPoint.Losses.ValueLoss.sum": {
            "value": 0.8225713147058938,
            "min": 0.8225713147058938,
            "max": 0.8225713147058938,
            "count": 1
        },
        "MoveToPoint.Policy.LearningRate.mean": {
            "value": 0.00029634924121692,
            "min": 0.00029634924121692,
            "max": 0.00029634924121692,
            "count": 1
        },
        "MoveToPoint.Policy.LearningRate.sum": {
            "value": 0.010372223442592199,
            "min": 0.010372223442592199,
            "max": 0.010372223442592199,
            "count": 1
        },
        "MoveToPoint.Policy.Epsilon.mean": {
            "value": 0.19878308,
            "min": 0.19878308,
            "max": 0.19878308,
            "count": 1
        },
        "MoveToPoint.Policy.Epsilon.sum": {
            "value": 6.9574078,
            "min": 6.9574078,
            "max": 6.9574078,
            "count": 1
        },
        "MoveToPoint.Policy.Beta.mean": {
            "value": 0.000494037092,
            "min": 0.000494037092,
            "max": 0.000494037092,
            "count": 1
        },
        "MoveToPoint.Policy.Beta.sum": {
            "value": 0.017291298219999997,
            "min": 0.017291298219999997,
            "max": 0.017291298219999997,
            "count": 1
        },
        "MoveToPoint.Environment.EpisodeLength.mean": {
            "value": 148.47058823529412,
            "min": 148.47058823529412,
            "max": 148.47058823529412,
            "count": 1
        },
        "MoveToPoint.Environment.EpisodeLength.sum": {
            "value": 2524.0,
            "min": 2524.0,
            "max": 2524.0,
            "count": 1
        },
        "MoveToPoint.Environment.CumulativeReward.mean": {
            "value": -1.0,
            "min": -1.0,
            "max": -1.0,
            "count": 1
        },
        "MoveToPoint.Environment.CumulativeReward.sum": {
            "value": -17.0,
            "min": -17.0,
            "max": -17.0,
            "count": 1
        },
        "MoveToPoint.Policy.ExtrinsicReward.mean": {
            "value": -1.0,
            "min": -1.0,
            "max": -1.0,
            "count": 1
        },
        "MoveToPoint.Policy.ExtrinsicReward.sum": {
            "value": -17.0,
            "min": -17.0,
            "max": -17.0,
            "count": 1
        },
        "MoveToPoint.IsTraining.mean": {
            "value": 1.0,
            "min": 1.0,
            "max": 1.0,
            "count": 1
        },
        "MoveToPoint.IsTraining.sum": {
            "value": 1.0,
            "min": 1.0,
            "max": 1.0,
            "count": 1
        }
    },
    "metadata": {
        "timer_format_version": "0.1.0",
        "start_time_seconds": "1684524422",
        "python_version": "3.6.8 (tags/v3.6.8:3c6b436a57, Dec 24 2018, 00:16:47) [MSC v.1916 64 bit (AMD64)]",
        "command_line_arguments": "C:\\Users\\dewei\\Desktop\\IAV23-Chen\\TrabajoIADeweiChen\\V_Env\\Scripts\\mlagents-learn config/moveToPoint.yaml --run-id=MultiTrainingRamdon4",
        "mlagents_version": "0.26.0",
        "mlagents_envs_version": "0.26.0",
        "communication_protocol_version": "1.5.0",
        "pytorch_version": "1.7.1+cu110",
        "numpy_version": "1.19.5",
        "end_time_seconds": "1684524451"
    },
    "total": 29.0702113,
    "count": 1,
    "self": 0.004322500000000673,
    "children": {
        "run_training.setup": {
            "total": 0.0698415,
            "count": 1,
            "self": 0.0698415
        },
        "TrainerController.start_learning": {
            "total": 28.9960473,
            "count": 1,
            "self": 0.0075332999999773165,
            "children": {
                "TrainerController._reset_env": {
                    "total": 5.261844099999999,
                    "count": 1,
                    "self": 5.261844099999999
                },
                "TrainerController.advance": {
                    "total": 23.63894110000002,
                    "count": 478,
                    "self": 0.007145200000046259,
                    "children": {
                        "env_step": {
                            "total": 3.8265831999999635,
                            "count": 478,
                            "self": 2.7603106999999927,
                            "children": {
                                "SubprocessEnvManager._take_step": {
                                    "total": 1.0620341999999932,
                                    "count": 478,
                                    "self": 0.02447319999999653,
                                    "children": {
                                        "TorchPolicy.evaluate": {
                                            "total": 1.0375609999999966,
                                            "count": 464,
                                            "self": 0.3998240999999503,
                                            "children": {
                                                "TorchPolicy.sample_actions": {
                                                    "total": 0.6377369000000463,
                                                    "count": 464,
                                                    "self": 0.6377369000000463
                                                }
                                            }
                                        }
                                    }
                                },
                                "workers": {
                                    "total": 0.004238299999977713,
                                    "count": 477,
                                    "self": 0.0,
                                    "children": {
                                        "worker_root": {
                                            "total": 24.590698799999966,
                                            "count": 477,
                                            "is_parallel": true,
                                            "self": 22.393244999999947,
                                            "children": {
                                                "steps_from_proto": {
                                                    "total": 0.0003481,
                                                    "count": 1,
                                                    "is_parallel": true,
                                                    "self": 0.00010980000000000001,
                                                    "children": {
                                                        "_process_rank_one_or_two_observation": {
                                                            "total": 0.0002383,
                                                            "count": 2,
                                                            "is_parallel": true,
                                                            "self": 0.0002383
                                                        }
                                                    }
                                                },
                                                "UnityEnvironment.step": {
                                                    "total": 2.1971057000000194,
                                                    "count": 477,
                                                    "is_parallel": true,
                                                    "self": 0.05184130000002796,
                                                    "children": {
                                                        "UnityEnvironment._generate_step_input": {
                                                            "total": 0.10717730000002357,
                                                            "count": 477,
                                                            "is_parallel": true,
                                                            "self": 0.10717730000002357
                                                        },
                                                        "communicator.exchange": {
                                                            "total": 1.8974331999999925,
                                                            "count": 477,
                                                            "is_parallel": true,
                                                            "self": 1.8974331999999925
                                                        },
                                                        "steps_from_proto": {
                                                            "total": 0.14065389999997513,
                                                            "count": 477,
                                                            "is_parallel": true,
                                                            "self": 0.04414409999998248,
                                                            "children": {
                                                                "_process_rank_one_or_two_observation": {
                                                                    "total": 0.09650979999999265,
                                                                    "count": 954,
                                                                    "is_parallel": true,
                                                                    "self": 0.09650979999999265
                                                                }
                                                            }
                                                        }
                                                    }
                                                }
                                            }
                                        }
                                    }
                                }
                            }
                        },
                        "trainer_advance": {
                            "total": 19.805212700000013,
                            "count": 477,
                            "self": 0.011977700000016966,
                            "children": {
                                "process_trajectory": {
                                    "total": 0.6291313999999826,
                                    "count": 477,
                                    "self": 0.6291313999999826
                                },
                                "_update_policy": {
                                    "total": 19.164103600000015,
                                    "count": 38,
                                    "self": 1.4235352999999868,
                                    "children": {
                                        "TorchPPOOptimizer.update": {
                                            "total": 17.740568300000028,
                                            "count": 3099,
                                            "self": 17.740568300000028
                                        }
                                    }
                                }
                            }
                        }
                    }
                },
                "trainer_threads": {
                    "total": 8.999999998593466e-07,
                    "count": 1,
                    "self": 8.999999998593466e-07
                },
                "TrainerController._save_models": {
                    "total": 0.08772790000000086,
                    "count": 1,
                    "self": 0.0058141999999996585,
                    "children": {
                        "RLTrainer._checkpoint": {
                            "total": 0.0819137000000012,
                            "count": 1,
                            "self": 0.0819137000000012
                        }
                    }
                }
            }
        }
    }
}