{
    "MoveToPoint": {
        "checkpoints": [
            {
                "steps": 10605,
                "file_path": "results\\MultiTrainingRamdon4\\MoveToPoint\\MoveToPoint-10605.onnx",
                "reward": null,
                "creation_time": 1684524451.8296704,
                "auxillary_file_paths": [
                    "results\\MultiTrainingRamdon4\\MoveToPoint\\MoveToPoint-10605.pt"
                ]
            }
        ],
        "final_checkpoint": {
            "steps": 10605,
            "file_path": "results\\MultiTrainingRamdon4\\MoveToPoint.onnx",
            "reward": null,
            "creation_time": 1684524451.8296704,
            "auxillary_file_paths": [
                "results\\MultiTrainingRamdon4\\MoveToPoint\\MoveToPoint-10605.pt"
            ]
        }
    },
    "metadata": {
        "stats_format_version": "0.3.0",
        "mlagents_version": "0.26.0",
        "torch_version": "1.7.1+cu110"
    }
}