{
    "name": "root",
    "gauges": {
        "MoveToPoint.Policy.Entropy.mean": {
            "value": 1.4156533479690552,
            "min": 1.4156533479690552,
            "max": 1.418938398361206,
            "count": 20
        },
        "MoveToPoint.Policy.Entropy.sum": {
            "value": 14104.154296875,
            "min": 13599.962890625,
            "max": 15631.025390625,
            "count": 20
        },
        "MoveToPoint.Environment.EpisodeLength.mean": {
            "value": 584.2142857142857,
            "min": 140.64912280701753,
            "max": 1418.7222222222222,
            "count": 20
        },
        "MoveToPoint.Environment.EpisodeLength.sum": {
            "value": 8179.0,
            "min": 2590.0,
            "max": 25537.0,
            "count": 20
        },
        "MoveToPoint.Step.mean": {
            "value": 199978.0,
            "min": 9994.0,
            "max": 199978.0,
            "count": 20
        },
        "MoveToPoint.Step.sum": {
            "value": 199978.0,
            "min": 9994.0,
            "max": 199978.0,
            "count": 20
        },
        "MoveToPoint.Policy.ExtrinsicValueEstimate.mean": {
            "value": -0.08252865076065063,
            "min": -0.38987064361572266,
            "max": 0.07512037456035614,
            "count": 20
        },
        "MoveToPoint.Policy.ExtrinsicValueEstimate.sum": {
            "value": -13.617227554321289,
            "min": -71.73619842529297,
            "max": 12.169500350952148,
            "count": 20
        },
        "MoveToPoint.Policy.GailValueEstimate.mean": {
            "value": 9.694242477416992,
            "min": -0.04558921977877617,
            "max": 9.896242141723633,
            "count": 20
        },
        "MoveToPoint.Policy.GailValueEstimate.sum": {
            "value": 1599.550048828125,
            "min": -8.388416290283203,
            "max": 1656.889404296875,
            "count": 20
        },
        "MoveToPoint.Environment.CumulativeReward.mean": {
            "value": -0.9285714285714286,
            "min": -1.0,
            "max": 0.2,
            "count": 20
        },
        "MoveToPoint.Environment.CumulativeReward.sum": {
            "value": -13.0,
            "min": -21.0,
            "max": 7.0,
            "count": 20
        },
        "MoveToPoint.Policy.ExtrinsicReward.mean": {
            "value": -0.9285714285714286,
            "min": -1.0,
            "max": 0.2,
            "count": 20
        },
        "MoveToPoint.Policy.ExtrinsicReward.sum": {
            "value": -13.0,
            "min": -21.0,
            "max": 7.0,
            "count": 20
        },
        "MoveToPoint.Policy.GailReward.mean": {
            "value": 53.09149055715118,
            "min": 20.750462329701374,
            "max": 222.744603484869,
            "count": 20
        },
        "MoveToPoint.Policy.GailReward.sum": {
            "value": 743.2808678001165,
            "min": 445.489206969738,
            "max": 3171.8583042025566,
            "count": 20
        },
        "MoveToPoint.IsTraining.mean": {
            "value": 1.0,
            "min": 1.0,
            "max": 1.0,
            "count": 20
        },
        "MoveToPoint.IsTraining.sum": {
            "value": 1.0,
            "min": 1.0,
            "max": 1.0,
            "count": 20
        },
        "MoveToPoint.Losses.PolicyLoss.mean": {
            "value": 0.024497886613883055,
            "min": 0.024497886613883055,
            "max": 0.027701726076338674,
            "count": 4
        },
        "MoveToPoint.Losses.PolicyLoss.sum": {
            "value": 0.024497886613883055,
            "min": 0.024497886613883055,
            "max": 0.027701726076338674,
            "count": 4
        },
        "MoveToPoint.Losses.ValueLoss.mean": {
            "value": 1.2377814156253164,
            "min": 1.2377814156253164,
            "max": 3.2826268802086513,
            "count": 4
        },
        "MoveToPoint.Losses.ValueLoss.sum": {
            "value": 1.2377814156253164,
            "min": 1.2377814156253164,
            "max": 3.2826268802086513,
            "count": 4
        },
        "MoveToPoint.Policy.LearningRate.mean": {
            "value": 2.0162492791800003e-05,
            "min": 2.0162492791800003e-05,
            "max": 2.7541688194399985e-05,
            "count": 4
        },
        "MoveToPoint.Policy.LearningRate.sum": {
            "value": 2.0162492791800003e-05,
            "min": 2.0162492791800003e-05,
            "max": 2.7541688194399985e-05,
            "count": 4
        },
        "MoveToPoint.Policy.Epsilon.mean": {
            "value": 0.1672082000000001,
            "min": 0.1672082000000001,
            "max": 0.19180559999999997,
            "count": 4
        },
        "MoveToPoint.Policy.Epsilon.sum": {
            "value": 0.1672082000000001,
            "min": 0.1672082000000001,
            "max": 0.19180559999999997,
            "count": 4
        },
        "MoveToPoint.Policy.Beta.mean": {
            "value": 0.0003393201799999999,
            "min": 0.0003393201799999999,
            "max": 0.00045984744000000013,
            "count": 4
        },
        "MoveToPoint.Policy.Beta.sum": {
            "value": 0.0003393201799999999,
            "min": 0.0003393201799999999,
            "max": 0.00045984744000000013,
            "count": 4
        },
        "MoveToPoint.Policy.GAILPolicyEstimate.mean": {
            "value": 0.3969858972037711,
            "min": 0.3969858972037711,
            "max": 0.5076440818607807,
            "count": 4
        },
        "MoveToPoint.Policy.GAILPolicyEstimate.sum": {
            "value": 0.3969858972037711,
            "min": 0.3969858972037711,
            "max": 0.5076440818607807,
            "count": 4
        },
        "MoveToPoint.Policy.GAILExpertEstimate.mean": {
            "value": 0.5861603414140096,
            "min": 0.510519181440274,
            "max": 0.5861603414140096,
            "count": 4
        },
        "MoveToPoint.Policy.GAILExpertEstimate.sum": {
            "value": 0.5861603414140096,
            "min": 0.510519181440274,
            "max": 0.5861603414140096,
            "count": 4
        },
        "MoveToPoint.Losses.GAILLoss.mean": {
            "value": 1.0961665855190619,
            "min": 1.0961665855190619,
            "max": 1.4754935334126154,
            "count": 4
        },
        "MoveToPoint.Losses.GAILLoss.sum": {
            "value": 1.0961665855190619,
            "min": 1.0961665855190619,
            "max": 1.4754935334126154,
            "count": 4
        },
        "MoveToPoint.Policy.GAILGradMagLoss.mean": {
            "value": 0.05263263159772245,
            "min": 0.03487310134805739,
            "max": 3.923044398923715,
            "count": 4
        },
        "MoveToPoint.Policy.GAILGradMagLoss.sum": {
            "value": 0.05263263159772245,
            "min": 0.03487310134805739,
            "max": 3.923044398923715,
            "count": 4
        }
    },
    "metadata": {
        "timer_format_version": "0.1.0",
        "start_time_seconds": "1684617546",
        "python_version": "3.6.8 (tags/v3.6.8:3c6b436a57, Dec 24 2018, 00:16:47) [MSC v.1916 64 bit (AMD64)]",
        "command_line_arguments": "C:\\Users\\dewei\\Desktop\\IAV23-Chen\\TrabajoIADeweiChen\\V_Env\\Scripts\\mlagents-learn config/moveToPoint_Imitation.yaml --run-id=Imitation8",
        "mlagents_version": "0.26.0",
        "mlagents_envs_version": "0.26.0",
        "communication_protocol_version": "1.5.0",
        "pytorch_version": "1.7.1+cu110",
        "numpy_version": "1.19.5",
        "end_time_seconds": "1684617678"
    },
    "total": 132.6932968,
    "count": 1,
    "self": 0.00533270000002517,
    "children": {
        "run_training.setup": {
            "total": 0.0697588,
            "count": 1,
            "self": 0.0697588
        },
        "TrainerController.start_learning": {
            "total": 132.6182053,
            "count": 1,
            "self": 0.13707070000006638,
            "children": {
                "TrainerController._reset_env": {
                    "total": 10.8997408,
                    "count": 1,
                    "self": 10.688118000000001,
                    "children": {
                        "demo_to_buffer": {
                            "total": 0.2116227999999989,
                            "count": 1,
                            "self": 3.6299999997879695e-05,
                            "children": {
                                "load_demonstration": {
                                    "total": 0.0029608000000003187,
                                    "count": 1,
                                    "self": 0.0028943000000012375,
                                    "children": {
                                        "read_file": {
                                            "total": 6.649999999908118e-05,
                                            "count": 1,
                                            "self": 6.649999999908118e-05
                                        }
                                    }
                                },
                                "make_demo_buffer": {
                                    "total": 0.2086257000000007,
                                    "count": 1,
                                    "self": 0.052549899999986494,
                                    "children": {
                                        "steps_from_proto": {
                                            "total": 0.1560758000000142,
                                            "count": 1906,
                                            "self": 0.0941454000000519,
                                            "children": {
                                                "_process_rank_one_or_two_observation": {
                                                    "total": 0.061930399999962304,
                                                    "count": 3812,
                                                    "self": 0.061930399999962304
                                                }
                                            }
                                        }
                                    }
                                }
                            }
                        }
                    }
                },
                "TrainerController.advance": {
                    "total": 121.50443049999994,
                    "count": 8137,
                    "self": 0.12508450000019877,
                    "children": {
                        "env_step": {
                            "total": 53.387955299999994,
                            "count": 8137,
                            "self": 38.763557700000334,
                            "children": {
                                "SubprocessEnvManager._take_step": {
                                    "total": 14.548790899999949,
                                    "count": 8137,
                                    "self": 0.4274332999998087,
                                    "children": {
                                        "TorchPolicy.evaluate": {
                                            "total": 14.12135760000014,
                                            "count": 7794,
                                            "self": 8.198576299999738,
                                            "children": {
                                                "TorchPolicy.sample_actions": {
                                                    "total": 5.922781300000402,
                                                    "count": 7794,
                                                    "self": 5.922781300000402
                                                }
                                            }
                                        }
                                    }
                                },
                                "workers": {
                                    "total": 0.07560669999971203,
                                    "count": 8136,
                                    "self": 0.0,
                                    "children": {
                                        "worker_root": {
                                            "total": 122.71456300000025,
                                            "count": 8136,
                                            "is_parallel": true,
                                            "self": 94.14220300000039,
                                            "children": {
                                                "steps_from_proto": {
                                                    "total": 0.0003749,
                                                    "count": 1,
                                                    "is_parallel": true,
                                                    "self": 0.00011250000000000002,
                                                    "children": {
                                                        "_process_rank_one_or_two_observation": {
                                                            "total": 0.0002624,
                                                            "count": 2,
                                                            "is_parallel": true,
                                                            "self": 0.0002624
                                                        }
                                                    }
                                                },
                                                "UnityEnvironment.step": {
                                                    "total": 28.571985099999857,
                                                    "count": 8136,
                                                    "is_parallel": true,
                                                    "self": 0.9362380999996631,
                                                    "children": {
                                                        "UnityEnvironment._generate_step_input": {
                                                            "total": 1.9730048000000928,
                                                            "count": 8136,
                                                            "is_parallel": true,
                                                            "self": 1.9730048000000928
                                                        },
                                                        "communicator.exchange": {
                                                            "total": 23.106316999999812,
                                                            "count": 8136,
                                                            "is_parallel": true,
                                                            "self": 23.106316999999812
                                                        },
                                                        "steps_from_proto": {
                                                            "total": 2.5564252000002874,
                                                            "count": 8136,
                                                            "is_parallel": true,
                                                            "self": 0.7879152000005838,
                                                            "children": {
                                                                "_process_rank_one_or_two_observation": {
                                                                    "total": 1.7685099999997036,
                                                                    "count": 16272,
                                                                    "is_parallel": true,
                                                                    "self": 1.7685099999997036
                                                                }
                                                            }
                                                        }
                                                    }
                                                }
                                            }
                                        }
                                    }
                                }
                            }
                        },
                        "trainer_advance": {
                            "total": 67.99139069999974,
                            "count": 8136,
                            "self": 0.20366019999916318,
                            "children": {
                                "process_trajectory": {
                                    "total": 20.597494600000555,
                                    "count": 8136,
                                    "self": 20.597494600000555
                                },
                                "_update_policy": {
                                    "total": 47.19023590000002,
                                    "count": 5,
                                    "self": 28.72786860000026,
                                    "children": {
                                        "TorchPPOOptimizer.update": {
                                            "total": 18.46236729999976,
                                            "count": 606,
                                            "self": 18.46236729999976
                                        }
                                    }
                                }
                            }
                        }
                    }
                },
                "trainer_threads": {
                    "total": 9.999999974752427e-07,
                    "count": 1,
                    "self": 9.999999974752427e-07
                },
                "TrainerController._save_models": {
                    "total": 0.07696229999999105,
                    "count": 1,
                    "self": 0.005717900000007603,
                    "children": {
                        "RLTrainer._checkpoint": {
                            "total": 0.07124439999998344,
                            "count": 1,
                            "self": 0.07124439999998344
                        }
                    }
                }
            }
        }
    }
}