{
    "MoveToPoint": {
        "checkpoints": [
            {
                "steps": 209749,
                "file_path": "results\\Imitation8\\MoveToPoint\\MoveToPoint-209749.onnx",
                "reward": -1.0,
                "creation_time": 1684617678.9305077,
                "auxillary_file_paths": [
                    "results\\Imitation8\\MoveToPoint\\MoveToPoint-209749.pt"
                ]
            }
        ],
        "final_checkpoint": {
            "steps": 209749,
            "file_path": "results\\Imitation8\\MoveToPoint.onnx",
            "reward": -1.0,
            "creation_time": 1684617678.9305077,
            "auxillary_file_paths": [
                "results\\Imitation8\\MoveToPoint\\MoveToPoint-209749.pt"
            ]
        }
    },
    "metadata": {
        "stats_format_version": "0.3.0",
        "mlagents_version": "0.26.0",
        "torch_version": "1.7.1+cu110"
    }
}