{
    "name": "root",
    "gauges": {
        "OpenDoor.Policy.Entropy.mean": {
            "value": 1.0034664869308472,
            "min": 0.9841046929359436,
            "max": 1.3486974239349365,
            "count": 22
        },
        "OpenDoor.Policy.Entropy.sum": {
            "value": 19995.07421875,
            "min": 19556.12890625,
            "max": 28429.0234375,
            "count": 22
        },
        "OpenDoor.Step.mean": {
            "value": 439964.0,
            "min": 19965.0,
            "max": 439964.0,
            "count": 22
        },
        "OpenDoor.Step.sum": {
            "value": 439964.0,
            "min": 19965.0,
            "max": 439964.0,
            "count": 22
        },
        "OpenDoor.Policy.ExtrinsicValueEstimate.mean": {
            "value": 0.06817400455474854,
            "min": 0.06171858310699463,
            "max": 0.542639970779419,
            "count": 22
        },
        "OpenDoor.Policy.ExtrinsicValueEstimate.sum": {
            "value": 27.95134162902832,
            "min": 23.761653900146484,
            "max": 218.68389892578125,
            "count": 22
        },
        "OpenDoor.Policy.GailValueEstimate.mean": {
            "value": 4.649016380310059,
            "min": 4.272768974304199,
            "max": 16.594987869262695,
            "count": 22
        },
        "OpenDoor.Policy.GailValueEstimate.sum": {
            "value": 1906.0966796875,
            "min": 1700.5621337890625,
            "max": 6770.75537109375,
            "count": 22
        },
        "OpenDoor.Losses.PolicyLoss.mean": {
            "value": 0.04686684348335904,
            "min": 0.03989096991554426,
            "max": 0.05019031647006395,
            "count": 22
        },
        "OpenDoor.Losses.PolicyLoss.sum": {
            "value": 0.8436031827004626,
            "min": 0.525384709534664,
            "max": 0.9034256964611511,
            "count": 22
        },
        "OpenDoor.Losses.ValueLoss.mean": {
            "value": 1.169946013501397,
            "min": 0.734452297943726,
            "max": 11.693411017161985,
            "count": 22
        },
        "OpenDoor.Losses.ValueLoss.sum": {
            "value": 21.059028243025146,
            "min": 13.954593660930794,
            "max": 187.09457627459176,
            "count": 22
        },
        "OpenDoor.Policy.LearningRate.mean": {
            "value": 4.198011933998889e-05,
            "min": 4.198011933998889e-05,
            "max": 0.0002936039475865636,
            "count": 22
        },
        "OpenDoor.Policy.LearningRate.sum": {
            "value": 0.0007556421481198,
            "min": 0.0007556421481198,
            "max": 0.005133850388716599,
            "count": 22
        },
        "OpenDoor.Policy.Epsilon.mean": {
            "value": 0.11399334444444446,
            "min": 0.11399334444444446,
            "max": 0.1978679818181818,
            "count": 22
        },
        "OpenDoor.Policy.Epsilon.sum": {
            "value": 2.0518802000000003,
            "min": 2.0518802000000003,
            "max": 3.6112834000000005,
            "count": 22
        },
        "OpenDoor.Policy.Beta.mean": {
            "value": 7.856738777777778e-05,
            "min": 7.856738777777778e-05,
            "max": 0.0004895531109090909,
            "count": 22
        },
        "OpenDoor.Policy.Beta.sum": {
            "value": 0.00141421298,
            "min": 0.00141421298,
            "max": 0.00857528866,
            "count": 22
        },
        "OpenDoor.Policy.GAILPolicyEstimate.mean": {
            "value": 0.369177651350145,
            "min": 0.369177651350145,
            "max": 0.558812210603898,
            "count": 22
        },
        "OpenDoor.Policy.GAILPolicyEstimate.sum": {
            "value": 6.64519772430261,
            "min": 4.297514159882826,
            "max": 8.940995369662367,
            "count": 22
        },
        "OpenDoor.Policy.GAILExpertEstimate.mean": {
            "value": 0.659818082495972,
            "min": 0.4397928172692893,
            "max": 0.659818082495972,
            "count": 22
        },
        "OpenDoor.Policy.GAILExpertEstimate.sum": {
            "value": 11.876725484927496,
            "min": 5.077962292328713,
            "max": 12.302030185858408,
            "count": 22
        },
        "OpenDoor.Losses.GAILLoss.mean": {
            "value": 0.9514078379229264,
            "min": 0.9514078379229264,
            "max": 1.9715522999919597,
            "count": 22
        },
        "OpenDoor.Losses.GAILLoss.sum": {
            "value": 17.125341082612675,
            "min": 15.5372295956763,
            "max": 31.544836799871355,
            "count": 22
        },
        "OpenDoor.Policy.GAILGradMagLoss.mean": {
            "value": 0.14301795181300903,
            "min": 0.057065316900741625,
            "max": 2.9803723950922745,
            "count": 22
        },
        "OpenDoor.Policy.GAILGradMagLoss.sum": {
            "value": 2.5743231326341625,
            "min": 1.0667709863434234,
            "max": 32.78409634601502,
            "count": 22
        },
        "OpenDoor.Losses.PretrainingLoss.mean": {
            "value": 0.3771567784801677,
            "min": 0.3771567784801677,
            "max": 1.3407366506078024,
            "count": 22
        },
        "OpenDoor.Losses.PretrainingLoss.sum": {
            "value": 6.788822012643019,
            "min": 6.788822012643019,
            "max": 14.748103156685827,
            "count": 22
        },
        "OpenDoor.Environment.EpisodeLength.mean": {
            "value": 123.45454545454545,
            "min": 111.48587570621469,
            "max": 193.14772727272728,
            "count": 22
        },
        "OpenDoor.Environment.EpisodeLength.sum": {
            "value": 20370.0,
            "min": 16997.0,
            "max": 21653.0,
            "count": 22
        },
        "OpenDoor.Environment.CumulativeReward.mean": {
            "value": 0.9024390243902439,
            "min": 0.9024390243902439,
            "max": 1.6329113924050633,
            "count": 22
        },
        "OpenDoor.Environment.CumulativeReward.sum": {
            "value": 148.0,
            "min": 91.0,
            "max": 289.0,
            "count": 22
        },
        "OpenDoor.Policy.ExtrinsicReward.mean": {
            "value": 0.9024390243902439,
            "min": 0.9024390243902439,
            "max": 1.6329113924050633,
            "count": 22
        },
        "OpenDoor.Policy.ExtrinsicReward.sum": {
            "value": 148.0,
            "min": 91.0,
            "max": 289.0,
            "count": 22
        },
        "OpenDoor.Policy.GailReward.mean": {
            "value": 13.33529802302194,
            "min": 13.33529802302194,
            "max": 31.45172804840606,
            "count": 22
        },
        "OpenDoor.Policy.GailReward.sum": {
            "value": 2186.988875775598,
            "min": 1841.6937764883041,
            "max": 4371.790198728442,
            "count": 22
        },
        "OpenDoor.IsTraining.mean": {
            "value": 1.0,
            "min": 1.0,
            "max": 1.0,
            "count": 22
        },
        "OpenDoor.IsTraining.sum": {
            "value": 1.0,
            "min": 1.0,
            "max": 1.0,
            "count": 22
        }
    },
    "metadata": {
        "timer_format_version": "0.1.0",
        "start_time_seconds": "1685008249",
        "python_version": "3.6.8 (tags/v3.6.8:3c6b436a57, Dec 24 2018, 00:16:47) [MSC v.1916 64 bit (AMD64)]",
        "command_line_arguments": "C:\\Users\\dewei\\Desktop\\IAV23-Chen\\TrabajoIADeweiChen\\V_Env\\Scripts\\mlagents-learn config\\OpenDoor_Imitation.yaml --initialize-from=OD --run-id=OD_Imi2",
        "mlagents_version": "0.26.0",
        "mlagents_envs_version": "0.26.0",
        "communication_protocol_version": "1.5.0",
        "pytorch_version": "1.7.1+cu110",
        "numpy_version": "1.19.5",
        "end_time_seconds": "1685008670"
    },
    "total": 420.31474959999997,
    "count": 1,
    "self": 0.005422299999963798,
    "children": {
        "run_training.setup": {
            "total": 0.0673178,
            "count": 1,
            "self": 0.0673178
        },
        "TrainerController.start_learning": {
            "total": 420.2420095,
            "count": 1,
            "self": 0.2987025000006156,
            "children": {
                "TrainerController._reset_env": {
                    "total": 8.652242399999999,
                    "count": 1,
                    "self": 7.9503406,
                    "children": {
                        "demo_to_buffer": {
                            "total": 0.701901799999999,
                            "count": 2,
                            "self": 6.700000000048334e-05,
                            "children": {
                                "load_demonstration": {
                                    "total": 0.007478299999998939,
                                    "count": 2,
                                    "self": 0.0073342999999983505,
                                    "children": {
                                        "read_file": {
                                            "total": 0.0001440000000005881,
                                            "count": 2,
                                            "self": 0.0001440000000005881
                                        }
                                    }
                                },
                                "make_demo_buffer": {
                                    "total": 0.6943564999999996,
                                    "count": 2,
                                    "self": 0.14424990000006854,
                                    "children": {
                                        "steps_from_proto": {
                                            "total": 0.5501065999999311,
                                            "count": 4764,
                                            "self": 0.3835114999997753,
                                            "children": {
                                                "_process_rank_one_or_two_observation": {
                                                    "total": 0.16659510000015576,
                                                    "count": 9528,
                                                    "self": 0.16659510000015576
                                                }
                                            }
                                        }
                                    }
                                }
                            }
                        }
                    }
                },
                "TrainerController.advance": {
                    "total": 411.1974196999994,
                    "count": 19109,
                    "self": 0.312807799996051,
                    "children": {
                        "env_step": {
                            "total": 166.98583890000015,
                            "count": 19109,
                            "self": 110.56786169999958,
                            "children": {
                                "SubprocessEnvManager._take_step": {
                                    "total": 56.24209849999713,
                                    "count": 19109,
                                    "self": 0.8411056999929372,
                                    "children": {
                                        "TorchPolicy.evaluate": {
                                            "total": 55.40099280000419,
                                            "count": 16723,
                                            "self": 22.127832100002905,
                                            "children": {
                                                "TorchPolicy.sample_actions": {
                                                    "total": 33.273160700001284,
                                                    "count": 16723,
                                                    "self": 33.273160700001284
                                                }
                                            }
                                        }
                                    }
                                },
                                "workers": {
                                    "total": 0.17587870000342853,
                                    "count": 19109,
                                    "self": 0.0,
                                    "children": {
                                        "worker_root": {
                                            "total": 412.7531130999984,
                                            "count": 19109,
                                            "is_parallel": true,
                                            "self": 325.329446499999,
                                            "children": {
                                                "steps_from_proto": {
                                                    "total": 0.00049,
                                                    "count": 1,
                                                    "is_parallel": true,
                                                    "self": 0.00021469999999999996,
                                                    "children": {
                                                        "_process_rank_one_or_two_observation": {
                                                            "total": 0.0002753,
                                                            "count": 2,
                                                            "is_parallel": true,
                                                            "self": 0.0002753
                                                        }
                                                    }
                                                },
                                                "UnityEnvironment.step": {
                                                    "total": 87.42317659999942,
                                                    "count": 19109,
                                                    "is_parallel": true,
                                                    "self": 2.0859772000024037,
                                                    "children": {
                                                        "UnityEnvironment._generate_step_input": {
                                                            "total": 4.4595102999968725,
                                                            "count": 19109,
                                                            "is_parallel": true,
                                                            "self": 4.4595102999968725
                                                        },
                                                        "communicator.exchange": {
                                                            "total": 74.16587560000028,
                                                            "count": 19109,
                                                            "is_parallel": true,
                                                            "self": 74.16587560000028
                                                        },
                                                        "steps_from_proto": {
                                                            "total": 6.711813499999861,
                                                            "count": 19109,
                                                            "is_parallel": true,
                                                            "self": 2.846126599995841,
                                                            "children": {
                                                                "_process_rank_one_or_two_observation": {
                                                                    "total": 3.8656869000040204,
                                                                    "count": 38218,
                                                                    "is_parallel": true,
                                                                    "self": 3.8656869000040204
                                                                }
                                                            }
                                                        }
                                                    }
                                                }
                                            }
                                        }
                                    }
                                }
                            }
                        },
                        "trainer_advance": {
                            "total": 243.8987730000032,
                            "count": 19109,
                            "self": 0.60968210000064,
                            "children": {
                                "process_trajectory": {
                                    "total": 45.479298300002284,
                                    "count": 19109,
                                    "self": 45.479298300002284
                                },
                                "_update_policy": {
                                    "total": 197.80979260000026,
                                    "count": 413,
                                    "self": 96.09091009999918,
                                    "children": {
                                        "TorchPPOOptimizer.update": {
                                            "total": 91.81498000000111,
                                            "count": 5045,
                                            "self": 91.81498000000111
                                        },
                                        "TorchPolicy.sample_actions": {
                                            "total": 9.903902499999976,
                                            "count": 4944,
                                            "self": 9.903902499999976
                                        }
                                    }
                                }
                            }
                        }
                    }
                },
                "trainer_threads": {
                    "total": 9.000000318337698e-07,
                    "count": 1,
                    "self": 9.000000318337698e-07
                },
                "TrainerController._save_models": {
                    "total": 0.09364399999998341,
                    "count": 1,
                    "self": 0.008487099999967995,
                    "children": {
                        "RLTrainer._checkpoint": {
                            "total": 0.08515690000001541,
                            "count": 1,
                            "self": 0.08515690000001541
                        }
                    }
                }
            }
        }
    }
}