{
    "OpenDoor": {
        "checkpoints": [
            {
                "steps": 450799,
                "file_path": "results\\OD_Imi2\\OpenDoor\\OpenDoor-450799.onnx",
                "reward": null,
                "creation_time": 1685008670.2699835,
                "auxillary_file_paths": [
                    "results\\OD_Imi2\\OpenDoor\\OpenDoor-450799.pt"
                ]
            }
        ],
        "final_checkpoint": {
            "steps": 450799,
            "file_path": "results\\OD_Imi2\\OpenDoor.onnx",
            "reward": null,
            "creation_time": 1685008670.2699835,
            "auxillary_file_paths": [
                "results\\OD_Imi2\\OpenDoor\\OpenDoor-450799.pt"
            ]
        }
    },
    "metadata": {
        "stats_format_version": "0.3.0",
        "mlagents_version": "0.26.0",
        "torch_version": "1.7.1+cu110"
    }
}