{
    "name": "root",
    "metadata": {
        "timer_format_version": "0.1.0",
        "start_time_seconds": "1684524345",
        "python_version": "3.6.8 (tags/v3.6.8:3c6b436a57, Dec 24 2018, 00:16:47) [MSC v.1916 64 bit (AMD64)]",
        "command_line_arguments": "C:\\Users\\dewei\\Desktop\\IAV23-Chen\\TrabajoIADeweiChen\\V_Env\\Scripts\\mlagents-learn config/moveToPoint.yaml --run-id=MultiTrainingRamdon3",
        "mlagents_version": "0.26.0",
        "mlagents_envs_version": "0.26.0",
        "communication_protocol_version": "1.5.0",
        "pytorch_version": "1.7.1+cu110",
        "numpy_version": "1.19.5",
        "end_time_seconds": "1684524365"
    },
    "total": 19.731095999999997,
    "count": 1,
    "self": 0.004512599999998201,
    "children": {
        "run_training.setup": {
            "total": 0.066508,
            "count": 1,
            "self": 0.066508
        },
        "TrainerController.start_learning": {
            "total": 19.6600754,
            "count": 1,
            "self": 0.004148999999994629,
            "children": {
                "TrainerController._reset_env": {
                    "total": 5.9848524,
                    "count": 1,
                    "self": 5.9848524
                },
                "TrainerController.advance": {
                    "total": 13.598916900000008,
                    "count": 262,
                    "self": 0.003950700000034502,
                    "children": {
                        "env_step": {
                            "total": 2.3500150999999825,
                            "count": 262,
                            "self": 1.6546861999999711,
                            "children": {
                                "SubprocessEnvManager._take_step": {
                                    "total": 0.6930712000000003,
                                    "count": 262,
                                    "self": 0.013630499999994328,
                                    "children": {
                                        "TorchPolicy.evaluate": {
                                            "total": 0.679440700000006,
                                            "count": 257,
                                            "self": 0.1704619000000287,
                                            "children": {
                                                "TorchPolicy.sample_actions": {
                                                    "total": 0.5089787999999773,
                                                    "count": 257,
                                                    "self": 0.5089787999999773
                                                }
                                            }
                                        }
                                    }
                                },
                                "workers": {
                                    "total": 0.0022577000000110203,
                                    "count": 261,
                                    "self": 0.0,
                                    "children": {
                                        "worker_root": {
                                            "total": 12.143951600000005,
                                            "count": 261,
                                            "is_parallel": true,
                                            "self": 10.806882999999992,
                                            "children": {
                                                "steps_from_proto": {
                                                    "total": 0.000359,
                                                    "count": 1,
                                                    "is_parallel": true,
                                                    "self": 0.00011040000000000003,
                                                    "children": {
                                                        "_process_rank_one_or_two_observation": {
                                                            "total": 0.00024859999999999997,
                                                            "count": 2,
                                                            "is_parallel": true,
                                                            "self": 0.00024859999999999997
                                                        }
                                                    }
                                                },
                                                "UnityEnvironment.step": {
                                                    "total": 1.3367096000000127,
                                                    "count": 261,
                                                    "is_parallel": true,
                                                    "self": 0.028590200000002675,
                                                    "children": {
                                                        "UnityEnvironment._generate_step_input": {
                                                            "total": 0.05849310000000352,
                                                            "count": 261,
                                                            "is_parallel": true,
                                                            "self": 0.05849310000000352
                                                        },
                                                        "communicator.exchange": {
                                                            "total": 1.1720391000000074,
                                                            "count": 261,
                                                            "is_parallel": true,
                                                            "self": 1.1720391000000074
                                                        },
                                                        "steps_from_proto": {
                                                            "total": 0.07758719999999908,
                                                            "count": 261,
                                                            "is_parallel": true,
                                                            "self": 0.02432299999999943,
                                                            "children": {
                                                                "_process_rank_one_or_two_observation": {
                                                                    "total": 0.05326419999999965,
                                                                    "count": 522,
                                                                    "is_parallel": true,
                                                                    "self": 0.05326419999999965
                                                                }
                                                            }
                                                        }
                                                    }
                                                }
                                            }
                                        }
                                    }
                                }
                            }
                        },
                        "trainer_advance": {
                            "total": 11.24495109999999,
                            "count": 261,
                            "self": 0.00497919999999219,
                            "children": {
                                "process_trajectory": {
                                    "total": 0.32101529999999734,
                                    "count": 261,
                                    "self": 0.32101529999999734
                                },
                                "_update_policy": {
                                    "total": 10.918956600000001,
                                    "count": 7,
                                    "self": 0.8388612000000002,
                                    "children": {
                                        "TorchPPOOptimizer.update": {
                                            "total": 10.080095400000001,
                                            "count": 1806,
                                            "self": 10.080095400000001
                                        }
                                    }
                                }
                            }
                        }
                    }
                },
                "trainer_threads": {
                    "total": 1.0999999986438525e-06,
                    "count": 1,
                    "self": 1.0999999986438525e-06
                },
                "TrainerController._save_models": {
                    "total": 0.07215599999999966,
                    "count": 1,
                    "self": 0.006982699999998232,
                    "children": {
                        "RLTrainer._checkpoint": {
                            "total": 0.06517330000000143,
                            "count": 1,
                            "self": 0.06517330000000143
                        }
                    }
                }
            }
        }
    }
}