{
    "name": "root",
    "gauges": {
        "OpenDoor.Policy.Entropy.mean": {
            "value": 0.8915504217147827,
            "min": 0.8662589192390442,
            "max": 2.1254544258117676,
            "count": 25
        },
        "OpenDoor.Policy.Entropy.sum": {
            "value": 17813.177734375,
            "min": 17307.853515625,
            "max": 45450.71875,
            "count": 25
        },
        "OpenDoor.Step.mean": {
            "value": 499964.0,
            "min": 19976.0,
            "max": 499964.0,
            "count": 25
        },
        "OpenDoor.Step.sum": {
            "value": 499964.0,
            "min": 19976.0,
            "max": 499964.0,
            "count": 25
        },
        "OpenDoor.Policy.ExtrinsicValueEstimate.mean": {
            "value": 1.062147855758667,
            "min": 0.051319658756256104,
            "max": 1.0633001327514648,
            "count": 25
        },
        "OpenDoor.Policy.ExtrinsicValueEstimate.sum": {
            "value": 434.4184875488281,
            "min": 19.706748962402344,
            "max": 435.95306396484375,
            "count": 25
        },
        "OpenDoor.Losses.PolicyLoss.mean": {
            "value": 0.04065191213311138,
            "min": 0.038782990972609496,
            "max": 0.052330235295161655,
            "count": 25
        },
        "OpenDoor.Losses.PolicyLoss.sum": {
            "value": 0.7723863305291162,
            "min": 0.47084326516201214,
            "max": 0.8892882525688038,
            "count": 25
        },
        "OpenDoor.Losses.ValueLoss.mean": {
            "value": 0.0021222697314602045,
            "min": 8.708422965988801e-05,
            "max": 0.029934473729463604,
            "count": 25
        },
        "OpenDoor.Losses.ValueLoss.sum": {
            "value": 0.04032312489774389,
            "min": 0.0009579265262587681,
            "max": 0.3765088612991681,
            "count": 25
        },
        "OpenDoor.Policy.LearningRate.mean": {
            "value": 5.838508580178949e-06,
            "min": 5.838508580178949e-06,
            "max": 0.00029360247485978177,
            "count": 25
        },
        "OpenDoor.Policy.LearningRate.sum": {
            "value": 0.00011093166302340003,
            "min": 0.00011093166302340003,
            "max": 0.0032296272234575993,
            "count": 25
        },
        "OpenDoor.Policy.Epsilon.mean": {
            "value": 0.10194613684210527,
            "min": 0.10194613684210527,
            "max": 0.19786749090909092,
            "count": 25
        },
        "OpenDoor.Policy.Epsilon.sum": {
            "value": 1.9369766000000002,
            "min": 1.737061,
            "max": 2.8482468000000005,
            "count": 25
        },
        "OpenDoor.Policy.Beta.mean": {
            "value": 1.953607052631579e-05,
            "min": 1.953607052631579e-05,
            "max": 0.0004895507054545454,
            "count": 25
        },
        "OpenDoor.Policy.Beta.sum": {
            "value": 0.00037118534,
            "min": 0.00037118534,
            "max": 0.005385057759999999,
            "count": 25
        },
        "OpenDoor.Environment.EpisodeLength.mean": {
            "value": 47.87530562347188,
            "min": 47.821951219512194,
            "max": 199.0,
            "count": 25
        },
        "OpenDoor.Environment.EpisodeLength.sum": {
            "value": 19581.0,
            "min": 16119.0,
            "max": 22821.0,
            "count": 25
        },
        "OpenDoor.Environment.CumulativeReward.mean": {
            "value": 2.0,
            "min": 0.654320987654321,
            "max": 2.0,
            "count": 25
        },
        "OpenDoor.Environment.CumulativeReward.sum": {
            "value": 818.0,
            "min": 53.0,
            "max": 820.0,
            "count": 25
        },
        "OpenDoor.Policy.ExtrinsicReward.mean": {
            "value": 2.0,
            "min": 0.654320987654321,
            "max": 2.0,
            "count": 25
        },
        "OpenDoor.Policy.ExtrinsicReward.sum": {
            "value": 818.0,
            "min": 53.0,
            "max": 820.0,
            "count": 25
        },
        "OpenDoor.IsTraining.mean": {
            "value": 1.0,
            "min": 1.0,
            "max": 1.0,
            "count": 25
        },
        "OpenDoor.IsTraining.sum": {
            "value": 1.0,
            "min": 1.0,
            "max": 1.0,
            "count": 25
        }
    },
    "metadata": {
        "timer_format_version": "0.1.0",
        "start_time_seconds": "1684687995",
        "python_version": "3.6.8 (tags/v3.6.8:3c6b436a57, Dec 24 2018, 00:16:47) [MSC v.1916 64 bit (AMD64)]",
        "command_line_arguments": "C:\\Users\\dewei\\Desktop\\IAV23-Chen\\TrabajoIADeweiChen\\V_Env\\Scripts\\mlagents-learn config/OpenDoor.yaml --run-id=OpenDoor2",
        "mlagents_version": "0.26.0",
        "mlagents_envs_version": "0.26.0",
        "communication_protocol_version": "1.5.0",
        "pytorch_version": "1.7.1+cu110",
        "numpy_version": "1.19.5",
        "end_time_seconds": "1684688335"
    },
    "total": 340.89131879999996,
    "count": 1,
    "self": 0.006153499999982159,
    "children": {
        "run_training.setup": {
            "total": 0.06844439999999999,
            "count": 1,
            "self": 0.06844439999999999
        },
        "TrainerController.start_learning": {
            "total": 340.8167209,
            "count": 1,
            "self": 0.3525201999976275,
            "children": {
                "TrainerController._reset_env": {
                    "total": 11.3971471,
                    "count": 1,
                    "self": 11.3971471
                },
                "TrainerController.advance": {
                    "total": 329.0105727000024,
                    "count": 21482,
                    "self": 0.3400582999973949,
                    "children": {
                        "env_step": {
                            "total": 177.78904190000264,
                            "count": 21482,
                            "self": 109.16636889999901,
                            "children": {
                                "SubprocessEnvManager._take_step": {
                                    "total": 68.41626040000361,
                                    "count": 21482,
                                    "self": 0.9982151000015165,
                                    "children": {
                                        "TorchPolicy.evaluate": {
                                            "total": 67.41804530000209,
                                            "count": 18542,
                                            "self": 26.295886100004438,
                                            "children": {
                                                "TorchPolicy.sample_actions": {
                                                    "total": 41.122159199997654,
                                                    "count": 18542,
                                                    "self": 41.122159199997654
                                                }
                                            }
                                        }
                                    }
                                },
                                "workers": {
                                    "total": 0.20641260000001438,
                                    "count": 21482,
                                    "self": 0.0,
                                    "children": {
                                        "worker_root": {
                                            "total": 329.87382979999967,
                                            "count": 21482,
                                            "is_parallel": true,
                                            "self": 247.78497350000234,
                                            "children": {
                                                "steps_from_proto": {
                                                    "total": 0.0004521,
                                                    "count": 1,
                                                    "is_parallel": true,
                                                    "self": 0.00019229999999999996,
                                                    "children": {
                                                        "_process_rank_one_or_two_observation": {
                                                            "total": 0.0002598,
                                                            "count": 2,
                                                            "is_parallel": true,
                                                            "self": 0.0002598
                                                        }
                                                    }
                                                },
                                                "UnityEnvironment.step": {
                                                    "total": 82.08840419999733,
                                                    "count": 21482,
                                                    "is_parallel": true,
                                                    "self": 2.5069368999971573,
                                                    "children": {
                                                        "UnityEnvironment._generate_step_input": {
                                                            "total": 4.9274258000000986,
                                                            "count": 21482,
                                                            "is_parallel": true,
                                                            "self": 4.9274258000000986
                                                        },
                                                        "communicator.exchange": {
                                                            "total": 66.86291669999903,
                                                            "count": 21482,
                                                            "is_parallel": true,
                                                            "self": 66.86291669999903
                                                        },
                                                        "steps_from_proto": {
                                                            "total": 7.7911248000010485,
                                                            "count": 21482,
                                                            "is_parallel": true,
                                                            "self": 3.2806193000010264,
                                                            "children": {
                                                                "_process_rank_one_or_two_observation": {
                                                                    "total": 4.510505500000022,
                                                                    "count": 42964,
                                                                    "is_parallel": true,
                                                                    "self": 4.510505500000022
                                                                }
                                                            }
                                                        }
                                                    }
                                                }
                                            }
                                        }
                                    }
                                }
                            }
                        },
                        "trainer_advance": {
                            "total": 150.88147250000233,
                            "count": 21482,
                            "self": 0.6272550000035437,
                            "children": {
                                "process_trajectory": {
                                    "total": 38.3941518999993,
                                    "count": 21482,
                                    "self": 38.327954999999335,
                                    "children": {
                                        "RLTrainer._checkpoint": {
                                            "total": 0.06619689999996581,
                                            "count": 1,
                                            "self": 0.06619689999996581
                                        }
                                    }
                                },
                                "_update_policy": {
                                    "total": 111.86006559999949,
                                    "count": 387,
                                    "self": 60.867216699999254,
                                    "children": {
                                        "TorchPPOOptimizer.update": {
                                            "total": 50.99284890000023,
                                            "count": 5520,
                                            "self": 50.99284890000023
                                        }
                                    }
                                }
                            }
                        }
                    }
                },
                "trainer_threads": {
                    "total": 6.999999868639861e-07,
                    "count": 1,
                    "self": 6.999999868639861e-07
                },
                "TrainerController._save_models": {
                    "total": 0.05648020000000997,
                    "count": 1,
                    "self": 0.006160899999997582,
                    "children": {
                        "RLTrainer._checkpoint": {
                            "total": 0.05031930000001239,
                            "count": 1,
                            "self": 0.05031930000001239
                        }
                    }
                }
            }
        }
    }
}