{
    "OpenDoor": {
        "checkpoints": [
            {
                "steps": 499964,
                "file_path": "results\\OpenDoor2\\OpenDoor\\OpenDoor-499964.onnx",
                "reward": 2.0,
                "creation_time": 1684688335.9051616,
                "auxillary_file_paths": [
                    "results\\OpenDoor2\\OpenDoor\\OpenDoor-499964.pt"
                ]
            },
            {
                "steps": 500012,
                "file_path": "results\\OpenDoor2\\OpenDoor\\OpenDoor-500012.onnx",
                "reward": 2.0,
                "creation_time": 1684688335.9580207,
                "auxillary_file_paths": [
                    "results\\OpenDoor2\\OpenDoor\\OpenDoor-500012.pt"
                ]
            }
        ],
        "final_checkpoint": {
            "steps": 500012,
            "file_path": "results\\OpenDoor2\\OpenDoor.onnx",
            "reward": 2.0,
            "creation_time": 1684688335.9580207,
            "auxillary_file_paths": [
                "results\\OpenDoor2\\OpenDoor\\OpenDoor-500012.pt"
            ]
        }
    },
    "metadata": {
        "stats_format_version": "0.3.0",
        "mlagents_version": "0.26.0",
        "torch_version": "1.7.1+cu110"
    }
}