{
    "name": "root",
    "gauges": {
        "OpenDoor.Policy.Entropy.mean": {
            "value": 0.8137723803520203,
            "min": 0.8137723803520203,
            "max": 2.1374006271362305,
            "count": 10
        },
        "OpenDoor.Policy.Entropy.sum": {
            "value": 16171.28515625,
            "min": 16171.28515625,
            "max": 45706.17578125,
            "count": 10
        },
        "OpenDoor.Step.mean": {
            "value": 199992.0,
            "min": 19976.0,
            "max": 199992.0,
            "count": 10
        },
        "OpenDoor.Step.sum": {
            "value": 199992.0,
            "min": 19976.0,
            "max": 199992.0,
            "count": 10
        },
        "OpenDoor.Policy.ExtrinsicValueEstimate.mean": {
            "value": 0.04218478128314018,
            "min": 0.04218478128314018,
            "max": 0.15820281207561493,
            "count": 10
        },
        "OpenDoor.Policy.ExtrinsicValueEstimate.sum": {
            "value": 17.169206619262695,
            "min": 17.169206619262695,
            "max": 60.5916748046875,
            "count": 10
        },
        "OpenDoor.Losses.PolicyLoss.mean": {
            "value": 0.04035669180039117,
            "min": 0.040255879036528504,
            "max": 0.0486602092492374,
            "count": 10
        },
        "OpenDoor.Losses.PolicyLoss.sum": {
            "value": 0.4439236098043029,
            "min": 0.4428146694018136,
            "max": 0.5604707587303387,
            "count": 10
        },
        "OpenDoor.Losses.ValueLoss.mean": {
            "value": 6.823434955063346e-05,
            "min": 6.823434955063346e-05,
            "max": 0.01812117626422863,
            "count": 10
        },
        "OpenDoor.Losses.ValueLoss.sum": {
            "value": 0.0007505778450569681,
            "min": 0.0007505778450569681,
            "max": 0.19933293890651493,
            "count": 10
        },
        "OpenDoor.Policy.LearningRate.mean": {
            "value": 0.0001856103654026182,
            "min": 0.0001856103654026182,
            "max": 0.00029360247485978177,
            "count": 10
        },
        "OpenDoor.Policy.LearningRate.sum": {
            "value": 0.0020417140194288,
            "min": 0.0020417140194288,
            "max": 0.0032296272234575993,
            "count": 10
        },
        "OpenDoor.Policy.Epsilon.mean": {
            "value": 0.16187010909090907,
            "min": 0.16187010909090907,
            "max": 0.19786749090909092,
            "count": 10
        },
        "OpenDoor.Policy.Epsilon.sum": {
            "value": 1.7805711999999998,
            "min": 1.7805711999999998,
            "max": 2.1765424,
            "count": 10
        },
        "OpenDoor.Policy.Beta.mean": {
            "value": 0.00031316353454545454,
            "min": 0.00031316353454545454,
            "max": 0.0004895507054545454,
            "count": 10
        },
        "OpenDoor.Policy.Beta.sum": {
            "value": 0.0034447988799999997,
            "min": 0.0034447988799999997,
            "max": 0.005385057759999999,
            "count": 10
        },
        "OpenDoor.Environment.EpisodeLength.mean": {
            "value": 199.0,
            "min": 199.0,
            "max": 199.0,
            "count": 10
        },
        "OpenDoor.Environment.EpisodeLength.sum": {
            "value": 21492.0,
            "min": 16119.0,
            "max": 21492.0,
            "count": 10
        },
        "OpenDoor.Environment.CumulativeReward.mean": {
            "value": 1.0,
            "min": 0.7407407407407407,
            "max": 1.0,
            "count": 10
        },
        "OpenDoor.Environment.CumulativeReward.sum": {
            "value": 108.0,
            "min": 60.0,
            "max": 108.0,
            "count": 10
        },
        "OpenDoor.Policy.ExtrinsicReward.mean": {
            "value": 1.0,
            "min": 0.7407407407407407,
            "max": 1.0,
            "count": 10
        },
        "OpenDoor.Policy.ExtrinsicReward.sum": {
            "value": 108.0,
            "min": 60.0,
            "max": 108.0,
            "count": 10
        },
        "OpenDoor.IsTraining.mean": {
            "value": 1.0,
            "min": 1.0,
            "max": 1.0,
            "count": 10
        },
        "OpenDoor.IsTraining.sum": {
            "value": 1.0,
            "min": 1.0,
            "max": 1.0,
            "count": 10
        }
    },
    "metadata": {
        "timer_format_version": "0.1.0",
        "start_time_seconds": "1685006850",
        "python_version": "3.6.8 (tags/v3.6.8:3c6b436a57, Dec 24 2018, 00:16:47) [MSC v.1916 64 bit (AMD64)]",
        "command_line_arguments": "C:\\Users\\dewei\\Desktop\\IAV23-Chen\\TrabajoIADeweiChen\\V_Env\\Scripts\\mlagents-learn config\\OpenDoor.yaml --run-id=O --force",
        "mlagents_version": "0.26.0",
        "mlagents_envs_version": "0.26.0",
        "communication_protocol_version": "1.5.0",
        "pytorch_version": "1.7.1+cu110",
        "numpy_version": "1.19.5",
        "end_time_seconds": "1685006981"
    },
    "total": 131.81936770000002,
    "count": 1,
    "self": 0.004110600000018394,
    "children": {
        "run_training.setup": {
            "total": 0.0683884,
            "count": 1,
            "self": 0.0683884
        },
        "TrainerController.start_learning": {
            "total": 131.7468687,
            "count": 1,
            "self": 0.1168604999995182,
            "children": {
                "TrainerController._reset_env": {
                    "total": 7.3826504,
                    "count": 1,
                    "self": 7.3826504
                },
                "TrainerController.advance": {
                    "total": 124.15523650000048,
                    "count": 7694,
                    "self": 0.12253140000095186,
                    "children": {
                        "env_step": {
                            "total": 67.95786570000013,
                            "count": 7694,
                            "self": 42.00194379999917,
                            "children": {
                                "SubprocessEnvManager._take_step": {
                                    "total": 25.885704700000517,
                                    "count": 7694,
                                    "self": 0.3860783000005412,
                                    "children": {
                                        "TorchPolicy.evaluate": {
                                            "total": 25.499626399999975,
                                            "count": 7694,
                                            "self": 10.14211240000073,
                                            "children": {
                                                "TorchPolicy.sample_actions": {
                                                    "total": 15.357513999999245,
                                                    "count": 7694,
                                                    "self": 15.357513999999245
                                                }
                                            }
                                        }
                                    }
                                },
                                "workers": {
                                    "total": 0.07021720000044684,
                                    "count": 7693,
                                    "self": 0.0,
                                    "children": {
                                        "worker_root": {
                                            "total": 125.08413880000047,
                                            "count": 7693,
                                            "is_parallel": true,
                                            "self": 93.12354200000011,
                                            "children": {
                                                "steps_from_proto": {
                                                    "total": 0.00047099999999999996,
                                                    "count": 1,
                                                    "is_parallel": true,
                                                    "self": 0.00020179999999999997,
                                                    "children": {
                                                        "_process_rank_one_or_two_observation": {
                                                            "total": 0.0002692,
                                                            "count": 2,
                                                            "is_parallel": true,
                                                            "self": 0.0002692
                                                        }
                                                    }
                                                },
                                                "UnityEnvironment.step": {
                                                    "total": 31.960125800000355,
                                                    "count": 7693,
                                                    "is_parallel": true,
                                                    "self": 0.9178933999994108,
                                                    "children": {
                                                        "UnityEnvironment._generate_step_input": {
                                                            "total": 1.9869984000003331,
                                                            "count": 7693,
                                                            "is_parallel": true,
                                                            "self": 1.9869984000003331
                                                        },
                                                        "communicator.exchange": {
                                                            "total": 26.085080400000443,
                                                            "count": 7693,
                                                            "is_parallel": true,
                                                            "self": 26.085080400000443
                                                        },
                                                        "steps_from_proto": {
                                                            "total": 2.9701536000001694,
                                                            "count": 7693,
                                                            "is_parallel": true,
                                                            "self": 1.2439783000002673,
                                                            "children": {
                                                                "_process_rank_one_or_two_observation": {
                                                                    "total": 1.726175299999902,
                                                                    "count": 15386,
                                                                    "is_parallel": true,
                                                                    "self": 1.726175299999902
                                                                }
                                                            }
                                                        }
                                                    }
                                                }
                                            }
                                        }
                                    }
                                }
                            }
                        },
                        "trainer_advance": {
                            "total": 56.0748393999994,
                            "count": 7693,
                            "self": 0.15901399999943067,
                            "children": {
                                "process_trajectory": {
                                    "total": 13.549298799999958,
                                    "count": 7693,
                                    "self": 13.549298799999958
                                },
                                "_update_policy": {
                                    "total": 42.36652660000001,
                                    "count": 115,
                                    "self": 24.371643199999987,
                                    "children": {
                                        "TorchPPOOptimizer.update": {
                                            "total": 17.99488340000002,
                                            "count": 2184,
                                            "self": 17.99488340000002
                                        }
                                    }
                                }
                            }
                        }
                    }
                },
                "trainer_threads": {
                    "total": 9.999999974752427e-07,
                    "count": 1,
                    "self": 9.999999974752427e-07
                },
                "TrainerController._save_models": {
                    "total": 0.09212030000000482,
                    "count": 1,
                    "self": 0.004646900000011556,
                    "children": {
                        "RLTrainer._checkpoint": {
                            "total": 0.08747339999999326,
                            "count": 1,
                            "self": 0.08747339999999326
                        }
                    }
                }
            }
        }
    }
}