{
    "OpenDoor": {
        "checkpoints": [
            {
                "steps": 206928,
                "file_path": "results\\O\\OpenDoor\\OpenDoor-206928.onnx",
                "reward": null,
                "creation_time": 1685006981.9381518,
                "auxillary_file_paths": [
                    "results\\O\\OpenDoor\\OpenDoor-206928.pt"
                ]
            }
        ],
        "final_checkpoint": {
            "steps": 206928,
            "file_path": "results\\O\\OpenDoor.onnx",
            "reward": null,
            "creation_time": 1685006981.9381518,
            "auxillary_file_paths": [
                "results\\O\\OpenDoor\\OpenDoor-206928.pt"
            ]
        }
    },
    "metadata": {
        "stats_format_version": "0.3.0",
        "mlagents_version": "0.26.0",
        "torch_version": "1.7.1+cu110"
    }
}