{
    "name": "root",
    "gauges": {
        "MoveToPoint.Policy.Entropy.mean": {
            "value": 1.419060230255127,
            "min": 1.4185640811920166,
            "max": 1.419079065322876,
            "count": 50
        },
        "MoveToPoint.Policy.Entropy.sum": {
            "value": 14138.09765625,
            "min": 13600.6337890625,
            "max": 15324.5341796875,
            "count": 50
        },
        "MoveToPoint.Environment.EpisodeLength.mean": {
            "value": 1050.6666666666667,
            "min": 117.55737704918033,
            "max": 1637.8333333333333,
            "count": 50
        },
        "MoveToPoint.Environment.EpisodeLength.sum": {
            "value": 12608.0,
            "min": 4644.0,
            "max": 19653.0,
            "count": 50
        },
        "MoveToPoint.Step.mean": {
            "value": 499959.0,
            "min": 9984.0,
            "max": 499959.0,
            "count": 50
        },
        "MoveToPoint.Step.sum": {
            "value": 499959.0,
            "min": 9984.0,
            "max": 499959.0,
            "count": 50
        },
        "MoveToPoint.Policy.ExtrinsicValueEstimate.mean": {
            "value": -0.0998404249548912,
            "min": -1.04045569896698,
            "max": 0.13527144491672516,
            "count": 50
        },
        "MoveToPoint.Policy.ExtrinsicValueEstimate.sum": {
            "value": -16.273988723754883,
            "min": -167.51336669921875,
            "max": 21.91397476196289,
            "count": 50
        },
        "MoveToPoint.Policy.GailValueEstimate.mean": {
            "value": 9.577392578125,
            "min": -0.44919174909591675,
            "max": 9.786382675170898,
            "count": 50
        },
        "MoveToPoint.Policy.GailValueEstimate.sum": {
            "value": 1561.114990234375,
            "min": -84.44805145263672,
            "max": 1595.180419921875,
            "count": 50
        },
        "MoveToPoint.Environment.CumulativeReward.mean": {
            "value": -0.08333333333333333,
            "min": -0.9574468085106383,
            "max": 1.0,
            "count": 50
        },
        "MoveToPoint.Environment.CumulativeReward.sum": {
            "value": -1.0,
            "min": -55.0,
            "max": 13.0,
            "count": 50
        },
        "MoveToPoint.Policy.ExtrinsicReward.mean": {
            "value": -0.08333333333333333,
            "min": -0.9574468085106383,
            "max": 1.0,
            "count": 50
        },
        "MoveToPoint.Policy.ExtrinsicReward.sum": {
            "value": -1.0,
            "min": -55.0,
            "max": 13.0,
            "count": 50
        },
        "MoveToPoint.Policy.GailReward.mean": {
            "value": 123.37034908433755,
            "min": 17.216866203996002,
            "max": 210.8081152588129,
            "count": 50
        },
        "MoveToPoint.Policy.GailReward.sum": {
            "value": 1480.4441890120506,
            "min": 512.7697737365961,
            "max": 2154.102207750082,
            "count": 50
        },
        "MoveToPoint.IsTraining.mean": {
            "value": 1.0,
            "min": 1.0,
            "max": 1.0,
            "count": 50
        },
        "MoveToPoint.IsTraining.sum": {
            "value": 1.0,
            "min": 1.0,
            "max": 1.0,
            "count": 50
        },
        "MoveToPoint.Losses.PolicyLoss.mean": {
            "value": 0.025148404993559803,
            "min": 0.02383590578829171,
            "max": 0.027720378937313703,
            "count": 12
        },
        "MoveToPoint.Losses.PolicyLoss.sum": {
            "value": 0.025148404993559803,
            "min": 0.02383590578829171,
            "max": 0.027720378937313703,
            "count": 12
        },
        "MoveToPoint.Losses.ValueLoss.mean": {
            "value": 2.1133159709170584,
            "min": 1.1608445784909938,
            "max": 3.966855259736379,
            "count": 12
        },
        "MoveToPoint.Losses.ValueLoss.sum": {
            "value": 2.1133159709170584,
            "min": 1.1608445784909938,
            "max": 3.966855259736379,
            "count": 12
        },
        "MoveToPoint.Policy.LearningRate.mean": {
            "value": 4.752384162000005e-07,
            "min": 4.752384162000005e-07,
            "max": 2.7541688194399985e-05,
            "count": 12
        },
        "MoveToPoint.Policy.LearningRate.sum": {
            "value": 4.752384162000005e-07,
            "min": 4.752384162000005e-07,
            "max": 2.7541688194399985e-05,
            "count": 12
        },
        "MoveToPoint.Policy.Epsilon.mean": {
            "value": 0.1015838,
            "min": 0.1015838,
            "max": 0.19180559999999997,
            "count": 12
        },
        "MoveToPoint.Policy.Epsilon.sum": {
            "value": 0.1015838,
            "min": 0.1015838,
            "max": 0.19180559999999997,
            "count": 12
        },
        "MoveToPoint.Policy.Beta.mean": {
            "value": 1.776062000000001e-05,
            "min": 1.776062000000001e-05,
            "max": 0.00045984744000000013,
            "count": 12
        },
        "MoveToPoint.Policy.Beta.sum": {
            "value": 1.776062000000001e-05,
            "min": 1.776062000000001e-05,
            "max": 0.00045984744000000013,
            "count": 12
        },
        "MoveToPoint.Policy.GAILPolicyEstimate.mean": {
            "value": 0.39866397850881746,
            "min": 0.3588997879164006,
            "max": 0.46292920062939324,
            "count": 12
        },
        "MoveToPoint.Policy.GAILPolicyEstimate.sum": {
            "value": 0.39866397850881746,
            "min": 0.3588997879164006,
            "max": 0.46292920062939324,
            "count": 12
        },
        "MoveToPoint.Policy.GAILExpertEstimate.mean": {
            "value": 0.6252614017424545,
            "min": 0.5708412577708563,
            "max": 0.6668545031935219,
            "count": 12
        },
        "MoveToPoint.Policy.GAILExpertEstimate.sum": {
            "value": 0.6252614017424545,
            "min": 0.5708412577708563,
            "max": 0.6668545031935219,
            "count": 12
        },
        "MoveToPoint.Losses.GAILLoss.mean": {
            "value": 1.0521913728093713,
            "min": 0.9041486566628867,
            "max": 1.291384329398473,
            "count": 12
        },
        "MoveToPoint.Losses.GAILLoss.sum": {
            "value": 1.0521913728093713,
            "min": 0.9041486566628867,
            "max": 1.291384329398473,
            "count": 12
        },
        "MoveToPoint.Policy.GAILGradMagLoss.mean": {
            "value": 0.037157010105324954,
            "min": 0.037157010105324954,
            "max": 5.355818189928929,
            "count": 12
        },
        "MoveToPoint.Policy.GAILGradMagLoss.sum": {
            "value": 0.037157010105324954,
            "min": 0.037157010105324954,
            "max": 5.355818189928929,
            "count": 12
        }
    },
    "metadata": {
        "timer_format_version": "0.1.0",
        "start_time_seconds": "1684617780",
        "python_version": "3.6.8 (tags/v3.6.8:3c6b436a57, Dec 24 2018, 00:16:47) [MSC v.1916 64 bit (AMD64)]",
        "command_line_arguments": "C:\\Users\\dewei\\Desktop\\IAV23-Chen\\TrabajoIADeweiChen\\V_Env\\Scripts\\mlagents-learn config/moveToPoint_Imitation.yaml --run-id=Imitation9",
        "mlagents_version": "0.26.0",
        "mlagents_envs_version": "0.26.0",
        "communication_protocol_version": "1.5.0",
        "pytorch_version": "1.7.1+cu110",
        "numpy_version": "1.19.5",
        "end_time_seconds": "1684618072"
    },
    "total": 291.9709726,
    "count": 1,
    "self": 0.006334399999957441,
    "children": {
        "run_training.setup": {
            "total": 0.0698503,
            "count": 1,
            "self": 0.0698503
        },
        "TrainerController.start_learning": {
            "total": 291.89478790000004,
            "count": 1,
            "self": 0.3102256000008765,
            "children": {
                "TrainerController._reset_env": {
                    "total": 7.690546899999999,
                    "count": 1,
                    "self": 7.602539599999999,
                    "children": {
                        "demo_to_buffer": {
                            "total": 0.08800730000000012,
                            "count": 1,
                            "self": 3.080000000021954e-05,
                            "children": {
                                "load_demonstration": {
                                    "total": 0.0013832999999996431,
                                    "count": 1,
                                    "self": 0.0013444999999991936,
                                    "children": {
                                        "read_file": {
                                            "total": 3.8800000000449586e-05,
                                            "count": 1,
                                            "self": 3.8800000000449586e-05
                                        }
                                    }
                                },
                                "make_demo_buffer": {
                                    "total": 0.08659320000000026,
                                    "count": 1,
                                    "self": 0.021516700000002942,
                                    "children": {
                                        "steps_from_proto": {
                                            "total": 0.06507649999999732,
                                            "count": 770,
                                            "self": 0.03912589999999572,
                                            "children": {
                                                "_process_rank_one_or_two_observation": {
                                                    "total": 0.0259506000000016,
                                                    "count": 1540,
                                                    "self": 0.0259506000000016
                                                }
                                            }
                                        }
                                    }
                                }
                            }
                        }
                    }
                },
                "TrainerController.advance": {
                    "total": 283.8496422999992,
                    "count": 19078,
                    "self": 0.3159988999979646,
                    "children": {
                        "env_step": {
                            "total": 124.76366830000006,
                            "count": 19078,
                            "self": 90.59065159999946,
                            "children": {
                                "SubprocessEnvManager._take_step": {
                                    "total": 33.99748269999885,
                                    "count": 19078,
                                    "self": 0.9863328999958156,
                                    "children": {
                                        "TorchPolicy.evaluate": {
                                            "total": 33.01114980000303,
                                            "count": 18545,
                                            "self": 19.44966620000467,
                                            "children": {
                                                "TorchPolicy.sample_actions": {
                                                    "total": 13.561483599998361,
                                                    "count": 18545,
                                                    "self": 13.561483599998361
                                                }
                                            }
                                        }
                                    }
                                },
                                "workers": {
                                    "total": 0.17553400000176111,
                                    "count": 19078,
                                    "self": 0.0,
                                    "children": {
                                        "worker_root": {
                                            "total": 284.84119440000154,
                                            "count": 19078,
                                            "is_parallel": true,
                                            "self": 218.42962400000152,
                                            "children": {
                                                "steps_from_proto": {
                                                    "total": 0.0003846,
                                                    "count": 1,
                                                    "is_parallel": true,
                                                    "self": 0.00011710000000000003,
                                                    "children": {
                                                        "_process_rank_one_or_two_observation": {
                                                            "total": 0.0002675,
                                                            "count": 2,
                                                            "is_parallel": true,
                                                            "self": 0.0002675
                                                        }
                                                    }
                                                },
                                                "UnityEnvironment.step": {
                                                    "total": 66.4111858,
                                                    "count": 19078,
                                                    "is_parallel": true,
                                                    "self": 2.226282400000727,
                                                    "children": {
                                                        "UnityEnvironment._generate_step_input": {
                                                            "total": 4.716295599998794,
                                                            "count": 19078,
                                                            "is_parallel": true,
                                                            "self": 4.716295599998794
                                                        },
                                                        "communicator.exchange": {
                                                            "total": 53.366317200001866,
                                                            "count": 19078,
                                                            "is_parallel": true,
                                                            "self": 53.366317200001866
                                                        },
                                                        "steps_from_proto": {
                                                            "total": 6.102290599998606,
                                                            "count": 19078,
                                                            "is_parallel": true,
                                                            "self": 1.8492089999947785,
                                                            "children": {
                                                                "_process_rank_one_or_two_observation": {
                                                                    "total": 4.253081600003828,
                                                                    "count": 38156,
                                                                    "is_parallel": true,
                                                                    "self": 4.253081600003828
                                                                }
                                                            }
                                                        }
                                                    }
                                                }
                                            }
                                        }
                                    }
                                }
                            }
                        },
                        "trainer_advance": {
                            "total": 158.76997510000112,
                            "count": 19078,
                            "self": 0.48863870000062093,
                            "children": {
                                "process_trajectory": {
                                    "total": 45.18159730000045,
                                    "count": 19078,
                                    "self": 45.13157730000043,
                                    "children": {
                                        "RLTrainer._checkpoint": {
                                            "total": 0.05002000000001772,
                                            "count": 1,
                                            "self": 0.05002000000001772
                                        }
                                    }
                                },
                                "_update_policy": {
                                    "total": 113.09973910000004,
                                    "count": 12,
                                    "self": 69.43431399999986,
                                    "children": {
                                        "TorchPPOOptimizer.update": {
                                            "total": 43.66542510000018,
                                            "count": 1458,
                                            "self": 43.66542510000018
                                        }
                                    }
                                }
                            }
                        }
                    }
                },
                "trainer_threads": {
                    "total": 6.999999868639861e-07,
                    "count": 1,
                    "self": 6.999999868639861e-07
                },
                "TrainerController._save_models": {
                    "total": 0.0443723999999861,
                    "count": 1,
                    "self": 0.007752899999957208,
                    "children": {
                        "RLTrainer._checkpoint": {
                            "total": 0.03661950000002889,
                            "count": 1,
                            "self": 0.03661950000002889
                        }
                    }
                }
            }
        }
    }
}