{
    "MoveToPoint": {
        "checkpoints": [
            {
                "steps": 499959,
                "file_path": "results\\Imitation9\\MoveToPoint\\MoveToPoint-499959.onnx",
                "reward": -0.1,
                "creation_time": 1684618072.2638593,
                "auxillary_file_paths": [
                    "results\\Imitation9\\MoveToPoint\\MoveToPoint-499959.pt"
                ]
            },
            {
                "steps": 500023,
                "file_path": "results\\Imitation9\\MoveToPoint\\MoveToPoint-500023.onnx",
                "reward": -0.1,
                "creation_time": 1684618072.3067446,
                "auxillary_file_paths": [
                    "results\\Imitation9\\MoveToPoint\\MoveToPoint-500023.pt"
                ]
            }
        ],
        "final_checkpoint": {
            "steps": 500023,
            "file_path": "results\\Imitation9\\MoveToPoint.onnx",
            "reward": -0.1,
            "creation_time": 1684618072.3067446,
            "auxillary_file_paths": [
                "results\\Imitation9\\MoveToPoint\\MoveToPoint-500023.pt"
            ]
        }
    },
    "metadata": {
        "stats_format_version": "0.3.0",
        "mlagents_version": "0.26.0",
        "torch_version": "1.7.1+cu110"
    }
}