{
    "name": "root",
    "gauges": {
        "MoveToPoint.Policy.Entropy.mean": {
            "value": 1.4189382791519165,
            "min": 1.4189382791519165,
            "max": 1.4189382791519165,
            "count": 4
        },
        "MoveToPoint.Policy.Entropy.sum": {
            "value": 14213.5048828125,
            "min": 14213.5048828125,
            "max": 15209.599609375,
            "count": 4
        },
        "MoveToPoint.Environment.EpisodeLength.mean": {
            "value": 355.875,
            "min": 170.375,
            "max": 355.875,
            "count": 4
        },
        "MoveToPoint.Environment.EpisodeLength.sum": {
            "value": 8541.0,
            "min": 4089.0,
            "max": 11345.0,
            "count": 4
        },
        "MoveToPoint.Step.mean": {
            "value": 39991.0,
            "min": 9944.0,
            "max": 39991.0,
            "count": 4
        },
        "MoveToPoint.Step.sum": {
            "value": 39991.0,
            "min": 9944.0,
            "max": 39991.0,
            "count": 4
        },
        "MoveToPoint.Policy.ExtrinsicValueEstimate.mean": {
            "value": 2.799391031265259,
            "min": 2.5824646949768066,
            "max": 2.858771800994873,
            "count": 4
        },
        "MoveToPoint.Policy.ExtrinsicValueEstimate.sum": {
            "value": 481.4952392578125,
            "min": 426.106689453125,
            "max": 508.86138916015625,
            "count": 4
        },
        "MoveToPoint.Policy.GailValueEstimate.mean": {
            "value": -0.04654676467180252,
            "min": -0.46601080894470215,
            "max": -0.04654676467180252,
            "count": 4
        },
        "MoveToPoint.Policy.GailValueEstimate.sum": {
            "value": -8.006043434143066,
            "min": -76.89178466796875,
            "max": -8.006043434143066,
            "count": 4
        },
        "MoveToPoint.Environment.CumulativeReward.mean": {
            "value": -1.1782666672952473,
            "min": -1.1782666672952473,
            "max": -1.0880391361272854,
            "count": 4
        },
        "MoveToPoint.Environment.CumulativeReward.sum": {
            "value": -28.278400015085936,
            "min": -44.33939991518855,
            "max": -25.024900130927563,
            "count": 4
        },
        "MoveToPoint.Policy.ExtrinsicReward.mean": {
            "value": -1.1782666672952473,
            "min": -1.1782666672952473,
            "max": -1.0880391361272854,
            "count": 4
        },
        "MoveToPoint.Policy.ExtrinsicReward.sum": {
            "value": -28.278400015085936,
            "min": -44.33939991518855,
            "max": -25.024900130927563,
            "count": 4
        },
        "MoveToPoint.Policy.GailReward.mean": {
            "value": 54.16479244517783,
            "min": 26.98718306551809,
            "max": 54.16479244517783,
            "count": 4
        },
        "MoveToPoint.Policy.GailReward.sum": {
            "value": 1299.955018684268,
            "min": 620.705210506916,
            "max": 1715.7338734865189,
            "count": 4
        },
        "MoveToPoint.IsTraining.mean": {
            "value": 1.0,
            "min": 1.0,
            "max": 1.0,
            "count": 4
        },
        "MoveToPoint.IsTraining.sum": {
            "value": 1.0,
            "min": 1.0,
            "max": 1.0,
            "count": 4
        }
    },
    "metadata": {
        "timer_format_version": "0.1.0",
        "start_time_seconds": "1684620236",
        "python_version": "3.6.8 (tags/v3.6.8:3c6b436a57, Dec 24 2018, 00:16:47) [MSC v.1916 64 bit (AMD64)]",
        "command_line_arguments": "C:\\Users\\dewei\\Desktop\\IAV23-Chen\\TrabajoIADeweiChen\\V_Env\\Scripts\\mlagents-learn config/moveToPoint_Imitation.yaml --run-id=Imitation12",
        "mlagents_version": "0.26.0",
        "mlagents_envs_version": "0.26.0",
        "communication_protocol_version": "1.5.0",
        "pytorch_version": "1.7.1+cu110",
        "numpy_version": "1.19.5",
        "end_time_seconds": "1684620268"
    },
    "total": 31.7949577,
    "count": 1,
    "self": 0.006003800000002002,
    "children": {
        "run_training.setup": {
            "total": 0.0667562,
            "count": 1,
            "self": 0.0667562
        },
        "TrainerController.start_learning": {
            "total": 31.7221977,
            "count": 1,
            "self": 0.027296899999964097,
            "children": {
                "TrainerController._reset_env": {
                    "total": 7.3135534,
                    "count": 1,
                    "self": 6.6690969,
                    "children": {
                        "demo_to_buffer": {
                            "total": 0.6444564999999995,
                            "count": 2,
                            "self": 7.049999999875212e-05,
                            "children": {
                                "load_demonstration": {
                                    "total": 0.008882100000000115,
                                    "count": 2,
                                    "self": 0.008752699999999614,
                                    "children": {
                                        "read_file": {
                                            "total": 0.00012940000000050134,
                                            "count": 2,
                                            "self": 0.00012940000000050134
                                        }
                                    }
                                },
                                "make_demo_buffer": {
                                    "total": 0.6355039000000007,
                                    "count": 2,
                                    "self": 0.15877429999999215,
                                    "children": {
                                        "steps_from_proto": {
                                            "total": 0.4767296000000085,
                                            "count": 5856,
                                            "self": 0.28964109999994125,
                                            "children": {
                                                "_process_rank_one_or_two_observation": {
                                                    "total": 0.18708850000006727,
                                                    "count": 11712,
                                                    "self": 0.18708850000006727
                                                }
                                            }
                                        }
                                    }
                                }
                            }
                        }
                    }
                },
                "TrainerController.advance": {
                    "total": 24.301571100000036,
                    "count": 1639,
                    "self": 0.0258494000000411,
                    "children": {
                        "env_step": {
                            "total": 11.178738700000022,
                            "count": 1639,
                            "self": 8.269506999999958,
                            "children": {
                                "SubprocessEnvManager._take_step": {
                                    "total": 2.8943725000000553,
                                    "count": 1639,
                                    "self": 0.08410790000013257,
                                    "children": {
                                        "TorchPolicy.evaluate": {
                                            "total": 2.8102645999999227,
                                            "count": 1547,
                                            "self": 1.3338048999999526,
                                            "children": {
                                                "TorchPolicy.sample_actions": {
                                                    "total": 1.4764596999999702,
                                                    "count": 1547,
                                                    "self": 1.4764596999999702
                                                }
                                            }
                                        }
                                    }
                                },
                                "workers": {
                                    "total": 0.014859200000008066,
                                    "count": 1638,
                                    "self": 0.0,
                                    "children": {
                                        "worker_root": {
                                            "total": 16.366916899999996,
                                            "count": 1638,
                                            "is_parallel": true,
                                            "self": 10.145050200000032,
                                            "children": {
                                                "steps_from_proto": {
                                                    "total": 0.0004028,
                                                    "count": 1,
                                                    "is_parallel": true,
                                                    "self": 0.00012159999999999997,
                                                    "children": {
                                                        "_process_rank_one_or_two_observation": {
                                                            "total": 0.0002812,
                                                            "count": 2,
                                                            "is_parallel": true,
                                                            "self": 0.0002812
                                                        }
                                                    }
                                                },
                                                "UnityEnvironment.step": {
                                                    "total": 6.221463899999964,
                                                    "count": 1638,
                                                    "is_parallel": true,
                                                    "self": 0.18927450000003176,
                                                    "children": {
                                                        "UnityEnvironment._generate_step_input": {
                                                            "total": 0.3986257999999725,
                                                            "count": 1638,
                                                            "is_parallel": true,
                                                            "self": 0.3986257999999725
                                                        },
                                                        "communicator.exchange": {
                                                            "total": 5.125080100000002,
                                                            "count": 1638,
                                                            "is_parallel": true,
                                                            "self": 5.125080100000002
                                                        },
                                                        "steps_from_proto": {
                                                            "total": 0.5084834999999583,
                                                            "count": 1638,
                                                            "is_parallel": true,
                                                            "self": 0.15818949999996423,
                                                            "children": {
                                                                "_process_rank_one_or_two_observation": {
                                                                    "total": 0.3502939999999941,
                                                                    "count": 3276,
                                                                    "is_parallel": true,
                                                                    "self": 0.3502939999999941
                                                                }
                                                            }
                                                        }
                                                    }
                                                }
                                            }
                                        }
                                    }
                                }
                            }
                        },
                        "trainer_advance": {
                            "total": 13.096982999999973,
                            "count": 1638,
                            "self": 0.03961150000001368,
                            "children": {
                                "process_trajectory": {
                                    "total": 3.4905848999999636,
                                    "count": 1638,
                                    "self": 3.4905848999999636
                                },
                                "_update_policy": {
                                    "total": 9.566786599999997,
                                    "count": 1,
                                    "self": 5.902167799999983,
                                    "children": {
                                        "TorchPPOOptimizer.update": {
                                            "total": 3.661968900000012,
                                            "count": 120,
                                            "self": 3.661968900000012
                                        },
                                        "TorchPolicy.sample_actions": {
                                            "total": 0.002649900000001537,
                                            "count": 3,
                                            "self": 0.002649900000001537
                                        }
                                    }
                                }
                            }
                        }
                    }
                },
                "trainer_threads": {
                    "total": 1.0000000010279564e-06,
                    "count": 1,
                    "self": 1.0000000010279564e-06
                },
                "TrainerController._save_models": {
                    "total": 0.07977529999999788,
                    "count": 1,
                    "self": 0.008526799999998502,
                    "children": {
                        "RLTrainer._checkpoint": {
                            "total": 0.07124849999999938,
                            "count": 1,
                            "self": 0.07124849999999938
                        }
                    }
                }
            }
        }
    }
}