{
    "MoveToPoint": {
        "checkpoints": [
            {
                "steps": 40996,
                "file_path": "results\\Imitation12\\MoveToPoint\\MoveToPoint-40996.onnx",
                "reward": null,
                "creation_time": 1684620268.4570591,
                "auxillary_file_paths": [
                    "results\\Imitation12\\MoveToPoint\\MoveToPoint-40996.pt"
                ]
            }
        ],
        "final_checkpoint": {
            "steps": 40996,
            "file_path": "results\\Imitation12\\MoveToPoint.onnx",
            "reward": null,
            "creation_time": 1684620268.4570591,
            "auxillary_file_paths": [
                "results\\Imitation12\\MoveToPoint\\MoveToPoint-40996.pt"
            ]
        }
    },
    "metadata": {
        "stats_format_version": "0.3.0",
        "mlagents_version": "0.26.0",
        "torch_version": "1.7.1+cu110"
    }
}