{
    "name": "root",
    "gauges": {
        "MoveToPoint.Policy.Entropy.mean": {
            "value": 1.4105907678604126,
            "min": 1.4105907678604126,
            "max": 1.4105907678604126,
            "count": 1
        },
        "MoveToPoint.Policy.Entropy.sum": {
            "value": 15572.921875,
            "min": 15572.921875,
            "max": 15572.921875,
            "count": 1
        },
        "MoveToPoint.Environment.EpisodeLength.mean": {
            "value": 172.3921568627451,
            "min": 172.3921568627451,
            "max": 172.3921568627451,
            "count": 1
        },
        "MoveToPoint.Environment.EpisodeLength.sum": {
            "value": 8792.0,
            "min": 8792.0,
            "max": 8792.0,
            "count": 1
        },
        "MoveToPoint.Step.mean": {
            "value": 9995.0,
            "min": 9995.0,
            "max": 9995.0,
            "count": 1
        },
        "MoveToPoint.Step.sum": {
            "value": 9995.0,
            "min": 9995.0,
            "max": 9995.0,
            "count": 1
        },
        "MoveToPoint.Policy.ExtrinsicValueEstimate.mean": {
            "value": -0.013810866512358189,
            "min": -0.013810866512358189,
            "max": -0.013810866512358189,
            "count": 1
        },
        "MoveToPoint.Policy.ExtrinsicValueEstimate.sum": {
            "value": -2.6931190490722656,
            "min": -2.6931190490722656,
            "max": -2.6931190490722656,
            "count": 1
        },
        "MoveToPoint.Environment.CumulativeReward.mean": {
            "value": -0.29411764705882354,
            "min": -0.29411764705882354,
            "max": -0.29411764705882354,
            "count": 1
        },
        "MoveToPoint.Environment.CumulativeReward.sum": {
            "value": -15.0,
            "min": -15.0,
            "max": -15.0,
            "count": 1
        },
        "MoveToPoint.Policy.ExtrinsicReward.mean": {
            "value": -0.29411764705882354,
            "min": -0.29411764705882354,
            "max": -0.29411764705882354,
            "count": 1
        },
        "MoveToPoint.Policy.ExtrinsicReward.sum": {
            "value": -15.0,
            "min": -15.0,
            "max": -15.0,
            "count": 1
        },
        "MoveToPoint.Losses.PolicyLoss.mean": {
            "value": 0.24738895053418708,
            "min": 0.24738895053418708,
            "max": 0.24738895053418708,
            "count": 1
        },
        "MoveToPoint.Losses.PolicyLoss.sum": {
            "value": 9.400780120299109,
            "min": 9.400780120299109,
            "max": 9.400780120299109,
            "count": 1
        },
        "MoveToPoint.Losses.ValueLoss.mean": {
            "value": 0.011872980940582872,
            "min": 0.011872980940582872,
            "max": 0.011872980940582872,
            "count": 1
        },
        "MoveToPoint.Losses.ValueLoss.sum": {
            "value": 0.4511732757421491,
            "min": 0.4511732757421491,
            "max": 0.4511732757421491,
            "count": 1
        },
        "MoveToPoint.Policy.LearningRate.mean": {
            "value": 0.00029647296433357365,
            "min": 0.00029647296433357365,
            "max": 0.00029647296433357365,
            "count": 1
        },
        "MoveToPoint.Policy.LearningRate.sum": {
            "value": 0.011265972644675798,
            "min": 0.011265972644675798,
            "max": 0.011265972644675798,
            "count": 1
        },
        "MoveToPoint.Policy.Epsilon.mean": {
            "value": 0.19882432105263162,
            "min": 0.19882432105263162,
            "max": 0.19882432105263162,
            "count": 1
        },
        "MoveToPoint.Policy.Epsilon.sum": {
            "value": 7.555324200000001,
            "min": 7.555324200000001,
            "max": 7.555324200000001,
            "count": 1
        },
        "MoveToPoint.Policy.Beta.mean": {
            "value": 0.0004942391731578946,
            "min": 0.0004942391731578946,
            "max": 0.0004942391731578946,
            "count": 1
        },
        "MoveToPoint.Policy.Beta.sum": {
            "value": 0.018781088579999997,
            "min": 0.018781088579999997,
            "max": 0.018781088579999997,
            "count": 1
        },
        "MoveToPoint.IsTraining.mean": {
            "value": 1.0,
            "min": 1.0,
            "max": 1.0,
            "count": 1
        },
        "MoveToPoint.IsTraining.sum": {
            "value": 1.0,
            "min": 1.0,
            "max": 1.0,
            "count": 1
        }
    },
    "metadata": {
        "timer_format_version": "0.1.0",
        "start_time_seconds": "1684524737",
        "python_version": "3.6.8 (tags/v3.6.8:3c6b436a57, Dec 24 2018, 00:16:47) [MSC v.1916 64 bit (AMD64)]",
        "command_line_arguments": "C:\\Users\\dewei\\Desktop\\IAV23-Chen\\TrabajoIADeweiChen\\V_Env\\Scripts\\mlagents-learn config/moveToPoint.yaml --run-id=MultiTrainingRamdon5",
        "mlagents_version": "0.26.0",
        "mlagents_envs_version": "0.26.0",
        "communication_protocol_version": "1.5.0",
        "pytorch_version": "1.7.1+cu110",
        "numpy_version": "1.19.5",
        "end_time_seconds": "1684524772"
    },
    "total": 34.9523047,
    "count": 1,
    "self": 0.00430080000000288,
    "children": {
        "run_training.setup": {
            "total": 0.0701234,
            "count": 1,
            "self": 0.0701234
        },
        "TrainerController.start_learning": {
            "total": 34.877880499999996,
            "count": 1,
            "self": 0.009461999999963666,
            "children": {
                "TrainerController._reset_env": {
                    "total": 5.2700722,
                    "count": 1,
                    "self": 5.2700722
                },
                "TrainerController.advance": {
                    "total": 29.518796000000034,
                    "count": 583,
                    "self": 0.009022099999970834,
                    "children": {
                        "env_step": {
                            "total": 4.778261900000045,
                            "count": 583,
                            "self": 3.569316500000113,
                            "children": {
                                "SubprocessEnvManager._take_step": {
                                    "total": 1.2036983999999755,
                                    "count": 583,
                                    "self": 0.030584099999963144,
                                    "children": {
                                        "TorchPolicy.evaluate": {
                                            "total": 1.1731143000000124,
                                            "count": 561,
                                            "self": 0.4540493999999988,
                                            "children": {
                                                "TorchPolicy.sample_actions": {
                                                    "total": 0.7190649000000136,
                                                    "count": 561,
                                                    "self": 0.7190649000000136
                                                }
                                            }
                                        }
                                    }
                                },
                                "workers": {
                                    "total": 0.005246999999956259,
                                    "count": 582,
                                    "self": 0.0,
                                    "children": {
                                        "worker_root": {
                                            "total": 30.46806509999997,
                                            "count": 582,
                                            "is_parallel": true,
                                            "self": 27.585610599999914,
                                            "children": {
                                                "steps_from_proto": {
                                                    "total": 0.0003904,
                                                    "count": 1,
                                                    "is_parallel": true,
                                                    "self": 0.00011600000000000005,
                                                    "children": {
                                                        "_process_rank_one_or_two_observation": {
                                                            "total": 0.00027439999999999995,
                                                            "count": 2,
                                                            "is_parallel": true,
                                                            "self": 0.00027439999999999995
                                                        }
                                                    }
                                                },
                                                "UnityEnvironment.step": {
                                                    "total": 2.882064100000054,
                                                    "count": 582,
                                                    "is_parallel": true,
                                                    "self": 0.06396300000006772,
                                                    "children": {
                                                        "UnityEnvironment._generate_step_input": {
                                                            "total": 0.13150830000001745,
                                                            "count": 582,
                                                            "is_parallel": true,
                                                            "self": 0.13150830000001745
                                                        },
                                                        "communicator.exchange": {
                                                            "total": 2.513052000000014,
                                                            "count": 582,
                                                            "is_parallel": true,
                                                            "self": 2.513052000000014
                                                        },
                                                        "steps_from_proto": {
                                                            "total": 0.17354079999995542,
                                                            "count": 582,
                                                            "is_parallel": true,
                                                            "self": 0.05422779999998051,
                                                            "children": {
                                                                "_process_rank_one_or_two_observation": {
                                                                    "total": 0.11931299999997491,
                                                                    "count": 1164,
                                                                    "is_parallel": true,
                                                                    "self": 0.11931299999997491
                                                                }
                                                            }
                                                        }
                                                    }
                                                }
                                            }
                                        }
                                    }
                                }
                            }
                        },
                        "trainer_advance": {
                            "total": 24.73151200000002,
                            "count": 582,
                            "self": 0.015873000000048876,
                            "children": {
                                "process_trajectory": {
                                    "total": 0.8121217999999688,
                                    "count": 582,
                                    "self": 0.8121217999999688
                                },
                                "_update_policy": {
                                    "total": 23.903517200000003,
                                    "count": 48,
                                    "self": 1.7407577000000565,
                                    "children": {
                                        "TorchPPOOptimizer.update": {
                                            "total": 22.162759499999947,
                                            "count": 3765,
                                            "self": 22.162759499999947
                                        }
                                    }
                                }
                            }
                        }
                    }
                },
                "trainer_threads": {
                    "total": 8.99999996306633e-07,
                    "count": 1,
                    "self": 8.99999996306633e-07
                },
                "TrainerController._save_models": {
                    "total": 0.07954940000000477,
                    "count": 1,
                    "self": 0.0055063000000075135,
                    "children": {
                        "RLTrainer._checkpoint": {
                            "total": 0.07404309999999725,
                            "count": 1,
                            "self": 0.07404309999999725
                        }
                    }
                }
            }
        }
    }
}