{
    "MoveToPoint": {
        "checkpoints": [
            {
                "steps": 12819,
                "file_path": "results\\MultiTrainingRamdon5\\MoveToPoint\\MoveToPoint-12819.onnx",
                "reward": null,
                "creation_time": 1684524772.912134,
                "auxillary_file_paths": [
                    "results\\MultiTrainingRamdon5\\MoveToPoint\\MoveToPoint-12819.pt"
                ]
            }
        ],
        "final_checkpoint": {
            "steps": 12819,
            "file_path": "results\\MultiTrainingRamdon5\\MoveToPoint.onnx",
            "reward": null,
            "creation_time": 1684524772.912134,
            "auxillary_file_paths": [
                "results\\MultiTrainingRamdon5\\MoveToPoint\\MoveToPoint-12819.pt"
            ]
        }
    },
    "metadata": {
        "stats_format_version": "0.3.0",
        "mlagents_version": "0.26.0",
        "torch_version": "1.7.1+cu110"
    }
}