{
    "name": "root",
    "gauges": {
        "MoveToPoint.Policy.Entropy.mean": {
            "value": 1.416965365409851,
            "min": 1.4169641733169556,
            "max": 1.4200174808502197,
            "count": 50
        },
        "MoveToPoint.Policy.Entropy.sum": {
            "value": 14270.2578125,
            "min": 13764.2294921875,
            "max": 15247.9111328125,
            "count": 50
        },
        "MoveToPoint.Environment.EpisodeLength.mean": {
            "value": 150.231884057971,
            "min": 85.08,
            "max": 1598.25,
            "count": 50
        },
        "MoveToPoint.Environment.EpisodeLength.sum": {
            "value": 10366.0,
            "min": 3513.0,
            "max": 19603.0,
            "count": 50
        },
        "MoveToPoint.Step.mean": {
            "value": 499969.0,
            "min": 9952.0,
            "max": 499969.0,
            "count": 50
        },
        "MoveToPoint.Step.sum": {
            "value": 499969.0,
            "min": 9952.0,
            "max": 499969.0,
            "count": 50
        },
        "MoveToPoint.Policy.ExtrinsicValueEstimate.mean": {
            "value": 0.30564552545547485,
            "min": -0.28129318356513977,
            "max": 0.36530447006225586,
            "count": 50
        },
        "MoveToPoint.Policy.ExtrinsicValueEstimate.sum": {
            "value": 59.29523468017578,
            "min": -50.070186614990234,
            "max": 74.52210998535156,
            "count": 50
        },
        "MoveToPoint.Environment.CumulativeReward.mean": {
            "value": 0.8235294117647058,
            "min": -1.0,
            "max": 0.9473684210526315,
            "count": 50
        },
        "MoveToPoint.Environment.CumulativeReward.sum": {
            "value": 56.0,
            "min": -101.0,
            "max": 58.0,
            "count": 50
        },
        "MoveToPoint.Policy.ExtrinsicReward.mean": {
            "value": 0.8235294117647058,
            "min": -1.0,
            "max": 0.9473684210526315,
            "count": 50
        },
        "MoveToPoint.Policy.ExtrinsicReward.sum": {
            "value": 56.0,
            "min": -101.0,
            "max": 58.0,
            "count": 50
        },
        "MoveToPoint.IsTraining.mean": {
            "value": 1.0,
            "min": 1.0,
            "max": 1.0,
            "count": 50
        },
        "MoveToPoint.IsTraining.sum": {
            "value": 1.0,
            "min": 1.0,
            "max": 1.0,
            "count": 50
        },
        "MoveToPoint.Losses.PolicyLoss.mean": {
            "value": 0.02392500222097927,
            "min": 0.020729303809518266,
            "max": 0.027749536528314297,
            "count": 12
        },
        "MoveToPoint.Losses.PolicyLoss.sum": {
            "value": 0.02392500222097927,
            "min": 0.020729303809518266,
            "max": 0.027749536528314297,
            "count": 12
        },
        "MoveToPoint.Losses.ValueLoss.mean": {
            "value": 0.04423566457505027,
            "min": 0.009521232989836273,
            "max": 0.24714715766410034,
            "count": 12
        },
        "MoveToPoint.Losses.ValueLoss.sum": {
            "value": 0.04423566457505027,
            "min": 0.009521232989836273,
            "max": 0.24714715766410034,
            "count": 12
        },
        "MoveToPoint.Policy.LearningRate.mean": {
            "value": 4.694184356e-07,
            "min": 4.694184356e-07,
            "max": 2.7540548198199997e-05,
            "count": 12
        },
        "MoveToPoint.Policy.LearningRate.sum": {
            "value": 4.694184356e-07,
            "min": 4.694184356e-07,
            "max": 2.7540548198199997e-05,
            "count": 12
        },
        "MoveToPoint.Policy.Epsilon.mean": {
            "value": 0.1015644,
            "min": 0.1015644,
            "max": 0.19180179999999997,
            "count": 12
        },
        "MoveToPoint.Policy.Epsilon.sum": {
            "value": 0.1015644,
            "min": 0.1015644,
            "max": 0.19180179999999997,
            "count": 12
        },
        "MoveToPoint.Policy.Beta.mean": {
            "value": 1.7665559999999993e-05,
            "min": 1.7665559999999993e-05,
            "max": 0.00045982882,
            "count": 12
        },
        "MoveToPoint.Policy.Beta.sum": {
            "value": 1.7665559999999993e-05,
            "min": 1.7665559999999993e-05,
            "max": 0.00045982882,
            "count": 12
        }
    },
    "metadata": {
        "timer_format_version": "0.1.0",
        "start_time_seconds": "1684599291",
        "python_version": "3.6.8 (tags/v3.6.8:3c6b436a57, Dec 24 2018, 00:16:47) [MSC v.1916 64 bit (AMD64)]",
        "command_line_arguments": "C:\\Users\\dewei\\Desktop\\IAV23-Chen\\TrabajoIADeweiChen\\V_Env\\Scripts\\mlagents-learn config/moveToPoint.yaml --run-id=IaLearn",
        "mlagents_version": "0.26.0",
        "mlagents_envs_version": "0.26.0",
        "communication_protocol_version": "1.5.0",
        "pytorch_version": "1.7.1+cu110",
        "numpy_version": "1.19.5",
        "end_time_seconds": "1684599550"
    },
    "total": 259.47106279999997,
    "count": 1,
    "self": 0.005806699999936882,
    "children": {
        "run_training.setup": {
            "total": 0.1305644,
            "count": 1,
            "self": 0.1305644
        },
        "TrainerController.start_learning": {
            "total": 259.3346917,
            "count": 1,
            "self": 0.32616119999994453,
            "children": {
                "TrainerController._reset_env": {
                    "total": 12.3689653,
                    "count": 1,
                    "self": 12.3689653
                },
                "TrainerController.advance": {
                    "total": 246.59629999999999,
                    "count": 19981,
                    "self": 0.3145161999992183,
                    "children": {
                        "env_step": {
                            "total": 130.1533417999994,
                            "count": 19981,
                            "self": 93.25455729999831,
                            "children": {
                                "SubprocessEnvManager._take_step": {
                                    "total": 36.70552010000141,
                                    "count": 19981,
                                    "self": 1.00976330000114,
                                    "children": {
                                        "TorchPolicy.evaluate": {
                                            "total": 35.69575680000027,
                                            "count": 18552,
                                            "self": 21.616471499999715,
                                            "children": {
                                                "TorchPolicy.sample_actions": {
                                                    "total": 14.079285300000553,
                                                    "count": 18552,
                                                    "self": 14.079285300000553
                                                }
                                            }
                                        }
                                    }
                                },
                                "workers": {
                                    "total": 0.19326439999967526,
                                    "count": 19981,
                                    "self": 0.0,
                                    "children": {
                                        "worker_root": {
                                            "total": 247.58336570000068,
                                            "count": 19981,
                                            "is_parallel": true,
                                            "self": 179.67492270000162,
                                            "children": {
                                                "steps_from_proto": {
                                                    "total": 0.00039400000000000004,
                                                    "count": 1,
                                                    "is_parallel": true,
                                                    "self": 0.00011460000000000002,
                                                    "children": {
                                                        "_process_rank_one_or_two_observation": {
                                                            "total": 0.0002794,
                                                            "count": 2,
                                                            "is_parallel": true,
                                                            "self": 0.0002794
                                                        }
                                                    }
                                                },
                                                "UnityEnvironment.step": {
                                                    "total": 67.90804899999908,
                                                    "count": 19981,
                                                    "is_parallel": true,
                                                    "self": 2.323776799994249,
                                                    "children": {
                                                        "UnityEnvironment._generate_step_input": {
                                                            "total": 4.7851083000018475,
                                                            "count": 19981,
                                                            "is_parallel": true,
                                                            "self": 4.7851083000018475
                                                        },
                                                        "communicator.exchange": {
                                                            "total": 54.557485000001606,
                                                            "count": 19981,
                                                            "is_parallel": true,
                                                            "self": 54.557485000001606
                                                        },
                                                        "steps_from_proto": {
                                                            "total": 6.241678900001386,
                                                            "count": 19981,
                                                            "is_parallel": true,
                                                            "self": 1.9213930000006183,
                                                            "children": {
                                                                "_process_rank_one_or_two_observation": {
                                                                    "total": 4.320285900000767,
                                                                    "count": 39962,
                                                                    "is_parallel": true,
                                                                    "self": 4.320285900000767
                                                                }
                                                            }
                                                        }
                                                    }
                                                }
                                            }
                                        }
                                    }
                                }
                            }
                        },
                        "trainer_advance": {
                            "total": 116.12844200000137,
                            "count": 19981,
                            "self": 0.5175689000028427,
                            "children": {
                                "process_trajectory": {
                                    "total": 35.188334199998536,
                                    "count": 19981,
                                    "self": 35.13733609999852,
                                    "children": {
                                        "RLTrainer._checkpoint": {
                                            "total": 0.050998100000015256,
                                            "count": 1,
                                            "self": 0.050998100000015256
                                        }
                                    }
                                },
                                "_update_policy": {
                                    "total": 80.42253889999999,
                                    "count": 12,
                                    "self": 64.61752759999965,
                                    "children": {
                                        "TorchPPOOptimizer.update": {
                                            "total": 15.805011300000345,
                                            "count": 1455,
                                            "self": 15.805011300000345
                                        }
                                    }
                                }
                            }
                        }
                    }
                },
                "trainer_threads": {
                    "total": 7.00000043707405e-07,
                    "count": 1,
                    "self": 7.00000043707405e-07
                },
                "TrainerController._save_models": {
                    "total": 0.04326450000002069,
                    "count": 1,
                    "self": 0.007940700000006018,
                    "children": {
                        "RLTrainer._checkpoint": {
                            "total": 0.03532380000001467,
                            "count": 1,
                            "self": 0.03532380000001467
                        }
                    }
                }
            }
        }
    }
}