{
    "MoveToPoint": {
        "checkpoints": [
            {
                "steps": 499969,
                "file_path": "results\\IaLearn\\MoveToPoint\\MoveToPoint-499969.onnx",
                "reward": 0.8461538461538461,
                "creation_time": 1684599550.4510574,
                "auxillary_file_paths": [
                    "results\\IaLearn\\MoveToPoint\\MoveToPoint-499969.pt"
                ]
            },
            {
                "steps": 500019,
                "file_path": "results\\IaLearn\\MoveToPoint\\MoveToPoint-500019.onnx",
                "reward": 0.8490566037735849,
                "creation_time": 1684599550.4904222,
                "auxillary_file_paths": [
                    "results\\IaLearn\\MoveToPoint\\MoveToPoint-500019.pt"
                ]
            }
        ],
        "final_checkpoint": {
            "steps": 500019,
            "file_path": "results\\IaLearn\\MoveToPoint.onnx",
            "reward": 0.8490566037735849,
            "creation_time": 1684599550.4904222,
            "auxillary_file_paths": [
                "results\\IaLearn\\MoveToPoint\\MoveToPoint-500019.pt"
            ]
        }
    },
    "metadata": {
        "stats_format_version": "0.3.0",
        "mlagents_version": "0.26.0",
        "torch_version": "1.7.1+cu110"
    }
}