{
    "name": "root",
    "gauges": {
        "MoveToPoint.Policy.Entropy.mean": {
            "value": 1.417575478553772,
            "min": 1.4171160459518433,
            "max": 1.4202879667282104,
            "count": 50
        },
        "MoveToPoint.Policy.Entropy.sum": {
            "value": 13817.1083984375,
            "min": 13511.5693359375,
            "max": 15171.2890625,
            "count": 50
        },
        "MoveToPoint.Environment.EpisodeLength.mean": {
            "value": 483.7142857142857,
            "min": 108.11666666666666,
            "max": 1999.0,
            "count": 50
        },
        "MoveToPoint.Environment.EpisodeLength.sum": {
            "value": 3386.0,
            "min": 471.0,
            "max": 21790.0,
            "count": 50
        },
        "MoveToPoint.Step.mean": {
            "value": 499943.0,
            "min": 9991.0,
            "max": 499943.0,
            "count": 50
        },
        "MoveToPoint.Step.sum": {
            "value": 499943.0,
            "min": 9991.0,
            "max": 499943.0,
            "count": 50
        },
        "MoveToPoint.Policy.ExtrinsicValueEstimate.mean": {
            "value": 0.05140138790011406,
            "min": 0.03358213230967522,
            "max": 0.5416919589042664,
            "count": 50
        },
        "MoveToPoint.Policy.ExtrinsicValueEstimate.sum": {
            "value": 8.224222183227539,
            "min": 5.373141288757324,
            "max": 100.75469970703125,
            "count": 50
        },
        "MoveToPoint.Environment.CumulativeReward.mean": {
            "value": 0.5714285714285714,
            "min": -1.0,
            "max": 1.0,
            "count": 50
        },
        "MoveToPoint.Environment.CumulativeReward.sum": {
            "value": 4.0,
            "min": -55.0,
            "max": 10.0,
            "count": 50
        },
        "MoveToPoint.Policy.ExtrinsicReward.mean": {
            "value": 0.5714285714285714,
            "min": -1.0,
            "max": 1.0,
            "count": 50
        },
        "MoveToPoint.Policy.ExtrinsicReward.sum": {
            "value": 4.0,
            "min": -55.0,
            "max": 10.0,
            "count": 50
        },
        "MoveToPoint.IsTraining.mean": {
            "value": 1.0,
            "min": 1.0,
            "max": 1.0,
            "count": 50
        },
        "MoveToPoint.IsTraining.sum": {
            "value": 1.0,
            "min": 1.0,
            "max": 1.0,
            "count": 50
        },
        "MoveToPoint.Losses.PolicyLoss.mean": {
            "value": 0.024343135908566182,
            "min": 0.02183388630628616,
            "max": 0.028815237442419553,
            "count": 12
        },
        "MoveToPoint.Losses.PolicyLoss.sum": {
            "value": 0.024343135908566182,
            "min": 0.02183388630628616,
            "max": 0.028815237442419553,
            "count": 12
        },
        "MoveToPoint.Losses.ValueLoss.mean": {
            "value": 0.007090789102949202,
            "min": 0.003649792014961926,
            "max": 0.16379401881278047,
            "count": 12
        },
        "MoveToPoint.Losses.ValueLoss.sum": {
            "value": 0.007090789102949202,
            "min": 0.003649792014961926,
            "max": 0.16379401881278047,
            "count": 12
        },
        "MoveToPoint.Policy.LearningRate.mean": {
            "value": 4.818983939999988e-07,
            "min": 4.818983939999988e-07,
            "max": 2.7539708201e-05,
            "count": 12
        },
        "MoveToPoint.Policy.LearningRate.sum": {
            "value": 4.818983939999988e-07,
            "min": 4.818983939999988e-07,
            "max": 2.7539708201e-05,
            "count": 12
        },
        "MoveToPoint.Policy.Epsilon.mean": {
            "value": 0.10160600000000003,
            "min": 0.10160600000000003,
            "max": 0.19179900000000003,
            "count": 12
        },
        "MoveToPoint.Policy.Epsilon.sum": {
            "value": 0.10160600000000003,
            "min": 0.10160600000000003,
            "max": 0.19179900000000003,
            "count": 12
        },
        "MoveToPoint.Policy.Beta.mean": {
            "value": 1.786939999999998e-05,
            "min": 1.786939999999998e-05,
            "max": 0.0004598151,
            "count": 12
        },
        "MoveToPoint.Policy.Beta.sum": {
            "value": 1.786939999999998e-05,
            "min": 1.786939999999998e-05,
            "max": 0.0004598151,
            "count": 12
        }
    },
    "metadata": {
        "timer_format_version": "0.1.0",
        "start_time_seconds": "1684526186",
        "python_version": "3.6.8 (tags/v3.6.8:3c6b436a57, Dec 24 2018, 00:16:47) [MSC v.1916 64 bit (AMD64)]",
        "command_line_arguments": "C:\\Users\\dewei\\Desktop\\IAV23-Chen\\TrabajoIADeweiChen\\V_Env\\Scripts\\mlagents-learn config/moveToPoint.yaml --run-id=MultiTrainingRamdon10",
        "mlagents_version": "0.26.0",
        "mlagents_envs_version": "0.26.0",
        "communication_protocol_version": "1.5.0",
        "pytorch_version": "1.7.1+cu110",
        "numpy_version": "1.19.5",
        "end_time_seconds": "1684526431"
    },
    "total": 245.2412815,
    "count": 1,
    "self": 0.005476500000014539,
    "children": {
        "run_training.setup": {
            "total": 0.0654541,
            "count": 1,
            "self": 0.0654541
        },
        "TrainerController.start_learning": {
            "total": 245.1703509,
            "count": 1,
            "self": 0.2999164999984032,
            "children": {
                "TrainerController._reset_env": {
                    "total": 6.1633285,
                    "count": 1,
                    "self": 6.1633285
                },
                "TrainerController.advance": {
                    "total": 238.66734820000158,
                    "count": 18979,
                    "self": 0.29326250000042364,
                    "children": {
                        "env_step": {
                            "total": 124.23553519999963,
                            "count": 18979,
                            "self": 90.16113600000105,
                            "children": {
                                "SubprocessEnvManager._take_step": {
                                    "total": 33.90329209999898,
                                    "count": 18979,
                                    "self": 0.9742120999996757,
                                    "children": {
                                        "TorchPolicy.evaluate": {
                                            "total": 32.9290799999993,
                                            "count": 18545,
                                            "self": 20.215142199998418,
                                            "children": {
                                                "TorchPolicy.sample_actions": {
                                                    "total": 12.713937800000883,
                                                    "count": 18545,
                                                    "self": 12.713937800000883
                                                }
                                            }
                                        }
                                    }
                                },
                                "workers": {
                                    "total": 0.17110709999960427,
                                    "count": 18979,
                                    "self": 0.0,
                                    "children": {
                                        "worker_root": {
                                            "total": 239.5434398999992,
                                            "count": 18979,
                                            "is_parallel": true,
                                            "self": 173.40066649999787,
                                            "children": {
                                                "steps_from_proto": {
                                                    "total": 0.00036960000000000004,
                                                    "count": 1,
                                                    "is_parallel": true,
                                                    "self": 0.00011110000000000004,
                                                    "children": {
                                                        "_process_rank_one_or_two_observation": {
                                                            "total": 0.0002585,
                                                            "count": 2,
                                                            "is_parallel": true,
                                                            "self": 0.0002585
                                                        }
                                                    }
                                                },
                                                "UnityEnvironment.step": {
                                                    "total": 66.14240380000135,
                                                    "count": 18979,
                                                    "is_parallel": true,
                                                    "self": 2.212733700001337,
                                                    "children": {
                                                        "UnityEnvironment._generate_step_input": {
                                                            "total": 4.857317199999674,
                                                            "count": 18979,
                                                            "is_parallel": true,
                                                            "self": 4.857317199999674
                                                        },
                                                        "communicator.exchange": {
                                                            "total": 52.99365410000105,
                                                            "count": 18979,
                                                            "is_parallel": true,
                                                            "self": 52.99365410000105
                                                        },
                                                        "steps_from_proto": {
                                                            "total": 6.078698799999285,
                                                            "count": 18979,
                                                            "is_parallel": true,
                                                            "self": 1.824253500002384,
                                                            "children": {
                                                                "_process_rank_one_or_two_observation": {
                                                                    "total": 4.254445299996901,
                                                                    "count": 37958,
                                                                    "is_parallel": true,
                                                                    "self": 4.254445299996901
                                                                }
                                                            }
                                                        }
                                                    }
                                                }
                                            }
                                        }
                                    }
                                }
                            }
                        },
                        "trainer_advance": {
                            "total": 114.13855050000151,
                            "count": 18979,
                            "self": 0.46440950000200587,
                            "children": {
                                "process_trajectory": {
                                    "total": 34.79268539999953,
                                    "count": 18979,
                                    "self": 34.74464899999953,
                                    "children": {
                                        "RLTrainer._checkpoint": {
                                            "total": 0.04803640000000087,
                                            "count": 1,
                                            "self": 0.04803640000000087
                                        }
                                    }
                                },
                                "_update_policy": {
                                    "total": 78.88145559999998,
                                    "count": 12,
                                    "self": 62.09764399999979,
                                    "children": {
                                        "TorchPPOOptimizer.update": {
                                            "total": 16.783811600000192,
                                            "count": 1452,
                                            "self": 16.783811600000192
                                        }
                                    }
                                }
                            }
                        }
                    }
                },
                "trainer_threads": {
                    "total": 7.999999809271685e-07,
                    "count": 1,
                    "self": 7.999999809271685e-07
                },
                "TrainerController._save_models": {
                    "total": 0.03975690000001464,
                    "count": 1,
                    "self": 0.007826700000009623,
                    "children": {
                        "RLTrainer._checkpoint": {
                            "total": 0.031930200000005016,
                            "count": 1,
                            "self": 0.031930200000005016
                        }
                    }
                }
            }
        }
    }
}