{
    "MoveToPoint": {
        "checkpoints": [
            {
                "steps": 499943,
                "file_path": "results\\MultiTrainingRamdon10\\MoveToPoint\\MoveToPoint-499943.onnx",
                "reward": 0.5,
                "creation_time": 1684526431.6252341,
                "auxillary_file_paths": [
                    "results\\MultiTrainingRamdon10\\MoveToPoint\\MoveToPoint-499943.pt"
                ]
            },
            {
                "steps": 500007,
                "file_path": "results\\MultiTrainingRamdon10\\MoveToPoint\\MoveToPoint-500007.onnx",
                "reward": 0.5,
                "creation_time": 1684526431.6636662,
                "auxillary_file_paths": [
                    "results\\MultiTrainingRamdon10\\MoveToPoint\\MoveToPoint-500007.pt"
                ]
            }
        ],
        "final_checkpoint": {
            "steps": 500007,
            "file_path": "results\\MultiTrainingRamdon10\\MoveToPoint.onnx",
            "reward": 0.5,
            "creation_time": 1684526431.6636662,
            "auxillary_file_paths": [
                "results\\MultiTrainingRamdon10\\MoveToPoint\\MoveToPoint-500007.pt"
            ]
        }
    },
    "metadata": {
        "stats_format_version": "0.3.0",
        "mlagents_version": "0.26.0",
        "torch_version": "1.7.1+cu110"
    }
}