{
    "name": "root",
    "gauges": {
        "MoveToPoint.Policy.Entropy.mean": {
            "value": 1.4189382791519165,
            "min": 1.4189382791519165,
            "max": 1.418938398361206,
            "count": 3
        },
        "MoveToPoint.Policy.Entropy.sum": {
            "value": 14239.0458984375,
            "min": 14111.341796875,
            "max": 14673.2412109375,
            "count": 3
        },
        "MoveToPoint.Environment.EpisodeLength.mean": {
            "value": 159.66101694915255,
            "min": 126.70149253731343,
            "max": 179.38983050847457,
            "count": 3
        },
        "MoveToPoint.Environment.EpisodeLength.sum": {
            "value": 9420.0,
            "min": 8489.0,
            "max": 10584.0,
            "count": 3
        },
        "MoveToPoint.Step.mean": {
            "value": 29958.0,
            "min": 9964.0,
            "max": 29958.0,
            "count": 3
        },
        "MoveToPoint.Step.sum": {
            "value": 29958.0,
            "min": 9964.0,
            "max": 29958.0,
            "count": 3
        },
        "MoveToPoint.Policy.ExtrinsicValueEstimate.mean": {
            "value": -1.4061548709869385,
            "min": -1.556126594543457,
            "max": -1.2750446796417236,
            "count": 3
        },
        "MoveToPoint.Policy.ExtrinsicValueEstimate.sum": {
            "value": -261.5447998046875,
            "min": -290.99566650390625,
            "max": -235.8832550048828,
            "count": 3
        },
        "MoveToPoint.Environment.CumulativeReward.mean": {
            "value": -0.8983050847457628,
            "min": -0.8983050847457628,
            "max": -0.7627118644067796,
            "count": 3
        },
        "MoveToPoint.Environment.CumulativeReward.sum": {
            "value": -53.0,
            "min": -55.0,
            "max": -45.0,
            "count": 3
        },
        "MoveToPoint.Policy.ExtrinsicReward.mean": {
            "value": -0.8983050847457628,
            "min": -0.8983050847457628,
            "max": -0.7627118644067796,
            "count": 3
        },
        "MoveToPoint.Policy.ExtrinsicReward.sum": {
            "value": -53.0,
            "min": -55.0,
            "max": -45.0,
            "count": 3
        },
        "MoveToPoint.IsTraining.mean": {
            "value": 1.0,
            "min": 1.0,
            "max": 1.0,
            "count": 3
        },
        "MoveToPoint.IsTraining.sum": {
            "value": 1.0,
            "min": 1.0,
            "max": 1.0,
            "count": 3
        }
    },
    "metadata": {
        "timer_format_version": "0.1.0",
        "start_time_seconds": "1684526126",
        "python_version": "3.6.8 (tags/v3.6.8:3c6b436a57, Dec 24 2018, 00:16:47) [MSC v.1916 64 bit (AMD64)]",
        "command_line_arguments": "C:\\Users\\dewei\\Desktop\\IAV23-Chen\\TrabajoIADeweiChen\\V_Env\\Scripts\\mlagents-learn config/moveToPoint.yaml --run-id=MultiTrainingRamdon9",
        "mlagents_version": "0.26.0",
        "mlagents_envs_version": "0.26.0",
        "communication_protocol_version": "1.5.0",
        "pytorch_version": "1.7.1+cu110",
        "numpy_version": "1.19.5",
        "end_time_seconds": "1684526160"
    },
    "total": 33.790002,
    "count": 1,
    "self": 0.0042806000000013,
    "children": {
        "run_training.setup": {
            "total": 0.066353,
            "count": 1,
            "self": 0.066353
        },
        "TrainerController.start_learning": {
            "total": 33.7193684,
            "count": 1,
            "self": 0.06961139999989285,
            "children": {
                "TrainerController._reset_env": {
                    "total": 6.0914036,
                    "count": 1,
                    "self": 6.0914036
                },
                "TrainerController.advance": {
                    "total": 27.48846660000012,
                    "count": 4661,
                    "self": 0.06967910000038913,
                    "children": {
                        "env_step": {
                            "total": 24.353984099999906,
                            "count": 4661,
                            "self": 15.676557599999956,
                            "children": {
                                "SubprocessEnvManager._take_step": {
                                    "total": 8.636767300000079,
                                    "count": 4661,
                                    "self": 0.1990589000000238,
                                    "children": {
                                        "TorchPolicy.evaluate": {
                                            "total": 8.437708400000055,
                                            "count": 4467,
                                            "self": 5.1403883000000645,
                                            "children": {
                                                "TorchPolicy.sample_actions": {
                                                    "total": 3.2973200999999905,
                                                    "count": 4467,
                                                    "self": 3.2973200999999905
                                                }
                                            }
                                        }
                                    }
                                },
                                "workers": {
                                    "total": 0.040659199999870665,
                                    "count": 4660,
                                    "self": 0.0,
                                    "children": {
                                        "worker_root": {
                                            "total": 28.45150520000004,
                                            "count": 4660,
                                            "is_parallel": true,
                                            "self": 16.52308360000007,
                                            "children": {
                                                "steps_from_proto": {
                                                    "total": 0.0002467,
                                                    "count": 1,
                                                    "is_parallel": true,
                                                    "self": 9.539999999999999e-05,
                                                    "children": {
                                                        "_process_rank_one_or_two_observation": {
                                                            "total": 0.0001513,
                                                            "count": 2,
                                                            "is_parallel": true,
                                                            "self": 0.0001513
                                                        }
                                                    }
                                                },
                                                "UnityEnvironment.step": {
                                                    "total": 11.92817489999997,
                                                    "count": 4660,
                                                    "is_parallel": true,
                                                    "self": 0.3440240000001662,
                                                    "children": {
                                                        "UnityEnvironment._generate_step_input": {
                                                            "total": 0.4965635999999538,
                                                            "count": 4660,
                                                            "is_parallel": true,
                                                            "self": 0.4965635999999538
                                                        },
                                                        "communicator.exchange": {
                                                            "total": 10.174158299999993,
                                                            "count": 4660,
                                                            "is_parallel": true,
                                                            "self": 10.174158299999993
                                                        },
                                                        "steps_from_proto": {
                                                            "total": 0.9134289999998568,
                                                            "count": 4660,
                                                            "is_parallel": true,
                                                            "self": 0.37934459999984904,
                                                            "children": {
                                                                "_process_rank_one_or_two_observation": {
                                                                    "total": 0.5340844000000078,
                                                                    "count": 9320,
                                                                    "is_parallel": true,
                                                                    "self": 0.5340844000000078
                                                                }
                                                            }
                                                        }
                                                    }
                                                }
                                            }
                                        }
                                    }
                                }
                            }
                        },
                        "trainer_advance": {
                            "total": 3.0648033999998257,
                            "count": 4660,
                            "self": 0.08860319999980426,
                            "children": {
                                "process_trajectory": {
                                    "total": 2.9762002000000214,
                                    "count": 4660,
                                    "self": 2.9762002000000214
                                }
                            }
                        }
                    }
                },
                "trainer_threads": {
                    "total": 7.999999951380232e-07,
                    "count": 1,
                    "self": 7.999999951380232e-07
                },
                "TrainerController._save_models": {
                    "total": 0.06988599999999678,
                    "count": 1,
                    "self": 0.007613399999996773,
                    "children": {
                        "RLTrainer._checkpoint": {
                            "total": 0.06227260000000001,
                            "count": 1,
                            "self": 0.06227260000000001
                        }
                    }
                }
            }
        }
    }
}