{
    "MoveToPoint": {
        "checkpoints": [
            {
                "steps": 39979,
                "file_path": "results\\MultiTrainingRamdon9\\MoveToPoint\\MoveToPoint-39979.onnx",
                "reward": -0.8037735849056604,
                "creation_time": 1684526160.574579,
                "auxillary_file_paths": [
                    "results\\MultiTrainingRamdon9\\MoveToPoint\\MoveToPoint-39979.pt"
                ]
            }
        ],
        "final_checkpoint": {
            "steps": 39979,
            "file_path": "results\\MultiTrainingRamdon9\\MoveToPoint.onnx",
            "reward": -0.8037735849056604,
            "creation_time": 1684526160.574579,
            "auxillary_file_paths": [
                "results\\MultiTrainingRamdon9\\MoveToPoint\\MoveToPoint-39979.pt"
            ]
        }
    },
    "metadata": {
        "stats_format_version": "0.3.0",
        "mlagents_version": "0.26.0",
        "torch_version": "1.7.1+cu110"
    }
}