{
    "name": "root",
    "metadata": {
        "timer_format_version": "0.1.0",
        "start_time_seconds": "1684523346",
        "python_version": "3.6.8 (tags/v3.6.8:3c6b436a57, Dec 24 2018, 00:16:47) [MSC v.1916 64 bit (AMD64)]",
        "command_line_arguments": "C:\\Users\\dewei\\Desktop\\IAV23-Chen\\TrabajoIADeweiChen\\V_Env\\Scripts\\mlagents-learn config/moveToPoint.yaml --run-id=TrainingRamdon3",
        "mlagents_version": "0.26.0",
        "mlagents_envs_version": "0.26.0",
        "communication_protocol_version": "1.5.0",
        "pytorch_version": "1.7.1+cu110",
        "numpy_version": "1.19.5",
        "end_time_seconds": "1684523375"
    },
    "total": 29.0908247,
    "count": 1,
    "self": 0.005063599999996171,
    "children": {
        "run_training.setup": {
            "total": 0.0683064,
            "count": 1,
            "self": 0.0683064
        },
        "TrainerController.start_learning": {
            "total": 29.017454700000002,
            "count": 1,
            "self": 0.04484930000003473,
            "children": {
                "TrainerController._reset_env": {
                    "total": 5.624884399999999,
                    "count": 1,
                    "self": 5.624884399999999
                },
                "TrainerController.advance": {
                    "total": 23.27718649999997,
                    "count": 3254,
                    "self": 0.04499290000012479,
                    "children": {
                        "env_step": {
                            "total": 17.087880999999946,
                            "count": 3254,
                            "self": 10.545165999999973,
                            "children": {
                                "SubprocessEnvManager._take_step": {
                                    "total": 6.515530500000006,
                                    "count": 3254,
                                    "self": 0.12551510000004384,
                                    "children": {
                                        "TorchPolicy.evaluate": {
                                            "total": 6.390015399999962,
                                            "count": 3184,
                                            "self": 3.902626500000048,
                                            "children": {
                                                "TorchPolicy.sample_actions": {
                                                    "total": 2.487388899999914,
                                                    "count": 3184,
                                                    "self": 2.487388899999914
                                                }
                                            }
                                        }
                                    }
                                },
                                "workers": {
                                    "total": 0.027184499999965972,
                                    "count": 3253,
                                    "self": 0.0,
                                    "children": {
                                        "worker_root": {
                                            "total": 24.22980359999997,
                                            "count": 3253,
                                            "is_parallel": true,
                                            "self": 15.577829799999998,
                                            "children": {
                                                "steps_from_proto": {
                                                    "total": 0.00019319999999999998,
                                                    "count": 1,
                                                    "is_parallel": true,
                                                    "self": 8.759999999999996e-05,
                                                    "children": {
                                                        "_process_rank_one_or_two_observation": {
                                                            "total": 0.00010560000000000002,
                                                            "count": 2,
                                                            "is_parallel": true,
                                                            "self": 0.00010560000000000002
                                                        }
                                                    }
                                                },
                                                "UnityEnvironment.step": {
                                                    "total": 8.65178059999997,
                                                    "count": 3253,
                                                    "is_parallel": true,
                                                    "self": 0.16812489999998448,
                                                    "children": {
                                                        "UnityEnvironment._generate_step_input": {
                                                            "total": 0.1295782000000394,
                                                            "count": 3253,
                                                            "is_parallel": true,
                                                            "self": 0.1295782000000394
                                                        },
                                                        "communicator.exchange": {
                                                            "total": 7.918501599999993,
                                                            "count": 3253,
                                                            "is_parallel": true,
                                                            "self": 7.918501599999993
                                                        },
                                                        "steps_from_proto": {
                                                            "total": 0.43557589999995416,
                                                            "count": 3253,
                                                            "is_parallel": true,
                                                            "self": 0.2277661999999505,
                                                            "children": {
                                                                "_process_rank_one_or_two_observation": {
                                                                    "total": 0.20780970000000365,
                                                                    "count": 6506,
                                                                    "is_parallel": true,
                                                                    "self": 0.20780970000000365
                                                                }
                                                            }
                                                        }
                                                    }
                                                }
                                            }
                                        }
                                    }
                                }
                            }
                        },
                        "trainer_advance": {
                            "total": 6.144312599999899,
                            "count": 3253,
                            "self": 0.05521879999981838,
                            "children": {
                                "process_trajectory": {
                                    "total": 0.3471307000000774,
                                    "count": 3253,
                                    "self": 0.3471307000000774
                                },
                                "_update_policy": {
                                    "total": 5.741963100000003,
                                    "count": 26,
                                    "self": 0.43333200000003824,
                                    "children": {
                                        "TorchPPOOptimizer.update": {
                                            "total": 5.308631099999965,
                                            "count": 924,
                                            "self": 5.308631099999965
                                        }
                                    }
                                }
                            }
                        }
                    }
                },
                "trainer_threads": {
                    "total": 8.999999998593466e-07,
                    "count": 1,
                    "self": 8.999999998593466e-07
                },
                "TrainerController._save_models": {
                    "total": 0.07053359999999742,
                    "count": 1,
                    "self": 0.007353899999998248,
                    "children": {
                        "RLTrainer._checkpoint": {
                            "total": 0.06317969999999917,
                            "count": 1,
                            "self": 0.06317969999999917
                        }
                    }
                }
            }
        }
    }
}