{
    "MoveToPoint": {
        "checkpoints": [
            {
                "steps": 3182,
                "file_path": "results\\TrainingRamdon3\\MoveToPoint\\MoveToPoint-3182.onnx",
                "reward": null,
                "creation_time": 1684523375.6453085,
                "auxillary_file_paths": [
                    "results\\TrainingRamdon3\\MoveToPoint\\MoveToPoint-3182.pt"
                ]
            }
        ],
        "final_checkpoint": {
            "steps": 3182,
            "file_path": "results\\TrainingRamdon3\\MoveToPoint.onnx",
            "reward": null,
            "creation_time": 1684523375.6453085,
            "auxillary_file_paths": [
                "results\\TrainingRamdon3\\MoveToPoint\\MoveToPoint-3182.pt"
            ]
        }
    },
    "metadata": {
        "stats_format_version": "0.3.0",
        "mlagents_version": "0.26.0",
        "torch_version": "1.7.1+cu110"
    }
}