{
    "name": "root",
    "gauges": {
        "MoveToPoint.Policy.Entropy.mean": {
            "value": 1.2441225051879883,
            "min": 1.2441225051879883,
            "max": 1.4001245498657227,
            "count": 7
        },
        "MoveToPoint.Policy.Entropy.sum": {
            "value": 12328.009765625,
            "min": 12328.009765625,
            "max": 14226.6650390625,
            "count": 7
        },
        "MoveToPoint.Step.mean": {
            "value": 69994.0,
            "min": 9998.0,
            "max": 69994.0,
            "count": 7
        },
        "MoveToPoint.Step.sum": {
            "value": 69994.0,
            "min": 9998.0,
            "max": 69994.0,
            "count": 7
        },
        "MoveToPoint.Policy.ExtrinsicValueEstimate.mean": {
            "value": 0.77034592628479,
            "min": 0.24791546165943146,
            "max": 0.77034592628479,
            "count": 7
        },
        "MoveToPoint.Policy.ExtrinsicValueEstimate.sum": {
            "value": 199.51959228515625,
            "min": 48.5914306640625,
            "max": 199.51959228515625,
            "count": 7
        },
        "MoveToPoint.Losses.PolicyLoss.mean": {
            "value": 0.24441310812928693,
            "min": 0.23682673226881967,
            "max": 0.24978285163951644,
            "count": 7
        },
        "MoveToPoint.Losses.PolicyLoss.sum": {
            "value": 19.553048650342955,
            "min": 10.051961674235692,
            "max": 19.553048650342955,
            "count": 7
        },
        "MoveToPoint.Losses.ValueLoss.mean": {
            "value": 0.0032248094687446363,
            "min": 0.0032248094687446363,
            "max": 0.03292480310185719,
            "count": 7
        },
        "MoveToPoint.Losses.ValueLoss.sum": {
            "value": 0.2579847574995709,
            "min": 0.2579847574995709,
            "max": 1.382841730278002,
            "count": 7
        },
        "MoveToPoint.Policy.LearningRate.mean": {
            "value": 0.0002609578855140425,
            "min": 0.0002609578855140425,
            "max": 0.0002961436155711762,
            "count": 7
        },
        "MoveToPoint.Policy.LearningRate.sum": {
            "value": 0.0208766308411234,
            "min": 0.012438031853989399,
            "max": 0.022112828629057193,
            "count": 7
        },
        "MoveToPoint.Policy.Epsilon.mean": {
            "value": 0.1869859575,
            "min": 0.1869859575,
            "max": 0.19871453809523812,
            "count": 7
        },
        "MoveToPoint.Policy.Epsilon.sum": {
            "value": 14.9588766,
            "min": 8.346010600000001,
            "max": 15.053573199999999,
            "count": 7
        },
        "MoveToPoint.Policy.Beta.mean": {
            "value": 0.00043623119175,
            "min": 0.00043623119175,
            "max": 0.0004937012366666667,
            "count": 7
        },
        "MoveToPoint.Policy.Beta.sum": {
            "value": 0.03489849534,
            "min": 0.02073545194,
            "max": 0.03687761972,
            "count": 7
        },
        "MoveToPoint.Environment.EpisodeLength.mean": {
            "value": 43.13559322033898,
            "min": 43.13559322033898,
            "max": 186.16,
            "count": 7
        },
        "MoveToPoint.Environment.EpisodeLength.sum": {
            "value": 10180.0,
            "min": 9308.0,
            "max": 10275.0,
            "count": 7
        },
        "MoveToPoint.Environment.CumulativeReward.mean": {
            "value": 0.9744680851063829,
            "min": -0.06,
            "max": 0.9744680851063829,
            "count": 7
        },
        "MoveToPoint.Environment.CumulativeReward.sum": {
            "value": 229.0,
            "min": -3.0,
            "max": 229.0,
            "count": 7
        },
        "MoveToPoint.Policy.ExtrinsicReward.mean": {
            "value": 0.9744680851063829,
            "min": -0.06,
            "max": 0.9744680851063829,
            "count": 7
        },
        "MoveToPoint.Policy.ExtrinsicReward.sum": {
            "value": 229.0,
            "min": -3.0,
            "max": 229.0,
            "count": 7
        },
        "MoveToPoint.IsTraining.mean": {
            "value": 1.0,
            "min": 1.0,
            "max": 1.0,
            "count": 7
        },
        "MoveToPoint.IsTraining.sum": {
            "value": 1.0,
            "min": 1.0,
            "max": 1.0,
            "count": 7
        }
    },
    "metadata": {
        "timer_format_version": "0.1.0",
        "start_time_seconds": "1684524810",
        "python_version": "3.6.8 (tags/v3.6.8:3c6b436a57, Dec 24 2018, 00:16:47) [MSC v.1916 64 bit (AMD64)]",
        "command_line_arguments": "C:\\Users\\dewei\\Desktop\\IAV23-Chen\\TrabajoIADeweiChen\\V_Env\\Scripts\\mlagents-learn config/moveToPoint.yaml --run-id=MultiTrainingRamdon6",
        "mlagents_version": "0.26.0",
        "mlagents_envs_version": "0.26.0",
        "communication_protocol_version": "1.5.0",
        "pytorch_version": "1.7.1+cu110",
        "numpy_version": "1.19.5",
        "end_time_seconds": "1684524999"
    },
    "total": 189.0148483,
    "count": 1,
    "self": 0.004457300000012765,
    "children": {
        "run_training.setup": {
            "total": 0.06581050000000001,
            "count": 1,
            "self": 0.06581050000000001
        },
        "TrainerController.start_learning": {
            "total": 188.9445805,
            "count": 1,
            "self": 0.13288070000101015,
            "children": {
                "TrainerController._reset_env": {
                    "total": 5.1325153,
                    "count": 1,
                    "self": 5.1325153
                },
                "TrainerController.advance": {
                    "total": 183.59842159999903,
                    "count": 8570,
                    "self": 0.13544999999953689,
                    "children": {
                        "env_step": {
                            "total": 44.508639099999925,
                            "count": 8570,
                            "self": 30.275839799999147,
                            "children": {
                                "SubprocessEnvManager._take_step": {
                                    "total": 14.155704200000361,
                                    "count": 8570,
                                    "self": 0.36455119999995844,
                                    "children": {
                                        "TorchPolicy.evaluate": {
                                            "total": 13.791153000000403,
                                            "count": 7867,
                                            "self": 8.083603600000783,
                                            "children": {
                                                "TorchPolicy.sample_actions": {
                                                    "total": 5.707549399999619,
                                                    "count": 7867,
                                                    "self": 5.707549399999619
                                                }
                                            }
                                        }
                                    }
                                },
                                "workers": {
                                    "total": 0.07709510000041853,
                                    "count": 8569,
                                    "self": 0.0,
                                    "children": {
                                        "worker_root": {
                                            "total": 184.5474963000005,
                                            "count": 8569,
                                            "is_parallel": true,
                                            "self": 160.99419520000026,
                                            "children": {
                                                "steps_from_proto": {
                                                    "total": 0.0002456,
                                                    "count": 1,
                                                    "is_parallel": true,
                                                    "self": 9.49e-05,
                                                    "children": {
                                                        "_process_rank_one_or_two_observation": {
                                                            "total": 0.0001507,
                                                            "count": 2,
                                                            "is_parallel": true,
                                                            "self": 0.0001507
                                                        }
                                                    }
                                                },
                                                "UnityEnvironment.step": {
                                                    "total": 23.553055500000212,
                                                    "count": 8569,
                                                    "is_parallel": true,
                                                    "self": 0.6220766999993472,
                                                    "children": {
                                                        "UnityEnvironment._generate_step_input": {
                                                            "total": 0.9079030000009667,
                                                            "count": 8569,
                                                            "is_parallel": true,
                                                            "self": 0.9079030000009667
                                                        },
                                                        "communicator.exchange": {
                                                            "total": 20.348211899999463,
                                                            "count": 8569,
                                                            "is_parallel": true,
                                                            "self": 20.348211899999463
                                                        },
                                                        "steps_from_proto": {
                                                            "total": 1.674863900000435,
                                                            "count": 8569,
                                                            "is_parallel": true,
                                                            "self": 0.6955512000014838,
                                                            "children": {
                                                                "_process_rank_one_or_two_observation": {
                                                                    "total": 0.9793126999989512,
                                                                    "count": 17138,
                                                                    "is_parallel": true,
                                                                    "self": 0.9793126999989512
                                                                }
                                                            }
                                                        }
                                                    }
                                                }
                                            }
                                        }
                                    }
                                }
                            }
                        },
                        "trainer_advance": {
                            "total": 138.95433249999957,
                            "count": 8569,
                            "self": 0.198678899999436,
                            "children": {
                                "process_trajectory": {
                                    "total": 5.624156299999976,
                                    "count": 8569,
                                    "self": 5.624156299999976
                                },
                                "_update_policy": {
                                    "total": 133.13149730000015,
                                    "count": 514,
                                    "self": 10.0780354999999,
                                    "children": {
                                        "TorchPPOOptimizer.update": {
                                            "total": 123.05346180000025,
                                            "count": 20391,
                                            "self": 123.05346180000025
                                        }
                                    }
                                }
                            }
                        }
                    }
                },
                "trainer_threads": {
                    "total": 8.999999749903509e-07,
                    "count": 1,
                    "self": 8.999999749903509e-07
                },
                "TrainerController._save_models": {
                    "total": 0.0807619999999929,
                    "count": 1,
                    "self": 0.00864629999998101,
                    "children": {
                        "RLTrainer._checkpoint": {
                            "total": 0.07211570000001188,
                            "count": 1,
                            "self": 0.07211570000001188
                        }
                    }
                }
            }
        }
    }
}