{
    "name": "root",
    "metadata": {
        "timer_format_version": "0.1.0",
        "start_time_seconds": "1684523276",
        "python_version": "3.6.8 (tags/v3.6.8:3c6b436a57, Dec 24 2018, 00:16:47) [MSC v.1916 64 bit (AMD64)]",
        "command_line_arguments": "C:\\Users\\dewei\\Desktop\\IAV23-Chen\\TrabajoIADeweiChen\\V_Env\\Scripts\\mlagents-learn config/moveToPoint.yaml --run-id=TrainingRamdon2",
        "mlagents_version": "0.26.0",
        "mlagents_envs_version": "0.26.0",
        "communication_protocol_version": "1.5.0",
        "pytorch_version": "1.7.1+cu110",
        "numpy_version": "1.19.5",
        "end_time_seconds": "1684523318"
    },
    "total": 41.9934674,
    "count": 1,
    "self": 0.0053491999999977224,
    "children": {
        "run_training.setup": {
            "total": 0.0689671,
            "count": 1,
            "self": 0.0689671
        },
        "TrainerController.start_learning": {
            "total": 41.9191511,
            "count": 1,
            "self": 0.06893249999985329,
            "children": {
                "TrainerController._reset_env": {
                    "total": 5.4365497000000005,
                    "count": 1,
                    "self": 5.4365497000000005
                },
                "TrainerController.advance": {
                    "total": 36.36120680000014,
                    "count": 5032,
                    "self": 0.07197900000060287,
                    "children": {
                        "env_step": {
                            "total": 26.924827199999886,
                            "count": 5032,
                            "self": 16.28948519999947,
                            "children": {
                                "SubprocessEnvManager._take_step": {
                                    "total": 10.592404500000267,
                                    "count": 5032,
                                    "self": 0.20317630000039344,
                                    "children": {
                                        "TorchPolicy.evaluate": {
                                            "total": 10.389228199999874,
                                            "count": 5003,
                                            "self": 6.6514129999997245,
                                            "children": {
                                                "TorchPolicy.sample_actions": {
                                                    "total": 3.737815200000149,
                                                    "count": 5003,
                                                    "self": 3.737815200000149
                                                }
                                            }
                                        }
                                    }
                                },
                                "workers": {
                                    "total": 0.042937500000149065,
                                    "count": 5032,
                                    "self": 0.0,
                                    "children": {
                                        "worker_root": {
                                            "total": 37.300659400000185,
                                            "count": 5032,
                                            "is_parallel": true,
                                            "self": 23.962419900000164,
                                            "children": {
                                                "steps_from_proto": {
                                                    "total": 0.0002108,
                                                    "count": 1,
                                                    "is_parallel": true,
                                                    "self": 8.650000000000002e-05,
                                                    "children": {
                                                        "_process_rank_one_or_two_observation": {
                                                            "total": 0.00012429999999999999,
                                                            "count": 2,
                                                            "is_parallel": true,
                                                            "self": 0.00012429999999999999
                                                        }
                                                    }
                                                },
                                                "UnityEnvironment.step": {
                                                    "total": 13.33802870000002,
                                                    "count": 5032,
                                                    "is_parallel": true,
                                                    "self": 0.26360719999961724,
                                                    "children": {
                                                        "UnityEnvironment._generate_step_input": {
                                                            "total": 0.20430700000004798,
                                                            "count": 5032,
                                                            "is_parallel": true,
                                                            "self": 0.20430700000004798
                                                        },
                                                        "communicator.exchange": {
                                                            "total": 12.1827307000001,
                                                            "count": 5032,
                                                            "is_parallel": true,
                                                            "self": 12.1827307000001
                                                        },
                                                        "steps_from_proto": {
                                                            "total": 0.6873838000002546,
                                                            "count": 5032,
                                                            "is_parallel": true,
                                                            "self": 0.3610393000002652,
                                                            "children": {
                                                                "_process_rank_one_or_two_observation": {
                                                                    "total": 0.3263444999999894,
                                                                    "count": 10064,
                                                                    "is_parallel": true,
                                                                    "self": 0.3263444999999894
                                                                }
                                                            }
                                                        }
                                                    }
                                                }
                                            }
                                        }
                                    }
                                }
                            }
                        },
                        "trainer_advance": {
                            "total": 9.364400599999655,
                            "count": 5032,
                            "self": 0.08847389999954203,
                            "children": {
                                "process_trajectory": {
                                    "total": 0.4042382000001199,
                                    "count": 5032,
                                    "self": 0.4042382000001199
                                },
                                "_update_policy": {
                                    "total": 8.871688499999994,
                                    "count": 38,
                                    "self": 0.6748223999999965,
                                    "children": {
                                        "TorchPPOOptimizer.update": {
                                            "total": 8.196866099999998,
                                            "count": 1413,
                                            "self": 8.196866099999998
                                        }
                                    }
                                }
                            }
                        }
                    }
                },
                "trainer_threads": {
                    "total": 7.000000010748408e-07,
                    "count": 1,
                    "self": 7.000000010748408e-07
                },
                "TrainerController._save_models": {
                    "total": 0.052461400000005654,
                    "count": 1,
                    "self": 0.0050724000000030856,
                    "children": {
                        "RLTrainer._checkpoint": {
                            "total": 0.04738900000000257,
                            "count": 1,
                            "self": 0.04738900000000257
                        }
                    }
                }
            }
        }
    }
}