{
    "MoveToPoint": {
        "checkpoints": [
            {
                "steps": 5003,
                "file_path": "results\\TrainingRamdon2\\MoveToPoint\\MoveToPoint-5003.onnx",
                "reward": null,
                "creation_time": 1684523318.28986,
                "auxillary_file_paths": [
                    "results\\TrainingRamdon2\\MoveToPoint\\MoveToPoint-5003.pt"
                ]
            }
        ],
        "final_checkpoint": {
            "steps": 5003,
            "file_path": "results\\TrainingRamdon2\\MoveToPoint.onnx",
            "reward": null,
            "creation_time": 1684523318.28986,
            "auxillary_file_paths": [
                "results\\TrainingRamdon2\\MoveToPoint\\MoveToPoint-5003.pt"
            ]
        }
    },
    "metadata": {
        "stats_format_version": "0.3.0",
        "mlagents_version": "0.26.0",
        "torch_version": "1.7.1+cu110"
    }
}