{
    "name": "root",
    "gauges": {
        "OpenDoor.Policy.Entropy.mean": {
            "value": 0.8651337623596191,
            "min": 0.8651337623596191,
            "max": 2.1612110137939453,
            "count": 25
        },
        "OpenDoor.Policy.Entropy.sum": {
            "value": 17378.806640625,
            "min": 17378.806640625,
            "max": 45106.6328125,
            "count": 25
        },
        "OpenDoor.Environment.EpisodeLength.mean": {
            "value": 94.9860465116279,
            "min": 94.9860465116279,
            "max": 151.7669172932331,
            "count": 25
        },
        "OpenDoor.Environment.EpisodeLength.sum": {
            "value": 20422.0,
            "min": 18501.0,
            "max": 20422.0,
            "count": 25
        },
        "OpenDoor.Step.mean": {
            "value": 499939.0,
            "min": 19967.0,
            "max": 499939.0,
            "count": 25
        },
        "OpenDoor.Step.sum": {
            "value": 499939.0,
            "min": 19967.0,
            "max": 499939.0,
            "count": 25
        },
        "OpenDoor.Policy.ExtrinsicValueEstimate.mean": {
            "value": 0.06061383709311485,
            "min": -0.14150744676589966,
            "max": 0.47328537702560425,
            "count": 25
        },
        "OpenDoor.Policy.ExtrinsicValueEstimate.sum": {
            "value": 24.972900390625,
            "min": -56.036949157714844,
            "max": 201.61956787109375,
            "count": 25
        },
        "OpenDoor.Policy.GailValueEstimate.mean": {
            "value": 3.787925958633423,
            "min": 3.787925958633423,
            "max": 14.091376304626465,
            "count": 25
        },
        "OpenDoor.Policy.GailValueEstimate.sum": {
            "value": 1560.62548828125,
            "min": 1551.060791015625,
            "max": 5777.46435546875,
            "count": 25
        },
        "OpenDoor.Environment.CumulativeReward.mean": {
            "value": 0.6990740740740741,
            "min": -0.4016393442622951,
            "max": 1.6436781609195403,
            "count": 25
        },
        "OpenDoor.Environment.CumulativeReward.sum": {
            "value": 151.0,
            "min": -49.0,
            "max": 286.0,
            "count": 25
        },
        "OpenDoor.Policy.ExtrinsicReward.mean": {
            "value": 0.6990740740740741,
            "min": -0.4016393442622951,
            "max": 1.6436781609195403,
            "count": 25
        },
        "OpenDoor.Policy.ExtrinsicReward.sum": {
            "value": 151.0,
            "min": -49.0,
            "max": 286.0,
            "count": 25
        },
        "OpenDoor.Policy.GailReward.mean": {
            "value": 10.672813794243632,
            "min": 10.56219326670176,
            "max": 23.45510162130714,
            "count": 25
        },
        "OpenDoor.Policy.GailReward.sum": {
            "value": 2305.3277795566246,
            "min": 2049.0654937401414,
            "max": 3447.8999383321498,
            "count": 25
        },
        "OpenDoor.Losses.PolicyLoss.mean": {
            "value": 0.04295112590076761,
            "min": 0.03797063927509283,
            "max": 0.04920719066030232,
            "count": 25
        },
        "OpenDoor.Losses.PolicyLoss.sum": {
            "value": 0.8160713921145847,
            "min": 0.6216133759357034,
            "max": 0.9349366225457441,
            "count": 25
        },
        "OpenDoor.Losses.ValueLoss.mean": {
            "value": 1.9034171039075185,
            "min": 0.6338307949265948,
            "max": 12.910465403868441,
            "count": 25
        },
        "OpenDoor.Losses.ValueLoss.sum": {
            "value": 36.16492497424285,
            "min": 11.408954308678705,
            "max": 245.2988426735004,
            "count": 25
        },
        "OpenDoor.Policy.LearningRate.mean": {
            "value": 6.154392685410522e-06,
            "min": 6.154392685410522e-06,
            "max": 0.0002935345146551625,
            "count": 25
        },
        "OpenDoor.Policy.LearningRate.sum": {
            "value": 0.0001169334610227999,
            "min": 0.0001169334610227999,
            "max": 0.0053623273125576,
            "count": 25
        },
        "OpenDoor.Policy.Epsilon.mean": {
            "value": 0.10205143157894737,
            "min": 0.10205143157894737,
            "max": 0.1978448375,
            "count": 25
        },
        "OpenDoor.Policy.Epsilon.sum": {
            "value": 1.9389772,
            "min": 1.9389772,
            "max": 3.6874423999999997,
            "count": 25
        },
        "OpenDoor.Policy.Beta.mean": {
            "value": 2.0052014736842094e-05,
            "min": 2.0052014736842094e-05,
            "max": 0.0004894397037499999,
            "count": 25
        },
        "OpenDoor.Policy.Beta.sum": {
            "value": 0.0003809882799999998,
            "min": 0.0003809882799999998,
            "max": 0.008948467759999999,
            "count": 25
        },
        "OpenDoor.Policy.GAILPolicyEstimate.mean": {
            "value": 0.35633406480937674,
            "min": 0.35621027551867346,
            "max": 0.4955576935358215,
            "count": 25
        },
        "OpenDoor.Policy.GAILPolicyEstimate.sum": {
            "value": 6.770347231378158,
            "min": 6.4117849593361225,
            "max": 9.415596177180609,
            "count": 25
        },
        "OpenDoor.Policy.GAILExpertEstimate.mean": {
            "value": 0.6771234574547984,
            "min": 0.48212966322898854,
            "max": 0.6771234574547984,
            "count": 25
        },
        "OpenDoor.Policy.GAILExpertEstimate.sum": {
            "value": 12.86534569164117,
            "min": 9.160463601350783,
            "max": 12.86534569164117,
            "count": 25
        },
        "OpenDoor.Losses.GAILLoss.mean": {
            "value": 0.9328348244491375,
            "min": 0.9328348244491375,
            "max": 1.6137648567295912,
            "count": 25
        },
        "OpenDoor.Losses.GAILLoss.sum": {
            "value": 17.72386166453361,
            "min": 16.863318890333176,
            "max": 30.661532277862232,
            "count": 25
        },
        "OpenDoor.Policy.GAILGradMagLoss.mean": {
            "value": 0.08522032139201957,
            "min": 0.06524595379698696,
            "max": 2.219487728861471,
            "count": 25
        },
        "OpenDoor.Policy.GAILGradMagLoss.sum": {
            "value": 1.619186106448372,
            "min": 1.2396731221427522,
            "max": 35.51180366178354,
            "count": 25
        },
        "OpenDoor.Losses.PretrainingLoss.mean": {
            "value": 0.3653885520863951,
            "min": 0.3653885520863951,
            "max": 0.8232296941181024,
            "count": 25
        },
        "OpenDoor.Losses.PretrainingLoss.sum": {
            "value": 6.942382489641506,
            "min": 6.5917114441593485,
            "max": 13.171675105889639,
            "count": 25
        },
        "OpenDoor.IsTraining.mean": {
            "value": 1.0,
            "min": 1.0,
            "max": 1.0,
            "count": 25
        },
        "OpenDoor.IsTraining.sum": {
            "value": 1.0,
            "min": 1.0,
            "max": 1.0,
            "count": 25
        }
    },
    "metadata": {
        "timer_format_version": "0.1.0",
        "start_time_seconds": "1685007707",
        "python_version": "3.6.8 (tags/v3.6.8:3c6b436a57, Dec 24 2018, 00:16:47) [MSC v.1916 64 bit (AMD64)]",
        "command_line_arguments": "C:\\Users\\dewei\\Desktop\\IAV23-Chen\\TrabajoIADeweiChen\\V_Env\\Scripts\\mlagents-learn config\\OpenDoor_Imitation.yaml --run-id=OD_Imi --force",
        "mlagents_version": "0.26.0",
        "mlagents_envs_version": "0.26.0",
        "communication_protocol_version": "1.5.0",
        "pytorch_version": "1.7.1+cu110",
        "numpy_version": "1.19.5",
        "end_time_seconds": "1685008169"
    },
    "total": 461.8568075,
    "count": 1,
    "self": 0.007122799999990548,
    "children": {
        "run_training.setup": {
            "total": 0.0661745,
            "count": 1,
            "self": 0.0661745
        },
        "TrainerController.start_learning": {
            "total": 461.7835102,
            "count": 1,
            "self": 0.3430852999983358,
            "children": {
                "TrainerController._reset_env": {
                    "total": 8.016665,
                    "count": 1,
                    "self": 7.2908264,
                    "children": {
                        "demo_to_buffer": {
                            "total": 0.7258385999999994,
                            "count": 2,
                            "self": 6.920000000043558e-05,
                            "children": {
                                "load_demonstration": {
                                    "total": 0.011092999999999797,
                                    "count": 2,
                                    "self": 0.010969700000000415,
                                    "children": {
                                        "read_file": {
                                            "total": 0.00012329999999938224,
                                            "count": 2,
                                            "self": 0.00012329999999938224
                                        }
                                    }
                                },
                                "make_demo_buffer": {
                                    "total": 0.7146763999999992,
                                    "count": 2,
                                    "self": 0.14832930000004207,
                                    "children": {
                                        "steps_from_proto": {
                                            "total": 0.5663470999999571,
                                            "count": 4764,
                                            "self": 0.39703919999992365,
                                            "children": {
                                                "_process_rank_one_or_two_observation": {
                                                    "total": 0.16930790000003348,
                                                    "count": 9528,
                                                    "self": 0.16930790000003348
                                                }
                                            }
                                        }
                                    }
                                }
                            }
                        }
                    }
                },
                "TrainerController.advance": {
                    "total": 453.36006120000167,
                    "count": 21244,
                    "self": 0.33908140000403364,
                    "children": {
                        "env_step": {
                            "total": 181.8863274999959,
                            "count": 21244,
                            "self": 119.46922039999382,
                            "children": {
                                "SubprocessEnvManager._take_step": {
                                    "total": 62.21788830000514,
                                    "count": 21244,
                                    "self": 0.9447834000049582,
                                    "children": {
                                        "TorchPolicy.evaluate": {
                                            "total": 61.273104900000185,
                                            "count": 18546,
                                            "self": 24.32744199999845,
                                            "children": {
                                                "TorchPolicy.sample_actions": {
                                                    "total": 36.945662900001736,
                                                    "count": 18546,
                                                    "self": 36.945662900001736
                                                }
                                            }
                                        }
                                    }
                                },
                                "workers": {
                                    "total": 0.1992187999969417,
                                    "count": 21244,
                                    "self": 0.0,
                                    "children": {
                                        "worker_root": {
                                            "total": 454.8966989999983,
                                            "count": 21244,
                                            "is_parallel": true,
                                            "self": 361.39218339999684,
                                            "children": {
                                                "steps_from_proto": {
                                                    "total": 0.0004984,
                                                    "count": 1,
                                                    "is_parallel": true,
                                                    "self": 0.0002119,
                                                    "children": {
                                                        "_process_rank_one_or_two_observation": {
                                                            "total": 0.00028649999999999997,
                                                            "count": 2,
                                                            "is_parallel": true,
                                                            "self": 0.00028649999999999997
                                                        }
                                                    }
                                                },
                                                "UnityEnvironment.step": {
                                                    "total": 93.50401720000144,
                                                    "count": 21244,
                                                    "is_parallel": true,
                                                    "self": 2.381746200014959,
                                                    "children": {
                                                        "UnityEnvironment._generate_step_input": {
                                                            "total": 4.811262999996181,
                                                            "count": 21244,
                                                            "is_parallel": true,
                                                            "self": 4.811262999996181
                                                        },
                                                        "communicator.exchange": {
                                                            "total": 78.74810339999499,
                                                            "count": 21244,
                                                            "is_parallel": true,
                                                            "self": 78.74810339999499
                                                        },
                                                        "steps_from_proto": {
                                                            "total": 7.562904599995302,
                                                            "count": 21244,
                                                            "is_parallel": true,
                                                            "self": 3.191035699993596,
                                                            "children": {
                                                                "_process_rank_one_or_two_observation": {
                                                                    "total": 4.371868900001706,
                                                                    "count": 42488,
                                                                    "is_parallel": true,
                                                                    "self": 4.371868900001706
                                                                }
                                                            }
                                                        }
                                                    }
                                                }
                                            }
                                        }
                                    }
                                }
                            }
                        },
                        "trainer_advance": {
                            "total": 271.13465230000173,
                            "count": 21244,
                            "self": 0.6827561000019955,
                            "children": {
                                "process_trajectory": {
                                    "total": 50.83857439999977,
                                    "count": 21244,
                                    "self": 50.76394959999979,
                                    "children": {
                                        "RLTrainer._checkpoint": {
                                            "total": 0.07462479999998095,
                                            "count": 1,
                                            "self": 0.07462479999998095
                                        }
                                    }
                                },
                                "_update_policy": {
                                    "total": 219.61332179999994,
                                    "count": 467,
                                    "self": 106.0813950999978,
                                    "children": {
                                        "TorchPPOOptimizer.update": {
                                            "total": 102.30870879999854,
                                            "count": 5625,
                                            "self": 102.30870879999854
                                        },
                                        "TorchPolicy.sample_actions": {
                                            "total": 11.223217900003593,
                                            "count": 5604,
                                            "self": 11.223217900003593
                                        }
                                    }
                                }
                            }
                        }
                    }
                },
                "trainer_threads": {
                    "total": 9.000000318337698e-07,
                    "count": 1,
                    "self": 9.000000318337698e-07
                },
                "TrainerController._save_models": {
                    "total": 0.06369779999999992,
                    "count": 1,
                    "self": 0.008308599999963917,
                    "children": {
                        "RLTrainer._checkpoint": {
                            "total": 0.055389200000036,
                            "count": 1,
                            "self": 0.055389200000036
                        }
                    }
                }
            }
        }
    }
}