{
    "OpenDoor": {
        "checkpoints": [
            {
                "steps": 499939,
                "file_path": "results\\OD_Imi\\OpenDoor\\OpenDoor-499939.onnx",
                "reward": 0.5555555555555556,
                "creation_time": 1685008169.044144,
                "auxillary_file_paths": [
                    "results\\OD_Imi\\OpenDoor\\OpenDoor-499939.pt"
                ]
            },
            {
                "steps": 500003,
                "file_path": "results\\OD_Imi\\OpenDoor\\OpenDoor-500003.onnx",
                "reward": 0.5555555555555556,
                "creation_time": 1685008169.105486,
                "auxillary_file_paths": [
                    "results\\OD_Imi\\OpenDoor\\OpenDoor-500003.pt"
                ]
            }
        ],
        "final_checkpoint": {
            "steps": 500003,
            "file_path": "results\\OD_Imi\\OpenDoor.onnx",
            "reward": 0.5555555555555556,
            "creation_time": 1685008169.105486,
            "auxillary_file_paths": [
                "results\\OD_Imi\\OpenDoor\\OpenDoor-500003.pt"
            ]
        }
    },
    "metadata": {
        "stats_format_version": "0.3.0",
        "mlagents_version": "0.26.0",
        "torch_version": "1.7.1+cu110"
    }
}