{
    "name": "root",
    "gauges": {
        "OpenDoor.Policy.Entropy.mean": {
            "value": 0.6859751343727112,
            "min": 0.49098414182662964,
            "max": 0.7843184471130371,
            "count": 25
        },
        "OpenDoor.Policy.Entropy.sum": {
            "value": 13724.3046875,
            "min": 9849.6328125,
            "max": 15797.7421875,
            "count": 25
        },
        "OpenDoor.Environment.EpisodeLength.mean": {
            "value": 46.46080760095012,
            "min": 46.378250591016545,
            "max": 123.8525641025641,
            "count": 25
        },
        "OpenDoor.Environment.EpisodeLength.sum": {
            "value": 19560.0,
            "min": 18743.0,
            "max": 20597.0,
            "count": 25
        },
        "OpenDoor.Step.mean": {
            "value": 499953.0,
            "min": 19994.0,
            "max": 499953.0,
            "count": 25
        },
        "OpenDoor.Step.sum": {
            "value": 499953.0,
            "min": 19994.0,
            "max": 499953.0,
            "count": 25
        },
        "OpenDoor.Policy.ExtrinsicValueEstimate.mean": {
            "value": 1.0751512050628662,
            "min": 0.16194885969161987,
            "max": 1.0751512050628662,
            "count": 25
        },
        "OpenDoor.Policy.ExtrinsicValueEstimate.sum": {
            "value": 452.638671875,
            "min": 65.10343933105469,
            "max": 452.9892883300781,
            "count": 25
        },
        "OpenDoor.Environment.CumulativeReward.mean": {
            "value": 2.0,
            "min": 1.0920245398773005,
            "max": 2.0,
            "count": 25
        },
        "OpenDoor.Environment.CumulativeReward.sum": {
            "value": 842.0,
            "min": 178.0,
            "max": 842.0,
            "count": 25
        },
        "OpenDoor.Policy.ExtrinsicReward.mean": {
            "value": 2.0,
            "min": 1.0920245398773005,
            "max": 2.0,
            "count": 25
        },
        "OpenDoor.Policy.ExtrinsicReward.sum": {
            "value": 842.0,
            "min": 178.0,
            "max": 842.0,
            "count": 25
        },
        "OpenDoor.Losses.PolicyLoss.mean": {
            "value": 0.04268827450894669,
            "min": 0.03979684160450441,
            "max": 0.04818356479926591,
            "count": 25
        },
        "OpenDoor.Losses.PolicyLoss.sum": {
            "value": 0.811077215669987,
            "min": 0.7561399904855838,
            "max": 0.9154877311860522,
            "count": 25
        },
        "OpenDoor.Losses.ValueLoss.mean": {
            "value": 0.003414899753120711,
            "min": 0.003414899753120711,
            "max": 0.0670190246818356,
            "count": 25
        },
        "OpenDoor.Losses.ValueLoss.sum": {
            "value": 0.06488309530929351,
            "min": 0.06488309530929351,
            "max": 1.1393234195912052,
            "count": 25
        },
        "OpenDoor.Policy.LearningRate.mean": {
            "value": 5.90934013551579e-06,
            "min": 5.90934013551579e-06,
            "max": 0.00029339682573047057,
            "count": 25
        },
        "OpenDoor.Policy.LearningRate.sum": {
            "value": 0.00011227746257480001,
            "min": 0.00011227746257480001,
            "max": 0.0053544757151748,
            "count": 25
        },
        "OpenDoor.Policy.Epsilon.mean": {
            "value": 0.10196974736842104,
            "min": 0.10196974736842104,
            "max": 0.1977989411764706,
            "count": 25
        },
        "OpenDoor.Policy.Epsilon.sum": {
            "value": 1.9374251999999998,
            "min": 1.9374251999999998,
            "max": 3.6848252,
            "count": 25
        },
        "OpenDoor.Policy.Beta.mean": {
            "value": 1.9651762105263156e-05,
            "min": 1.9651762105263156e-05,
            "max": 0.0004892148117647058,
            "count": 25
        },
        "OpenDoor.Policy.Beta.sum": {
            "value": 0.00037338347999999995,
            "min": 0.00037338347999999995,
            "max": 0.00893564348,
            "count": 25
        },
        "OpenDoor.IsTraining.mean": {
            "value": 1.0,
            "min": 1.0,
            "max": 1.0,
            "count": 25
        },
        "OpenDoor.IsTraining.sum": {
            "value": 1.0,
            "min": 1.0,
            "max": 1.0,
            "count": 25
        }
    },
    "metadata": {
        "timer_format_version": "0.1.0",
        "start_time_seconds": "1685008696",
        "python_version": "3.6.8 (tags/v3.6.8:3c6b436a57, Dec 24 2018, 00:16:47) [MSC v.1916 64 bit (AMD64)]",
        "command_line_arguments": "C:\\Users\\dewei\\Desktop\\IAV23-Chen\\TrabajoIADeweiChen\\V_Env\\Scripts\\mlagents-learn config\\OpenDoor.yaml --initialize-from=OD_Imi --run-id=OD2",
        "mlagents_version": "0.26.0",
        "mlagents_envs_version": "0.26.0",
        "communication_protocol_version": "1.5.0",
        "pytorch_version": "1.7.1+cu110",
        "numpy_version": "1.19.5",
        "end_time_seconds": "1685009043"
    },
    "total": 346.89267559999996,
    "count": 1,
    "self": 0.0055592999999589665,
    "children": {
        "run_training.setup": {
            "total": 0.0674468,
            "count": 1,
            "self": 0.0674468
        },
        "TrainerController.start_learning": {
            "total": 346.8196695,
            "count": 1,
            "self": 0.3668152999982226,
            "children": {
                "TrainerController._reset_env": {
                    "total": 6.7849732,
                    "count": 1,
                    "self": 6.7849732
                },
                "TrainerController.advance": {
                    "total": 339.60484010000164,
                    "count": 23716,
                    "self": 0.3550661000083437,
                    "children": {
                        "env_step": {
                            "total": 189.23738399999462,
                            "count": 23716,
                            "self": 126.46533449999382,
                            "children": {
                                "SubprocessEnvManager._take_step": {
                                    "total": 62.56289760000076,
                                    "count": 23716,
                                    "self": 0.9421336000003961,
                                    "children": {
                                        "TorchPolicy.evaluate": {
                                            "total": 61.620764000000364,
                                            "count": 18544,
                                            "self": 24.552635499999155,
                                            "children": {
                                                "TorchPolicy.sample_actions": {
                                                    "total": 37.06812850000121,
                                                    "count": 18544,
                                                    "self": 37.06812850000121
                                                }
                                            }
                                        }
                                    }
                                },
                                "workers": {
                                    "total": 0.20915190000005346,
                                    "count": 23716,
                                    "self": 0.0,
                                    "children": {
                                        "worker_root": {
                                            "total": 340.4949390000012,
                                            "count": 23716,
                                            "is_parallel": true,
                                            "self": 241.27434339999672,
                                            "children": {
                                                "steps_from_proto": {
                                                    "total": 0.0004785,
                                                    "count": 1,
                                                    "is_parallel": true,
                                                    "self": 0.0002034999999999999,
                                                    "children": {
                                                        "_process_rank_one_or_two_observation": {
                                                            "total": 0.00027500000000000007,
                                                            "count": 2,
                                                            "is_parallel": true,
                                                            "self": 0.00027500000000000007
                                                        }
                                                    }
                                                },
                                                "UnityEnvironment.step": {
                                                    "total": 99.22011710000444,
                                                    "count": 23716,
                                                    "is_parallel": true,
                                                    "self": 2.5265686000070247,
                                                    "children": {
                                                        "UnityEnvironment._generate_step_input": {
                                                            "total": 4.8373466999984585,
                                                            "count": 23716,
                                                            "is_parallel": true,
                                                            "self": 4.8373466999984585
                                                        },
                                                        "communicator.exchange": {
                                                            "total": 83.82162710000078,
                                                            "count": 23716,
                                                            "is_parallel": true,
                                                            "self": 83.82162710000078
                                                        },
                                                        "steps_from_proto": {
                                                            "total": 8.034574699998169,
                                                            "count": 23716,
                                                            "is_parallel": true,
                                                            "self": 3.428351499995994,
                                                            "children": {
                                                                "_process_rank_one_or_two_observation": {
                                                                    "total": 4.606223200002175,
                                                                    "count": 47432,
                                                                    "is_parallel": true,
                                                                    "self": 4.606223200002175
                                                                }
                                                            }
                                                        }
                                                    }
                                                }
                                            }
                                        }
                                    }
                                }
                            }
                        },
                        "trainer_advance": {
                            "total": 150.01238999999865,
                            "count": 23716,
                            "self": 0.73103600000087,
                            "children": {
                                "process_trajectory": {
                                    "total": 39.93483059999769,
                                    "count": 23716,
                                    "self": 39.865457099997705,
                                    "children": {
                                        "RLTrainer._checkpoint": {
                                            "total": 0.06937349999998332,
                                            "count": 1,
                                            "self": 0.06937349999998332
                                        }
                                    }
                                },
                                "_update_policy": {
                                    "total": 109.34652340000008,
                                    "count": 472,
                                    "self": 61.35245749999794,
                                    "children": {
                                        "TorchPPOOptimizer.update": {
                                            "total": 47.99406590000214,
                                            "count": 5676,
                                            "self": 47.99406590000214
                                        }
                                    }
                                }
                            }
                        }
                    }
                },
                "trainer_threads": {
                    "total": 7.00000043707405e-07,
                    "count": 1,
                    "self": 7.00000043707405e-07
                },
                "TrainerController._save_models": {
                    "total": 0.06304020000004584,
                    "count": 1,
                    "self": 0.008382800000049428,
                    "children": {
                        "RLTrainer._checkpoint": {
                            "total": 0.054657399999996414,
                            "count": 1,
                            "self": 0.054657399999996414
                        }
                    }
                }
            }
        }
    }
}