{
    "OpenDoor": {
        "checkpoints": [
            {
                "steps": 499953,
                "file_path": "results\\OD2\\OpenDoor\\OpenDoor-499953.onnx",
                "reward": 2.0,
                "creation_time": 1685009043.2034318,
                "auxillary_file_paths": [
                    "results\\OD2\\OpenDoor\\OpenDoor-499953.pt"
                ]
            },
            {
                "steps": 500047,
                "file_path": "results\\OD2\\OpenDoor\\OpenDoor-500047.onnx",
                "reward": 2.0,
                "creation_time": 1685009043.313713,
                "auxillary_file_paths": [
                    "results\\OD2\\OpenDoor\\OpenDoor-500047.pt"
                ]
            }
        ],
        "final_checkpoint": {
            "steps": 500047,
            "file_path": "results\\OD2\\OpenDoor.onnx",
            "reward": 2.0,
            "creation_time": 1685009043.313713,
            "auxillary_file_paths": [
                "results\\OD2\\OpenDoor\\OpenDoor-500047.pt"
            ]
        }
    },
    "metadata": {
        "stats_format_version": "0.3.0",
        "mlagents_version": "0.26.0",
        "torch_version": "1.7.1+cu110"
    }
}