{
    "name": "root",
    "gauges": {
        "OpenDoor.Policy.Entropy.mean": {
            "value": 1.9165571928024292,
            "min": 1.9165571928024292,
            "max": 2.074193239212036,
            "count": 2
        },
        "OpenDoor.Policy.Entropy.sum": {
            "value": 38292.8125,
            "min": 38292.8125,
            "max": 42058.4140625,
            "count": 2
        },
        "OpenDoor.Environment.EpisodeLength.mean": {
            "value": 67.66037735849056,
            "min": 67.66037735849056,
            "max": 67.66037735849056,
            "count": 1
        },
        "OpenDoor.Environment.EpisodeLength.sum": {
            "value": 10758.0,
            "min": 10758.0,
            "max": 10758.0,
            "count": 1
        },
        "OpenDoor.Step.mean": {
            "value": 39973.0,
            "min": 19941.0,
            "max": 39973.0,
            "count": 2
        },
        "OpenDoor.Step.sum": {
            "value": 39973.0,
            "min": 19941.0,
            "max": 39973.0,
            "count": 2
        },
        "OpenDoor.Policy.ExtrinsicValueEstimate.mean": {
            "value": -0.007264202926307917,
            "min": -0.8134512305259705,
            "max": -0.007264202926307917,
            "count": 2
        },
        "OpenDoor.Policy.ExtrinsicValueEstimate.sum": {
            "value": -2.273695468902588,
            "min": -315.61907958984375,
            "max": -2.273695468902588,
            "count": 2
        },
        "OpenDoor.Environment.CumulativeReward.mean": {
            "value": -0.990842249305954,
            "min": -0.990842249305954,
            "max": -0.990842249305954,
            "count": 1
        },
        "OpenDoor.Environment.CumulativeReward.sum": {
            "value": -157.54391763964668,
            "min": -157.54391763964668,
            "max": -157.54391763964668,
            "count": 1
        },
        "OpenDoor.Policy.ExtrinsicReward.mean": {
            "value": -0.990842249305954,
            "min": -0.990842249305954,
            "max": -0.990842249305954,
            "count": 1
        },
        "OpenDoor.Policy.ExtrinsicReward.sum": {
            "value": -157.54391763964668,
            "min": -157.54391763964668,
            "max": -157.54391763964668,
            "count": 1
        },
        "OpenDoor.Losses.PolicyLoss.mean": {
            "value": 0.04044353041242351,
            "min": 0.04044353041242351,
            "max": 0.04179138768705781,
            "count": 2
        },
        "OpenDoor.Losses.PolicyLoss.sum": {
            "value": 0.7684270778360467,
            "min": 0.7522449783670406,
            "max": 0.7684270778360467,
            "count": 2
        },
        "OpenDoor.Losses.ValueLoss.mean": {
            "value": 0.00017313532505300953,
            "min": 0.00017313532505300953,
            "max": 0.17685173283233005,
            "count": 2
        },
        "OpenDoor.Losses.ValueLoss.sum": {
            "value": 0.0032895711760071813,
            "min": 0.0032895711760071813,
            "max": 3.183331190981941,
            "count": 2
        },
        "OpenDoor.Policy.LearningRate.mean": {
            "value": 0.0002819298060234,
            "min": 0.0002819298060234,
            "max": 0.00029394210201929996,
            "count": 2
        },
        "OpenDoor.Policy.LearningRate.sum": {
            "value": 0.005356666314444599,
            "min": 0.005290957836347399,
            "max": 0.005356666314444599,
            "count": 2
        },
        "OpenDoor.Policy.Epsilon.mean": {
            "value": 0.1939766,
            "min": 0.1939766,
            "max": 0.19798070000000004,
            "count": 2
        },
        "OpenDoor.Policy.Epsilon.sum": {
            "value": 3.6855554,
            "min": 3.5636526000000006,
            "max": 3.6855554,
            "count": 2
        },
        "OpenDoor.Policy.Beta.mean": {
            "value": 0.00047048534000000003,
            "min": 0.00047048534000000003,
            "max": 0.0004901054299999999,
            "count": 2
        },
        "OpenDoor.Policy.Beta.sum": {
            "value": 0.00893922146,
            "min": 0.00882189774,
            "max": 0.00893922146,
            "count": 2
        },
        "OpenDoor.IsTraining.mean": {
            "value": 1.0,
            "min": 1.0,
            "max": 1.0,
            "count": 2
        },
        "OpenDoor.IsTraining.sum": {
            "value": 1.0,
            "min": 1.0,
            "max": 1.0,
            "count": 2
        }
    },
    "metadata": {
        "timer_format_version": "0.1.0",
        "start_time_seconds": "1684676979",
        "python_version": "3.6.8 (tags/v3.6.8:3c6b436a57, Dec 24 2018, 00:16:47) [MSC v.1916 64 bit (AMD64)]",
        "command_line_arguments": "C:\\Users\\dewei\\Desktop\\IAV23-Chen\\TrabajoIADeweiChen\\V_Env\\Scripts\\mlagents-learn config/OpenDoor.yaml --run-id=OpenDoor",
        "mlagents_version": "0.26.0",
        "mlagents_envs_version": "0.26.0",
        "communication_protocol_version": "1.5.0",
        "pytorch_version": "1.7.1+cu110",
        "numpy_version": "1.19.5",
        "end_time_seconds": "1684677043"
    },
    "total": 64.0416189,
    "count": 1,
    "self": 0.005986399999997616,
    "children": {
        "run_training.setup": {
            "total": 0.069305,
            "count": 1,
            "self": 0.069305
        },
        "TrainerController.start_learning": {
            "total": 63.966327500000006,
            "count": 1,
            "self": 0.08827769999965085,
            "children": {
                "TrainerController._reset_env": {
                    "total": 9.062299399999999,
                    "count": 1,
                    "self": 9.062299399999999
                },
                "TrainerController.advance": {
                    "total": 54.71872480000035,
                    "count": 5291,
                    "self": 0.08549570000059958,
                    "children": {
                        "env_step": {
                            "total": 40.25183399999986,
                            "count": 5291,
                            "self": 20.959763399999822,
                            "children": {
                                "SubprocessEnvManager._take_step": {
                                    "total": 19.24170730000016,
                                    "count": 5291,
                                    "self": 0.25148680000045687,
                                    "children": {
                                        "TorchPolicy.evaluate": {
                                            "total": 18.990220499999705,
                                            "count": 5221,
                                            "self": 7.030239599999678,
                                            "children": {
                                                "TorchPolicy.sample_actions": {
                                                    "total": 11.959980900000026,
                                                    "count": 5221,
                                                    "self": 11.959980900000026
                                                }
                                            }
                                        }
                                    }
                                },
                                "workers": {
                                    "total": 0.05036329999987821,
                                    "count": 5290,
                                    "self": 0.0,
                                    "children": {
                                        "worker_root": {
                                            "total": 55.74310730000016,
                                            "count": 5290,
                                            "is_parallel": true,
                                            "self": 39.482818000000115,
                                            "children": {
                                                "steps_from_proto": {
                                                    "total": 0.0003229,
                                                    "count": 1,
                                                    "is_parallel": true,
                                                    "self": 0.00016649999999999998,
                                                    "children": {
                                                        "_process_rank_one_or_two_observation": {
                                                            "total": 0.0001564,
                                                            "count": 2,
                                                            "is_parallel": true,
                                                            "self": 0.0001564
                                                        }
                                                    }
                                                },
                                                "UnityEnvironment.step": {
                                                    "total": 16.259966400000046,
                                                    "count": 5290,
                                                    "is_parallel": true,
                                                    "self": 0.4214736999999875,
                                                    "children": {
                                                        "UnityEnvironment._generate_step_input": {
                                                            "total": 0.6250412000003727,
                                                            "count": 5290,
                                                            "is_parallel": true,
                                                            "self": 0.6250412000003727
                                                        },
                                                        "communicator.exchange": {
                                                            "total": 13.838098700000153,
                                                            "count": 5290,
                                                            "is_parallel": true,
                                                            "self": 13.838098700000153
                                                        },
                                                        "steps_from_proto": {
                                                            "total": 1.375352799999532,
                                                            "count": 5290,
                                                            "is_parallel": true,
                                                            "self": 0.7207062999994525,
                                                            "children": {
                                                                "_process_rank_one_or_two_observation": {
                                                                    "total": 0.6546465000000796,
                                                                    "count": 10580,
                                                                    "is_parallel": true,
                                                                    "self": 0.6546465000000796
                                                                }
                                                            }
                                                        }
                                                    }
                                                }
                                            }
                                        }
                                    }
                                }
                            }
                        },
                        "trainer_advance": {
                            "total": 14.381395099999892,
                            "count": 5290,
                            "self": 0.1318574000000048,
                            "children": {
                                "process_trajectory": {
                                    "total": 3.4362276999998844,
                                    "count": 5290,
                                    "self": 3.4362276999998844
                                },
                                "_update_policy": {
                                    "total": 10.813310000000003,
                                    "count": 43,
                                    "self": 5.78420530000005,
                                    "children": {
                                        "TorchPPOOptimizer.update": {
                                            "total": 5.029104699999953,
                                            "count": 516,
                                            "self": 5.029104699999953
                                        }
                                    }
                                }
                            }
                        }
                    }
                },
                "trainer_threads": {
                    "total": 9.999999974752427e-07,
                    "count": 1,
                    "self": 9.999999974752427e-07
                },
                "TrainerController._save_models": {
                    "total": 0.09702460000000457,
                    "count": 1,
                    "self": 0.008450700000004474,
                    "children": {
                        "RLTrainer._checkpoint": {
                            "total": 0.0885739000000001,
                            "count": 1,
                            "self": 0.0885739000000001
                        }
                    }
                }
            }
        }
    }
}