{
    "OpenDoor": {
        "checkpoints": [
            {
                "steps": 46629,
                "file_path": "results\\OpenDoor\\OpenDoor\\OpenDoor-46629.onnx",
                "reward": null,
                "creation_time": 1684677043.8872898,
                "auxillary_file_paths": [
                    "results\\OpenDoor\\OpenDoor\\OpenDoor-46629.pt"
                ]
            }
        ],
        "final_checkpoint": {
            "steps": 46629,
            "file_path": "results\\OpenDoor\\OpenDoor.onnx",
            "reward": null,
            "creation_time": 1684677043.8872898,
            "auxillary_file_paths": [
                "results\\OpenDoor\\OpenDoor\\OpenDoor-46629.pt"
            ]
        }
    },
    "metadata": {
        "stats_format_version": "0.3.0",
        "mlagents_version": "0.26.0",
        "torch_version": "1.7.1+cu110"
    }
}