{
    "name": "root",
    "gauges": {
        "MoveToPoint.Policy.Entropy.mean": {
            "value": 1.4192262887954712,
            "min": 1.4189382791519165,
            "max": 1.4192262887954712,
            "count": 8
        },
        "MoveToPoint.Policy.Entropy.sum": {
            "value": 14216.3896484375,
            "min": 13947.9150390625,
            "max": 14903.109375,
            "count": 8
        },
        "MoveToPoint.Environment.EpisodeLength.mean": {
            "value": 112.0,
            "min": 70.8125,
            "max": 114.83529411764705,
            "count": 8
        },
        "MoveToPoint.Environment.EpisodeLength.sum": {
            "value": 9744.0,
            "min": 9064.0,
            "max": 9997.0,
            "count": 8
        },
        "MoveToPoint.Step.mean": {
            "value": 79978.0,
            "min": 9960.0,
            "max": 79978.0,
            "count": 8
        },
        "MoveToPoint.Step.sum": {
            "value": 79978.0,
            "min": 9960.0,
            "max": 79978.0,
            "count": 8
        },
        "MoveToPoint.Policy.ExtrinsicValueEstimate.mean": {
            "value": -0.2563107907772064,
            "min": -0.31985989212989807,
            "max": 0.03528821840882301,
            "count": 8
        },
        "MoveToPoint.Policy.ExtrinsicValueEstimate.sum": {
            "value": -51.51846694946289,
            "min": -64.93155670166016,
            "max": 7.939848899841309,
            "count": 8
        },
        "MoveToPoint.Policy.GailValueEstimate.mean": {
            "value": 3.1229255199432373,
            "min": 0.8600557446479797,
            "max": 3.1437485218048096,
            "count": 8
        },
        "MoveToPoint.Policy.GailValueEstimate.sum": {
            "value": 627.7080078125,
            "min": 187.49215698242188,
            "max": 631.8934326171875,
            "count": 8
        },
        "MoveToPoint.Environment.CumulativeReward.mean": {
            "value": -1.0331941891981418,
            "min": -1.0576883742455827,
            "max": -1.0288849433743825,
            "count": 8
        },
        "MoveToPoint.Environment.CumulativeReward.sum": {
            "value": -88.8547002710402,
            "min": -140.98080115765333,
            "max": -88.8547002710402,
            "count": 8
        },
        "MoveToPoint.Policy.ExtrinsicReward.mean": {
            "value": -1.0331941891981418,
            "min": -1.0576883742455827,
            "max": -1.0288849433743825,
            "count": 8
        },
        "MoveToPoint.Policy.ExtrinsicReward.sum": {
            "value": -88.8547002710402,
            "min": -140.98080115765333,
            "max": -88.8547002710402,
            "count": 8
        },
        "MoveToPoint.Policy.GailReward.mean": {
            "value": 15.358047263035862,
            "min": 9.08540460191791,
            "max": 15.358047263035862,
            "count": 8
        },
        "MoveToPoint.Policy.GailReward.sum": {
            "value": 1320.7920646210841,
            "min": 844.9426279783656,
            "max": 1775.281685218215,
            "count": 8
        },
        "MoveToPoint.IsTraining.mean": {
            "value": 1.0,
            "min": 1.0,
            "max": 1.0,
            "count": 8
        },
        "MoveToPoint.IsTraining.sum": {
            "value": 1.0,
            "min": 1.0,
            "max": 1.0,
            "count": 8
        },
        "MoveToPoint.Losses.PolicyLoss.mean": {
            "value": 0.027001178325570332,
            "min": 0.027001178325570332,
            "max": 0.027001178325570332,
            "count": 1
        },
        "MoveToPoint.Losses.PolicyLoss.sum": {
            "value": 0.027001178325570332,
            "min": 0.027001178325570332,
            "max": 0.027001178325570332,
            "count": 1
        },
        "MoveToPoint.Losses.ValueLoss.mean": {
            "value": 3.438338171175825,
            "min": 3.438338171175825,
            "max": 3.438338171175825,
            "count": 1
        },
        "MoveToPoint.Losses.ValueLoss.sum": {
            "value": 3.438338171175825,
            "min": 3.438338171175825,
            "max": 3.438338171175825,
            "count": 1
        },
        "MoveToPoint.Policy.LearningRate.mean": {
            "value": 2.7538928203599996e-05,
            "min": 2.7538928203599996e-05,
            "max": 2.7538928203599996e-05,
            "count": 1
        },
        "MoveToPoint.Policy.LearningRate.sum": {
            "value": 2.7538928203599996e-05,
            "min": 2.7538928203599996e-05,
            "max": 2.7538928203599996e-05,
            "count": 1
        },
        "MoveToPoint.Policy.Epsilon.mean": {
            "value": 0.1917964,
            "min": 0.1917964,
            "max": 0.1917964,
            "count": 1
        },
        "MoveToPoint.Policy.Epsilon.sum": {
            "value": 0.1917964,
            "min": 0.1917964,
            "max": 0.1917964,
            "count": 1
        },
        "MoveToPoint.Policy.Beta.mean": {
            "value": 0.0004598023599999999,
            "min": 0.0004598023599999999,
            "max": 0.0004598023599999999,
            "count": 1
        },
        "MoveToPoint.Policy.Beta.sum": {
            "value": 0.0004598023599999999,
            "min": 0.0004598023599999999,
            "max": 0.0004598023599999999,
            "count": 1
        },
        "MoveToPoint.Policy.GAILPolicyEstimate.mean": {
            "value": 0.3345915809637163,
            "min": 0.3345915809637163,
            "max": 0.3345915809637163,
            "count": 1
        },
        "MoveToPoint.Policy.GAILPolicyEstimate.sum": {
            "value": 0.3345915809637163,
            "min": 0.3345915809637163,
            "max": 0.3345915809637163,
            "count": 1
        },
        "MoveToPoint.Policy.GAILExpertEstimate.mean": {
            "value": 0.6911517885642323,
            "min": 0.6911517885642323,
            "max": 0.6911517885642323,
            "count": 1
        },
        "MoveToPoint.Policy.GAILExpertEstimate.sum": {
            "value": 0.6911517885642323,
            "min": 0.6911517885642323,
            "max": 0.6911517885642323,
            "count": 1
        },
        "MoveToPoint.Losses.GAILLoss.mean": {
            "value": 1.0988702870965974,
            "min": 1.0988702870965974,
            "max": 1.0988702870965974,
            "count": 1
        },
        "MoveToPoint.Losses.GAILLoss.sum": {
            "value": 1.0988702870965974,
            "min": 1.0988702870965974,
            "max": 1.0988702870965974,
            "count": 1
        },
        "MoveToPoint.Policy.GAILGradMagLoss.mean": {
            "value": 7.003939380490683,
            "min": 7.003939380490683,
            "max": 7.003939380490683,
            "count": 1
        },
        "MoveToPoint.Policy.GAILGradMagLoss.sum": {
            "value": 7.003939380490683,
            "min": 7.003939380490683,
            "max": 7.003939380490683,
            "count": 1
        },
        "MoveToPoint.Losses.PretrainingLoss.mean": {
            "value": 1.7260027726491292,
            "min": 1.7260027726491292,
            "max": 1.7260027726491292,
            "count": 1
        },
        "MoveToPoint.Losses.PretrainingLoss.sum": {
            "value": 1.7260027726491292,
            "min": 1.7260027726491292,
            "max": 1.7260027726491292,
            "count": 1
        }
    },
    "metadata": {
        "timer_format_version": "0.1.0",
        "start_time_seconds": "1684620147",
        "python_version": "3.6.8 (tags/v3.6.8:3c6b436a57, Dec 24 2018, 00:16:47) [MSC v.1916 64 bit (AMD64)]",
        "command_line_arguments": "C:\\Users\\dewei\\Desktop\\IAV23-Chen\\TrabajoIADeweiChen\\V_Env\\Scripts\\mlagents-learn config/moveToPoint_Imitation.yaml --run-id=Imitation11",
        "mlagents_version": "0.26.0",
        "mlagents_envs_version": "0.26.0",
        "communication_protocol_version": "1.5.0",
        "pytorch_version": "1.7.1+cu110",
        "numpy_version": "1.19.5",
        "end_time_seconds": "1684620215"
    },
    "total": 67.73029030000001,
    "count": 1,
    "self": 0.005719999999996617,
    "children": {
        "run_training.setup": {
            "total": 0.07097719999999999,
            "count": 1,
            "self": 0.07097719999999999
        },
        "TrainerController.start_learning": {
            "total": 67.65359310000001,
            "count": 1,
            "self": 0.06308890000026679,
            "children": {
                "TrainerController._reset_env": {
                    "total": 17.247684699999997,
                    "count": 1,
                    "self": 16.602222899999997,
                    "children": {
                        "demo_to_buffer": {
                            "total": 0.6454617999999996,
                            "count": 2,
                            "self": 7.859999999837441e-05,
                            "children": {
                                "load_demonstration": {
                                    "total": 0.008623099999997663,
                                    "count": 2,
                                    "self": 0.008486800000000017,
                                    "children": {
                                        "read_file": {
                                            "total": 0.00013629999999764664,
                                            "count": 2,
                                            "self": 0.00013629999999764664
                                        }
                                    }
                                },
                                "make_demo_buffer": {
                                    "total": 0.6367601000000036,
                                    "count": 2,
                                    "self": 0.16069850000020836,
                                    "children": {
                                        "steps_from_proto": {
                                            "total": 0.47606159999979525,
                                            "count": 5856,
                                            "self": 0.28861229999982285,
                                            "children": {
                                                "_process_rank_one_or_two_observation": {
                                                    "total": 0.1874492999999724,
                                                    "count": 11712,
                                                    "self": 0.1874492999999724
                                                }
                                            }
                                        }
                                    }
                                }
                            }
                        }
                    }
                },
                "TrainerController.advance": {
                    "total": 50.25946789999975,
                    "count": 3748,
                    "self": 0.06478119999988508,
                    "children": {
                        "env_step": {
                            "total": 22.57961139999994,
                            "count": 3748,
                            "self": 16.813785399999993,
                            "children": {
                                "SubprocessEnvManager._take_step": {
                                    "total": 5.730324199999853,
                                    "count": 3748,
                                    "self": 0.17130679999970866,
                                    "children": {
                                        "TorchPolicy.evaluate": {
                                            "total": 5.559017400000144,
                                            "count": 3074,
                                            "self": 2.998516800000047,
                                            "children": {
                                                "TorchPolicy.sample_actions": {
                                                    "total": 2.560500600000097,
                                                    "count": 3074,
                                                    "self": 2.560500600000097
                                                }
                                            }
                                        }
                                    }
                                },
                                "workers": {
                                    "total": 0.03550180000009462,
                                    "count": 3747,
                                    "self": 0.0,
                                    "children": {
                                        "worker_root": {
                                            "total": 51.881156899999795,
                                            "count": 3747,
                                            "is_parallel": true,
                                            "self": 39.42340559999986,
                                            "children": {
                                                "steps_from_proto": {
                                                    "total": 0.0004019,
                                                    "count": 1,
                                                    "is_parallel": true,
                                                    "self": 0.00013490000000000003,
                                                    "children": {
                                                        "_process_rank_one_or_two_observation": {
                                                            "total": 0.000267,
                                                            "count": 2,
                                                            "is_parallel": true,
                                                            "self": 0.000267
                                                        }
                                                    }
                                                },
                                                "UnityEnvironment.step": {
                                                    "total": 12.457349399999933,
                                                    "count": 3747,
                                                    "is_parallel": true,
                                                    "self": 0.40383279999990584,
                                                    "children": {
                                                        "UnityEnvironment._generate_step_input": {
                                                            "total": 0.7990665999999842,
                                                            "count": 3747,
                                                            "is_parallel": true,
                                                            "self": 0.7990665999999842
                                                        },
                                                        "communicator.exchange": {
                                                            "total": 10.177442799999934,
                                                            "count": 3747,
                                                            "is_parallel": true,
                                                            "self": 10.177442799999934
                                                        },
                                                        "steps_from_proto": {
                                                            "total": 1.077007200000109,
                                                            "count": 3747,
                                                            "is_parallel": true,
                                                            "self": 0.3485832000000686,
                                                            "children": {
                                                                "_process_rank_one_or_two_observation": {
                                                                    "total": 0.7284240000000404,
                                                                    "count": 7494,
                                                                    "is_parallel": true,
                                                                    "self": 0.7284240000000404
                                                                }
                                                            }
                                                        }
                                                    }
                                                }
                                            }
                                        }
                                    }
                                }
                            }
                        },
                        "trainer_advance": {
                            "total": 27.615075299999926,
                            "count": 3747,
                            "self": 0.09139760000003605,
                            "children": {
                                "process_trajectory": {
                                    "total": 8.42886729999989,
                                    "count": 3747,
                                    "self": 8.42886729999989
                                },
                                "_update_policy": {
                                    "total": 19.0948104,
                                    "count": 2,
                                    "self": 11.61113780000003,
                                    "children": {
                                        "TorchPPOOptimizer.update": {
                                            "total": 7.478576599999968,
                                            "count": 243,
                                            "self": 7.478576599999968
                                        },
                                        "TorchPolicy.sample_actions": {
                                            "total": 0.005096000000001766,
                                            "count": 6,
                                            "self": 0.005096000000001766
                                        }
                                    }
                                }
                            }
                        }
                    }
                },
                "trainer_threads": {
                    "total": 8.999999892012056e-07,
                    "count": 1,
                    "self": 8.999999892012056e-07
                },
                "TrainerController._save_models": {
                    "total": 0.0833507000000111,
                    "count": 1,
                    "self": 0.008530000000007476,
                    "children": {
                        "RLTrainer._checkpoint": {
                            "total": 0.07482070000000363,
                            "count": 1,
                            "self": 0.07482070000000363
                        }
                    }
                }
            }
        }
    }
}