{
    "MoveToPoint": {
        "checkpoints": [
            {
                "steps": 82160,
                "file_path": "results\\Imitation11\\MoveToPoint\\MoveToPoint-82160.onnx",
                "reward": -1.0278000514954329,
                "creation_time": 1684620215.438127,
                "auxillary_file_paths": [
                    "results\\Imitation11\\MoveToPoint\\MoveToPoint-82160.pt"
                ]
            }
        ],
        "final_checkpoint": {
            "steps": 82160,
            "file_path": "results\\Imitation11\\MoveToPoint.onnx",
            "reward": -1.0278000514954329,
            "creation_time": 1684620215.438127,
            "auxillary_file_paths": [
                "results\\Imitation11\\MoveToPoint\\MoveToPoint-82160.pt"
            ]
        }
    },
    "metadata": {
        "stats_format_version": "0.3.0",
        "mlagents_version": "0.26.0",
        "torch_version": "1.7.1+cu110"
    }
}