{
    "name": "root",
    "gauges": {
        "OpenDoor.Policy.Entropy.mean": {
            "value": 0.7094722390174866,
            "min": 0.6617242097854614,
            "max": 1.9510084390640259,
            "count": 170
        },
        "OpenDoor.Policy.Entropy.sum": {
            "value": 14162.4853515625,
            "min": 13176.609375,
            "max": 39788.8671875,
            "count": 170
        },
        "OpenDoor.Environment.EpisodeLength.mean": {
            "value": 183.3644859813084,
            "min": 110.69101123595506,
            "max": 188.16981132075472,
            "count": 170
        },
        "OpenDoor.Environment.EpisodeLength.sum": {
            "value": 19620.0,
            "min": 19038.0,
            "max": 20523.0,
            "count": 170
        },
        "OpenDoor.Step.mean": {
            "value": 3399951.0,
            "min": 19998.0,
            "max": 3399951.0,
            "count": 170
        },
        "OpenDoor.Step.sum": {
            "value": 3399951.0,
            "min": 19998.0,
            "max": 3399951.0,
            "count": 170
        },
        "OpenDoor.Policy.ExtrinsicValueEstimate.mean": {
            "value": 0.11460400372743607,
            "min": -0.11167638748884201,
            "max": 0.48141729831695557,
            "count": 170
        },
        "OpenDoor.Policy.ExtrinsicValueEstimate.sum": {
            "value": 45.72699737548828,
            "min": -44.00049591064453,
            "max": 196.4182586669922,
            "count": 170
        },
        "OpenDoor.Policy.GailValueEstimate.mean": {
            "value": 18.468017578125,
            "min": 9.646514892578125,
            "max": 22.394975662231445,
            "count": 170
        },
        "OpenDoor.Policy.GailValueEstimate.sum": {
            "value": 7368.73876953125,
            "min": 3800.726806640625,
            "max": 9137.150390625,
            "count": 170
        },
        "OpenDoor.Environment.CumulativeReward.mean": {
            "value": 1.0654205607476634,
            "min": 0.19696969696969696,
            "max": 1.6573033707865168,
            "count": 170
        },
        "OpenDoor.Environment.CumulativeReward.sum": {
            "value": 114.0,
            "min": 26.0,
            "max": 295.0,
            "count": 170
        },
        "OpenDoor.Policy.ExtrinsicReward.mean": {
            "value": 1.0654205607476634,
            "min": 0.19696969696969696,
            "max": 1.6573033707865168,
            "count": 170
        },
        "OpenDoor.Policy.ExtrinsicReward.sum": {
            "value": 114.0,
            "min": 26.0,
            "max": 295.0,
            "count": 170
        },
        "OpenDoor.Policy.GailReward.mean": {
            "value": 46.53715227641792,
            "min": 35.66735667640894,
            "max": 57.360906070493385,
            "count": 170
        },
        "OpenDoor.Policy.GailReward.sum": {
            "value": 4979.475293576717,
            "min": 4939.993344113231,
            "max": 7571.639601305127,
            "count": 170
        },
        "OpenDoor.Losses.PolicyLoss.mean": {
            "value": 0.04630892082289058,
            "min": 0.03712923073806195,
            "max": 0.05017052891586596,
            "count": 170
        },
        "OpenDoor.Losses.PolicyLoss.sum": {
            "value": 0.879869495634921,
            "min": 0.7054553840231771,
            "max": 0.932019633706659,
            "count": 170
        },
        "OpenDoor.Losses.ValueLoss.mean": {
            "value": 3.416041755362561,
            "min": 3.0028147995471954,
            "max": 38.38082149990819,
            "count": 170
        },
        "OpenDoor.Losses.ValueLoss.sum": {
            "value": 64.90479335188866,
            "min": 54.37321902314822,
            "max": 729.2356084982555,
            "count": 170
        },
        "OpenDoor.Policy.LearningRate.mean": {
            "value": 9.660728358706841e-05,
            "min": 9.660728358706841e-05,
            "max": 0.0002993907202030932,
            "count": 170
        },
        "OpenDoor.Policy.LearningRate.sum": {
            "value": 0.0018355383881542998,
            "min": 0.0017819100060304,
            "max": 0.0057720970959676595,
            "count": 170
        },
        "OpenDoor.Policy.Epsilon.mean": {
            "value": 0.13220240526315788,
            "min": 0.13220240526315788,
            "max": 0.1997969066666667,
            "count": 170
        },
        "OpenDoor.Policy.Epsilon.sum": {
            "value": 2.5118457,
            "min": 2.3939695999999997,
            "max": 3.9240323399999997,
            "count": 170
        },
        "OpenDoor.Policy.Beta.mean": {
            "value": 0.00016779178578947367,
            "min": 0.00016779178578947367,
            "max": 0.0004990048426666669,
            "count": 170
        },
        "OpenDoor.Policy.Beta.sum": {
            "value": 0.0031880439299999995,
            "min": 0.0030904510400000004,
            "max": 0.009627758466,
            "count": 170
        },
        "OpenDoor.Policy.GAILPolicyEstimate.mean": {
            "value": 0.34516981074161696,
            "min": 0.3350320944079646,
            "max": 0.5067410326942249,
            "count": 170
        },
        "OpenDoor.Policy.GAILPolicyEstimate.sum": {
            "value": 6.558226404090722,
            "min": 6.030577699343363,
            "max": 9.121338588496048,
            "count": 170
        },
        "OpenDoor.Policy.GAILExpertEstimate.mean": {
            "value": 0.659572186438661,
            "min": 0.5454574799923985,
            "max": 0.6768031384338411,
            "count": 170
        },
        "OpenDoor.Policy.GAILExpertEstimate.sum": {
            "value": 12.531871542334558,
            "min": 9.818234639863173,
            "max": 12.859259630242981,
            "count": 170
        },
        "OpenDoor.Losses.GAILLoss.mean": {
            "value": 0.9326848792925216,
            "min": 0.902555650263502,
            "max": 1.3803911634065487,
            "count": 170
        },
        "OpenDoor.Losses.GAILLoss.sum": {
            "value": 17.72101270655791,
            "min": 16.41915439069271,
            "max": 24.847040941317875,
            "count": 170
        },
        "OpenDoor.Policy.GAILGradMagLoss.mean": {
            "value": 0.02275278820786952,
            "min": 0.020007163768209386,
            "max": 2.336502108515964,
            "count": 170
        },
        "OpenDoor.Policy.GAILGradMagLoss.sum": {
            "value": 0.4323029759495209,
            "min": 0.3801361115959783,
            "max": 42.057037953287356,
            "count": 170
        },
        "OpenDoor.Losses.PretrainingLoss.mean": {
            "value": 0.3349550093213716,
            "min": 0.3343484988091169,
            "max": 0.6746479268703195,
            "count": 170
        },
        "OpenDoor.Losses.PretrainingLoss.sum": {
            "value": 6.364145177106061,
            "min": 6.018272978564104,
            "max": 12.14366268366575,
            "count": 170
        },
        "OpenDoor.IsTraining.mean": {
            "value": 1.0,
            "min": 1.0,
            "max": 1.0,
            "count": 170
        },
        "OpenDoor.IsTraining.sum": {
            "value": 1.0,
            "min": 1.0,
            "max": 1.0,
            "count": 170
        }
    },
    "metadata": {
        "timer_format_version": "0.1.0",
        "start_time_seconds": "1684681918",
        "python_version": "3.6.8 (tags/v3.6.8:3c6b436a57, Dec 24 2018, 00:16:47) [MSC v.1916 64 bit (AMD64)]",
        "command_line_arguments": "C:\\Users\\dewei\\Desktop\\IAV23-Chen\\TrabajoIADeweiChen\\V_Env\\Scripts\\mlagents-learn config/OpenDoor_Imitation.yaml --run-id=OpenDoor_Imitation7",
        "mlagents_version": "0.26.0",
        "mlagents_envs_version": "0.26.0",
        "communication_protocol_version": "1.5.0",
        "pytorch_version": "1.7.1+cu110",
        "numpy_version": "1.19.5",
        "end_time_seconds": "1684686937"
    },
    "total": 5018.5738743,
    "count": 1,
    "self": 0.005506000000423228,
    "children": {
        "run_training.setup": {
            "total": 0.0651952,
            "count": 1,
            "self": 0.0651952
        },
        "TrainerController.start_learning": {
            "total": 5018.5031731,
            "count": 1,
            "self": 7.015753099917674,
            "children": {
                "TrainerController._reset_env": {
                    "total": 13.409952,
                    "count": 1,
                    "self": 12.7029428,
                    "children": {
                        "demo_to_buffer": {
                            "total": 0.7070091999999999,
                            "count": 2,
                            "self": 5.689999999880513e-05,
                            "children": {
                                "load_demonstration": {
                                    "total": 0.00710199999999972,
                                    "count": 2,
                                    "self": 0.006965299999999175,
                                    "children": {
                                        "read_file": {
                                            "total": 0.00013670000000054472,
                                            "count": 2,
                                            "self": 0.00013670000000054472
                                        }
                                    }
                                },
                                "make_demo_buffer": {
                                    "total": 0.6998503000000014,
                                    "count": 2,
                                    "self": 0.14426690000002296,
                                    "children": {
                                        "steps_from_proto": {
                                            "total": 0.5555833999999784,
                                            "count": 4764,
                                            "self": 0.3888976999999869,
                                            "children": {
                                                "_process_rank_one_or_two_observation": {
                                                    "total": 0.1666856999999915,
                                                    "count": 9528,
                                                    "self": 0.1666856999999915
                                                }
                                            }
                                        }
                                    }
                                }
                            }
                        }
                    }
                },
                "TrainerController.advance": {
                    "total": 4997.991316100082,
                    "count": 394157,
                    "self": 6.606202400000257,
                    "children": {
                        "env_step": {
                            "total": 2932.0950412000034,
                            "count": 394157,
                            "self": 1555.1614277000006,
                            "children": {
                                "SubprocessEnvManager._take_step": {
                                    "total": 1373.0299407999998,
                                    "count": 394157,
                                    "self": 19.67871649997437,
                                    "children": {
                                        "TorchPolicy.evaluate": {
                                            "total": 1353.3512243000255,
                                            "count": 378341,
                                            "self": 530.5522428000272,
                                            "children": {
                                                "TorchPolicy.sample_actions": {
                                                    "total": 822.7989814999983,
                                                    "count": 378341,
                                                    "self": 822.7989814999983
                                                }
                                            }
                                        }
                                    }
                                },
                                "workers": {
                                    "total": 3.903672700002863,
                                    "count": 394156,
                                    "self": 0.0,
                                    "children": {
                                        "worker_root": {
                                            "total": 4998.7152324999,
                                            "count": 394156,
                                            "is_parallel": true,
                                            "self": 3800.9046362999934,
                                            "children": {
                                                "steps_from_proto": {
                                                    "total": 0.0003097,
                                                    "count": 1,
                                                    "is_parallel": true,
                                                    "self": 0.00015929999999999997,
                                                    "children": {
                                                        "_process_rank_one_or_two_observation": {
                                                            "total": 0.00015040000000000002,
                                                            "count": 2,
                                                            "is_parallel": true,
                                                            "self": 0.00015040000000000002
                                                        }
                                                    }
                                                },
                                                "UnityEnvironment.step": {
                                                    "total": 1197.8102864999066,
                                                    "count": 394156,
                                                    "is_parallel": true,
                                                    "self": 32.33104499979254,
                                                    "children": {
                                                        "UnityEnvironment._generate_step_input": {
                                                            "total": 47.609788300044436,
                                                            "count": 394156,
                                                            "is_parallel": true,
                                                            "self": 47.609788300044436
                                                        },
                                                        "communicator.exchange": {
                                                            "total": 1014.6040255002739,
                                                            "count": 394156,
                                                            "is_parallel": true,
                                                            "self": 1014.6040255002739
                                                        },
                                                        "steps_from_proto": {
                                                            "total": 103.26542769979577,
                                                            "count": 394156,
                                                            "is_parallel": true,
                                                            "self": 54.80575979973408,
                                                            "children": {
                                                                "_process_rank_one_or_two_observation": {
                                                                    "total": 48.45966790006168,
                                                                    "count": 788312,
                                                                    "is_parallel": true,
                                                                    "self": 48.45966790006168
                                                                }
                                                            }
                                                        }
                                                    }
                                                }
                                            }
                                        }
                                    }
                                }
                            }
                        },
                        "trainer_advance": {
                            "total": 2059.290072500079,
                            "count": 394156,
                            "self": 11.18406380010947,
                            "children": {
                                "process_trajectory": {
                                    "total": 364.57876729996667,
                                    "count": 394156,
                                    "self": 364.2061567999664,
                                    "children": {
                                        "RLTrainer._checkpoint": {
                                            "total": 0.3726105000002917,
                                            "count": 6,
                                            "self": 0.3726105000002917
                                        }
                                    }
                                },
                                "_update_policy": {
                                    "total": 1683.5272414000028,
                                    "count": 3208,
                                    "self": 781.6154451000341,
                                    "children": {
                                        "TorchPPOOptimizer.update": {
                                            "total": 810.423025199978,
                                            "count": 38496,
                                            "self": 810.423025199978
                                        },
                                        "TorchPolicy.sample_actions": {
                                            "total": 91.48877109999071,
                                            "count": 38496,
                                            "self": 91.48877109999071
                                        }
                                    }
                                }
                            }
                        }
                    }
                },
                "trainer_threads": {
                    "total": 7.999997251317836e-07,
                    "count": 1,
                    "self": 7.999997251317836e-07
                },
                "TrainerController._save_models": {
                    "total": 0.08615110000027926,
                    "count": 1,
                    "self": 0.008916900000258465,
                    "children": {
                        "RLTrainer._checkpoint": {
                            "total": 0.07723420000002079,
                            "count": 1,
                            "self": 0.07723420000002079
                        }
                    }
                }
            }
        }
    }
}