{
    "OpenDoor": {
        "checkpoints": [
            {
                "steps": 1499971,
                "file_path": "results\\OpenDoor_Imitation7\\OpenDoor\\OpenDoor-1499971.onnx",
                "reward": 2.0,
                "creation_time": 1684684077.8427024,
                "auxillary_file_paths": [
                    "results\\OpenDoor_Imitation7\\OpenDoor\\OpenDoor-1499971.pt"
                ]
            },
            {
                "steps": 1999972,
                "file_path": "results\\OpenDoor_Imitation7\\OpenDoor\\OpenDoor-1999972.onnx",
                "reward": 1.0,
                "creation_time": 1684684823.293135,
                "auxillary_file_paths": [
                    "results\\OpenDoor_Imitation7\\OpenDoor\\OpenDoor-1999972.pt"
                ]
            },
            {
                "steps": 2499960,
                "file_path": "results\\OpenDoor_Imitation7\\OpenDoor\\OpenDoor-2499960.onnx",
                "reward": 1.0,
                "creation_time": 1684685564.9697163,
                "auxillary_file_paths": [
                    "results\\OpenDoor_Imitation7\\OpenDoor\\OpenDoor-2499960.pt"
                ]
            },
            {
                "steps": 2999981,
                "file_path": "results\\OpenDoor_Imitation7\\OpenDoor\\OpenDoor-2999981.onnx",
                "reward": 1.0,
                "creation_time": 1684686326.2303853,
                "auxillary_file_paths": [
                    "results\\OpenDoor_Imitation7\\OpenDoor\\OpenDoor-2999981.pt"
                ]
            },
            {
                "steps": 3404763,
                "file_path": "results\\OpenDoor_Imitation7\\OpenDoor\\OpenDoor-3404763.onnx",
                "reward": null,
                "creation_time": 1684686937.1174853,
                "auxillary_file_paths": [
                    "results\\OpenDoor_Imitation7\\OpenDoor\\OpenDoor-3404763.pt"
                ]
            }
        ],
        "final_checkpoint": {
            "steps": 3404763,
            "file_path": "results\\OpenDoor_Imitation7\\OpenDoor.onnx",
            "reward": null,
            "creation_time": 1684686937.1174853,
            "auxillary_file_paths": [
                "results\\OpenDoor_Imitation7\\OpenDoor\\OpenDoor-3404763.pt"
            ]
        }
    },
    "metadata": {
        "stats_format_version": "0.3.0",
        "mlagents_version": "0.26.0",
        "torch_version": "1.7.1+cu110"
    }
}