{
    "name": "root",
    "gauges": {
        "MoveToPoint.Policy.Entropy.mean": {
            "value": 1.420823574066162,
            "min": 1.4186915159225464,
            "max": 1.4208520650863647,
            "count": 50
        },
        "MoveToPoint.Policy.Entropy.sum": {
            "value": 14091.728515625,
            "min": 14008.6875,
            "max": 14488.4287109375,
            "count": 50
        },
        "MoveToPoint.Step.mean": {
            "value": 499958.0,
            "min": 9939.0,
            "max": 499958.0,
            "count": 50
        },
        "MoveToPoint.Step.sum": {
            "value": 499958.0,
            "min": 9939.0,
            "max": 499958.0,
            "count": 50
        },
        "MoveToPoint.Policy.ExtrinsicValueEstimate.mean": {
            "value": 0.2660897970199585,
            "min": 0.05025848373770714,
            "max": 0.2992444634437561,
            "count": 50
        },
        "MoveToPoint.Policy.ExtrinsicValueEstimate.sum": {
            "value": 47.363983154296875,
            "min": 8.744976043701172,
            "max": 52.966270446777344,
            "count": 50
        },
        "MoveToPoint.Environment.EpisodeLength.mean": {
            "value": 238.33333333333334,
            "min": 209.64583333333334,
            "max": 382.04,
            "count": 50
        },
        "MoveToPoint.Environment.EpisodeLength.sum": {
            "value": 10010.0,
            "min": 8823.0,
            "max": 10588.0,
            "count": 50
        },
        "MoveToPoint.Environment.CumulativeReward.mean": {
            "value": 0.6904761904761905,
            "min": -0.5806451612903226,
            "max": 0.7916666666666666,
            "count": 50
        },
        "MoveToPoint.Environment.CumulativeReward.sum": {
            "value": 29.0,
            "min": -18.0,
            "max": 38.0,
            "count": 50
        },
        "MoveToPoint.Policy.ExtrinsicReward.mean": {
            "value": 0.6904761904761905,
            "min": -0.5806451612903226,
            "max": 0.7916666666666666,
            "count": 50
        },
        "MoveToPoint.Policy.ExtrinsicReward.sum": {
            "value": 29.0,
            "min": -18.0,
            "max": 38.0,
            "count": 50
        },
        "MoveToPoint.IsTraining.mean": {
            "value": 1.0,
            "min": 1.0,
            "max": 1.0,
            "count": 50
        },
        "MoveToPoint.IsTraining.sum": {
            "value": 1.0,
            "min": 1.0,
            "max": 1.0,
            "count": 50
        },
        "MoveToPoint.Losses.PolicyLoss.mean": {
            "value": 0.02306144336531967,
            "min": 0.02306144336531967,
            "max": 0.029125942509921055,
            "count": 12
        },
        "MoveToPoint.Losses.PolicyLoss.sum": {
            "value": 0.02306144336531967,
            "min": 0.02306144336531967,
            "max": 0.029125942509921055,
            "count": 12
        },
        "MoveToPoint.Losses.ValueLoss.mean": {
            "value": 0.02902358005133768,
            "min": 0.019291704543298337,
            "max": 0.0699161988683045,
            "count": 12
        },
        "MoveToPoint.Losses.ValueLoss.sum": {
            "value": 0.02902358005133768,
            "min": 0.019291704543298337,
            "max": 0.0699161988683045,
            "count": 12
        },
        "MoveToPoint.Policy.LearningRate.mean": {
            "value": 4.824983919999994e-07,
            "min": 4.824983919999994e-07,
            "max": 2.7540068199800012e-05,
            "count": 12
        },
        "MoveToPoint.Policy.LearningRate.sum": {
            "value": 4.824983919999994e-07,
            "min": 4.824983919999994e-07,
            "max": 2.7540068199800012e-05,
            "count": 12
        },
        "MoveToPoint.Policy.Epsilon.mean": {
            "value": 0.10160799999999998,
            "min": 0.10160799999999998,
            "max": 0.19180019999999998,
            "count": 12
        },
        "MoveToPoint.Policy.Epsilon.sum": {
            "value": 0.10160799999999998,
            "min": 0.10160799999999998,
            "max": 0.19180019999999998,
            "count": 12
        },
        "MoveToPoint.Policy.Beta.mean": {
            "value": 1.7879199999999993e-05,
            "min": 1.7879199999999993e-05,
            "max": 0.00045982098000000004,
            "count": 12
        },
        "MoveToPoint.Policy.Beta.sum": {
            "value": 1.7879199999999993e-05,
            "min": 1.7879199999999993e-05,
            "max": 0.00045982098000000004,
            "count": 12
        }
    },
    "metadata": {
        "timer_format_version": "0.1.0",
        "start_time_seconds": "1684525431",
        "python_version": "3.6.8 (tags/v3.6.8:3c6b436a57, Dec 24 2018, 00:16:47) [MSC v.1916 64 bit (AMD64)]",
        "command_line_arguments": "C:\\Users\\dewei\\Desktop\\IAV23-Chen\\TrabajoIADeweiChen\\V_Env\\Scripts\\mlagents-learn config/moveToPoint.yaml --run-id=MultiTrainingRamdon8",
        "mlagents_version": "0.26.0",
        "mlagents_envs_version": "0.26.0",
        "communication_protocol_version": "1.5.0",
        "pytorch_version": "1.7.1+cu110",
        "numpy_version": "1.19.5",
        "end_time_seconds": "1684525855"
    },
    "total": 423.90211189999997,
    "count": 1,
    "self": 0.005228399999964495,
    "children": {
        "run_training.setup": {
            "total": 0.0695288,
            "count": 1,
            "self": 0.0695288
        },
        "TrainerController.start_learning": {
            "total": 423.8273547,
            "count": 1,
            "self": 0.8408673000008662,
            "children": {
                "TrainerController._reset_env": {
                    "total": 5.3457047,
                    "count": 1,
                    "self": 5.3457047
                },
                "TrainerController.advance": {
                    "total": 417.60064919999917,
                    "count": 56816,
                    "self": 0.8495404000025815,
                    "children": {
                        "env_step": {
                            "total": 302.24747199999746,
                            "count": 56816,
                            "self": 195.6293661000023,
                            "children": {
                                "SubprocessEnvManager._take_step": {
                                    "total": 106.1038579000033,
                                    "count": 56816,
                                    "self": 2.496896400003024,
                                    "children": {
                                        "TorchPolicy.evaluate": {
                                            "total": 103.60696150000028,
                                            "count": 55585,
                                            "self": 65.68313699999429,
                                            "children": {
                                                "TorchPolicy.sample_actions": {
                                                    "total": 37.92382450000599,
                                                    "count": 55585,
                                                    "self": 37.92382450000599
                                                }
                                            }
                                        }
                                    }
                                },
                                "workers": {
                                    "total": 0.5142479999918725,
                                    "count": 56816,
                                    "self": 0.0,
                                    "children": {
                                        "worker_root": {
                                            "total": 418.35200029999663,
                                            "count": 56816,
                                            "is_parallel": true,
                                            "self": 268.4612568999972,
                                            "children": {
                                                "steps_from_proto": {
                                                    "total": 0.0002551,
                                                    "count": 1,
                                                    "is_parallel": true,
                                                    "self": 9.93e-05,
                                                    "children": {
                                                        "_process_rank_one_or_two_observation": {
                                                            "total": 0.00015580000000000002,
                                                            "count": 2,
                                                            "is_parallel": true,
                                                            "self": 0.00015580000000000002
                                                        }
                                                    }
                                                },
                                                "UnityEnvironment.step": {
                                                    "total": 149.89048829999945,
                                                    "count": 56816,
                                                    "is_parallel": true,
                                                    "self": 4.236206499987418,
                                                    "children": {
                                                        "UnityEnvironment._generate_step_input": {
                                                            "total": 6.098013600011585,
                                                            "count": 56816,
                                                            "is_parallel": true,
                                                            "self": 6.098013600011585
                                                        },
                                                        "communicator.exchange": {
                                                            "total": 128.41435389999955,
                                                            "count": 56816,
                                                            "is_parallel": true,
                                                            "self": 128.41435389999955
                                                        },
                                                        "steps_from_proto": {
                                                            "total": 11.141914300000867,
                                                            "count": 56816,
                                                            "is_parallel": true,
                                                            "self": 4.570389199990659,
                                                            "children": {
                                                                "_process_rank_one_or_two_observation": {
                                                                    "total": 6.5715251000102075,
                                                                    "count": 113632,
                                                                    "is_parallel": true,
                                                                    "self": 6.5715251000102075
                                                                }
                                                            }
                                                        }
                                                    }
                                                }
                                            }
                                        }
                                    }
                                }
                            }
                        },
                        "trainer_advance": {
                            "total": 114.50363679999914,
                            "count": 56816,
                            "self": 1.0765211999995046,
                            "children": {
                                "process_trajectory": {
                                    "total": 36.72687509999965,
                                    "count": 56816,
                                    "self": 36.67994199999966,
                                    "children": {
                                        "RLTrainer._checkpoint": {
                                            "total": 0.046933099999989736,
                                            "count": 1,
                                            "self": 0.046933099999989736
                                        }
                                    }
                                },
                                "_update_policy": {
                                    "total": 76.70024049999998,
                                    "count": 12,
                                    "self": 60.93408910000065,
                                    "children": {
                                        "TorchPPOOptimizer.update": {
                                            "total": 15.76615139999933,
                                            "count": 1452,
                                            "self": 15.76615139999933
                                        }
                                    }
                                }
                            }
                        }
                    }
                },
                "trainer_threads": {
                    "total": 1.8999999724655936e-06,
                    "count": 1,
                    "self": 1.8999999724655936e-06
                },
                "TrainerController._save_models": {
                    "total": 0.04013159999999516,
                    "count": 1,
                    "self": 0.008093099999996411,
                    "children": {
                        "RLTrainer._checkpoint": {
                            "total": 0.03203849999999875,
                            "count": 1,
                            "self": 0.03203849999999875
                        }
                    }
                }
            }
        }
    }
}