{
    "MoveToPoint": {
        "checkpoints": [
            {
                "steps": 499958,
                "file_path": "results\\MultiTrainingRamdon8\\MoveToPoint\\MoveToPoint-499958.onnx",
                "reward": 0.6470588235294118,
                "creation_time": 1684525855.1581004,
                "auxillary_file_paths": [
                    "results\\MultiTrainingRamdon8\\MoveToPoint\\MoveToPoint-499958.pt"
                ]
            },
            {
                "steps": 500022,
                "file_path": "results\\MultiTrainingRamdon8\\MoveToPoint\\MoveToPoint-500022.onnx",
                "reward": 0.6470588235294118,
                "creation_time": 1684525855.195506,
                "auxillary_file_paths": [
                    "results\\MultiTrainingRamdon8\\MoveToPoint\\MoveToPoint-500022.pt"
                ]
            }
        ],
        "final_checkpoint": {
            "steps": 500022,
            "file_path": "results\\MultiTrainingRamdon8\\MoveToPoint.onnx",
            "reward": 0.6470588235294118,
            "creation_time": 1684525855.195506,
            "auxillary_file_paths": [
                "results\\MultiTrainingRamdon8\\MoveToPoint\\MoveToPoint-500022.pt"
            ]
        }
    },
    "metadata": {
        "stats_format_version": "0.3.0",
        "mlagents_version": "0.26.0",
        "torch_version": "1.7.1+cu110"
    }
}